first author name,journal,year,pubmedid,species,gene or protein name,drug,mutation,confidence score,MIC,strain origin if available,notes,species_synonyms,ortho_homolog,drug_usage,host,Strongest resistance evidence reported,Strongest sensitivity evidence reported,ortho_mut,ortho_res,accession number for protein name,UniProt,strain_ID,geographic_region,Host_species
Chechi,Pesticide Biochemistry and Physiology,2019,31378355,Colletotrichum siamense,Beta-tubulin,Thiophanate-methyl,E198A,7,>100 μg/mL (EC50),Environment,Host: Fruit trees; Drug family: Methyl benzimidazole carbamates (MBCs); partial gene,,Beta-tubulin,Agricultural,plant,7,,OM_0006,OR_0005,AXL97629.1,GenBank,IL_AO3,India,Capsicum annuum
Luo,Plant Disease,2021,33206015,Colletotrichum siamense,Beta-tubulin,Thiophanate-methyl,E198A,7,>100 μg/mL (EC50),Environment,Host: Wide range; Drug family: Methyl benzimidazole carbamates (MBCs); Partial gene,,Beta-tubulin,Agricultural,plant,7,,OM_0006,OR_0005,AFP34674.1,GenBank,Not indicated,USA,Malus domestica
Gi,Crop Protection,2022,https://doi.org/10.1016/j.cropro.2022.106016,Diaporthe eres,Beta-tubulin,Thiophanate-methyl,E198A,7,<1000 ppm (EC50),Environment,Host: Wide range; Drug family: Methyl benzimidazole carbamates (MBCs); Partial gene,,Beta-tubulin,Agricultural,plant,7,,OM_0006,OR_0005,AWT23850.1,GenBank,D-3,Hungary,Vitis vinifera
Gi,Crop Protection,2022,https://doi.org/10.1016/j.cropro.2022.106016,Diaporthe unshiuensis,Beta-tubulin,Thiophanate-methyl,E198A,7,<10 ppm (EC50),Environment,Host: Wide range; Drug family: Methyl benzimidazole carbamates (MBCs); Partial gene,,Beta-tubulin,Agricultural,plant,7,,OM_0006,OR_0005,WHM53209.1,GenBank,D-45,China,Citrus sinensis
Gi,Crop Protection,2022,https://doi.org/10.1016/j.cropro.2022.106016,Diaporthe eres,Beta-tubulin,Thiophanate-methyl,F200Y,7,<1000 ppm (EC50),Environment,Host: Wide range; Drug family: Methyl benzimidazole carbamates (MBCs); Partial gene,,Beta-tubulin,Agricultural,plant,7,,OM_0010,OR_0006,AWT23850.1,GenBank,D-2,Hungary,Vitis vinifera
Gi,Crop Protection,2022,https://doi.org/10.1016/j.cropro.2022.106016,Diaporthe unshiuensis,Beta-tubulin,Thiophanate-methyl,F200Y,7,<1000 ppm (EC50),Environment,Host: Wide range; Drug family: Methyl benzimidazole carbamates (MBCs); Partial gene,,Beta-tubulin,Agricultural,plant,7,,OM_0010,OR_0006,WHM53209.1,GenBank,D-46,China,Citrus sinensis
Zhong,Plant disease,2021,33186074,Colletotrichum siamense,Beta-tubulin,Carbendazim,F200Y,7,100 μg/mL,Environment,Partial gene,,Beta-tubulin,Agricultural,plant,7,,OM_0010,OR_0006,AXL97514.1,,C2,India,Capsicum annum
Leite,Plant Pathology,2020,https://doi.org/10.1111/ppa.13229,Colletotrichum musae,Beta-tubulin,Thiabendazole,F200Y,7,80.35 µg/mL (EC50),Lab,Isolate GenBank accession number: KY711365.1. Partial gene,,Beta-tubulin,Agricultural,plant,7,,OM_0010,OR_0006,AVG44187.1,GenBank,RP3,Brazil,Musa sp
Poti,Journal of Phytopathology,2020,https://doi.org/10.1111/jph.12888,Colletotrichum truncatum,Beta-tubulin,Carbendazim,F200Y,7,1.127 µg/mL (EC50),Environment,,,Beta-tubulin,Agricultural,plant,7,,OM_0010,OR_0006,AXL97559.1,GenBank,CtPhS_1,India,Capsicum annum
Zhong,Plant disease,2021,33186074,Colletotrichum fructicola,Beta-tubulin,Carbendazim,F200Y,7,100 μg/mL,Environment,Partial gene,,Beta-tubulin,Agricultural,plant,7,,OM_0010,OR_0006,AXL97503.1,GenBank,C39,India,Capsicum annum
Carter,Pest Management Science,2013,23760810,Pyrenopeziza brassicae,Beta-tubulin,Carbendazim,L240F,7,0.5 μg/mL (logEC50),Lab,Host: Brassicaceae; Drug family: Methyl benzimidazole carbamates (MBCs); Partial gene,,Beta-tubulin,Agricultural,plant,7,,OM_0011,OR_0007,AGH62404.1,GenBank,WC3,India,Capsicum annum
Tucker,Pest Management Science,2019,31595590,Blumeria graminis f. sp. hordei,Cyp51,Fluquinconazole,Y136F,1,10 μg/mL (EC50),Environment,Host: Wheat; Drug family: Azole; ,,Cyp51,Agricultural,plant,1,,OM_1016,OR_0072,CAE18105.1,Genbak,pYES-Bgh51_Y137F,France,Hordeum vulgare
Tucker,Pest Management Science,2019,31595590,Blumeria graminis f. sp. hordei,Cyp51,Epoxiconazole,Y136F,1,4 μg/mL (EC50),Environment,Host: Wheat; Drug family: Azole; ,,Cyp51,Agricultural,plant,1,,OM_1016,OR_0072,CAE18105.1,Genbak,pYES-Bgh51_Y137F,France,Hordeum vulgare
Zulak,Frontiers in Microbiology,2018,29706938,Blumeria graminis,Cyp51,Triadimenol,Y136F,8,Not determined,Environment,Host: Barley; Drug family: Azole; ,"Erysiphe graminis,Oidium monilioides,Oidium tritici",Cyp51,Agricultural,plant,7,,OM_1016,OR_0072,CAE18105.1,Genbak,Not indicated,France,Hordeum vulgare
McDonald,Applied and Environmental Microbiology,2019,30530713,Zymoseptoria tritici,Cyp51,Tebuconazole,Y137F,7,0.9 μg/mL (EC50),Environment,Host: Wheat; Drug family: Azole; With isolates genome sequencing,Mycosphaerella graminicola,Cyp51,Agricultural,plant,7,,OM_1016,OR_0072,AKA94187.1,GenBank,A3,USA:Oregon,
McDonald,Applied and Environmental Microbiology,2019,30530713,Zymoseptoria tritici,Cyp51,Epoxiconazole,Y137F,7,0.3 μg/mL (EC50),Environment,Host: Wheat; Drug family: Azole; With isolates genome sequencing,Mycosphaerella graminicola,Cyp51,Agricultural,plant,7,,OM_1016,OR_0072,AKA94187.1,GenBank,A3,USA:Oregon,
Estep,Plant Pathology,2014,https://doi.org/10.1111/ppa.12314,Zymoseptoria tritici,Cyp51,Propiconazole,Y137F,7,Not determined,Environment,Host: Wheat; Drug family: Azole; ,Mycosphaerella graminicola,Cyp51,Agricultural,plant,7,,OM_1016,OR_0072,AKA94187.1,GenBank,Not indicated,USA:Oregon,
Qian,Pest Management Science,2018,29274114,Fusarium graminearum,Cyp51B,Tebuconazole,Y137H,1,0.541 μg/mL (EC50),Clinical,Host: Wheat; Drug family: Azole; partial gene,,Cyp51,Agricultural,plant,1,,OM_1018,OR_0072,WXC55184.1,GenBank,Not indicated,"USA: Georgetown, Minnessota",
Qian,Pest Management Science,2018,29274114,Fusarium graminearum,Cyp51B,Tebuconazole,Y137H,1,0.541 μg/mL (EC50),Clinical,Host: Wheat; Drug family: Azole; partial gene,,Cyp51,Agricultural,plant,1,,OM_1018,OR_0072,MP938485,GenBank,Not indicated,,
Wei,Journal of Agricultural and Food Chemistry,2022,36102348,Colletotrichum acutatum,Cyp51A,Tebuconazole,Y128H,1,0.53 μg/mL (EC50),Lab,Host: Lupinus; Drug family: Azole; ,,Cyp51,Agricultural,plant,1,,OM_1018,OR_0072,AVT56116.1,GenBank,CaCYP51AY128H,Brazil: Sao Paulo,Fragaria ananassa
Wang,Scientific reports,2015,26631591,Ustilaginoidea virens,Cyp51,Tebuconazole,Y137H,1,0.6 µg/mL (EC50),Lab,,Villosiclava virens,Cyp51,Agricultural,plant,1,,OM_1018,OR_0072,AVD29821.1,GenBank,,China:Fujian,rice
Estep,Plant Pathology,2014,https://doi.org/10.1111/ppa.12314,Zymoseptoria tritici,Cyp51,Propiconazole,M145L,7,Not determined,Environment,Host: Wheat; Drug family: Azole; ,Mycosphaerella graminicola,Cyp51,Agricultural,plant,7,,OM_1173,OR_0080,AKA94187.1,GenBank,Not indicated,USA:Oregon,
Wyand,Fungal Genetics and Biology,2005,15916909,Blumeria graminis f. sp. hordei,Cyp51,Triadimenol,K147Q,4,3 g/kg (ED50),Environment,Host: Wheat; Drug family: Azole; ,,Cyp51,Agricultural,plant,4,,OM_1233,OR_0083,CAE18105.1,Genbak,CC212,France,Hordeum vulgare
Schmitz,Pest Management Science,2014,23589453,Phakopsora pachyrhizi,Cyp51,Cyproconazole,I145F,7,0.3-4 μg/mL (ED50),Environment,Host: Soybean; Drug family: Azole; Protein: eburicol 14 alpha demethylase,,Cyp51,Agricultural,plant,7,,OM_1281,OR_0086,KAI8452430.1,GenBank,Not indicated,Brazil: Mate Grosso,
Schmitz,Pest Management Science,2014,23589453,Phakopsora pachyrhizi,Cyp51,Epoxiconazole,I145F,7,0.3-4 μg/mL (ED50),Environment,Host: Soybean; Drug family: Azole; Protein: eburicol 14 alpha demethylase,,Cyp51,Agricultural,plant,7,,OM_1281,OR_0086,KAI8452430.1,GenBank,Not indicated,Brazil: Mate Grosso,
Schmitz,Pest Management Science,2014,23589453,Phakopsora pachyrhizi,Cyp51,Metconazole,I145F,7,0.3-4 μg/mL (ED50),Environment,Host: Soybean; Drug family: Azole; Protein: eburicol 14 alpha demethylase,,Cyp51,Agricultural,plant,7,,OM_1281,OR_0086,KAI8452430.1,GenBank,Not indicated,Brazil: Mate Grosso,
Schmitz,Pest Management Science,2014,23589453,Phakopsora pachyrhizi,Cyp51,Tebuconazole,I145F,7,0.3-4 μg/mL (ED50),Environment,Host: Soybean; Drug family: Azole; Protein: eburicol 14 alpha demethylase,,Cyp51,Agricultural,plant,7,,OM_1281,OR_0086,KAI8452430.1,GenBank,Not indicated,Brazil: Mate Grosso,
Estep,Plant Pathology,2014,https://doi.org/10.1111/ppa.12314,Zymoseptoria tritici,Cyp51,Propiconazole,Y459C,7,Not determined,Environment,Host: Wheat; Drug family: Azole; ,Mycosphaerella graminicola,Cyp51,Agricultural,plant,7,,OM_3118,OR_0202,AKA94187.1,GenBank,Not indicated,USA:Oregon,
Estep,Plant Pathology,2014,https://doi.org/10.1111/ppa.12314,Zymoseptoria tritici,Cyp51,Propiconazole,Y459D,7,Not determined,Environment,Host: Wheat; Drug family: Azole; ,Mycosphaerella graminicola,Cyp51,Agricultural,plant,7,,OM_3119,OR_0202,AKA94187.1,GenBank,Not indicated,USA:Oregon,
Estep,Plant Pathology,2014,https://doi.org/10.1111/ppa.12314,Zymoseptoria tritici,Cyp51,Propiconazole,G460D,7,Not determined,Environment,Host: Wheat; Drug family: Azole; ,Mycosphaerella graminicola,Cyp51,Agricultural,plant,7,,OM_3139,OR_0203,AKA94187.1,GenBank,Not indicated,USA:Oregon,
Estep,Plant Pathology,2014,https://doi.org/10.1111/ppa.12314,Zymoseptoria tritici,Cyp51,Propiconazole,Y461H,7,Not determined,Environment,Host: Wheat; Drug family: Azole; ,Mycosphaerella graminicola,Cyp51,Agricultural,plant,7,,OM_3161,OR_0204,AKA94187.1,GenBank,Not indicated,USA:Oregon,
Estep,Plant Pathology,2014,https://doi.org/10.1111/ppa.12314,Zymoseptoria tritici,Cyp51,Propiconazole,Y461S,7,Not determined,Environment,Host: Wheat; Drug family: Azole; ,Mycosphaerella graminicola,Cyp51,Agricultural,plant,7,,OM_3170,OR_0204,AKA94187.1,GenBank,Not indicated,USA:Oregon,
Rodero,Antimicrobial Agents and Chemotherapy,2003,14576140,Cryptococcus neoformans,Erg11,Fluconazole,G484S,7,16 μg/mL,Clinical,Host: Human; Drug family: Azole; ,,Cyp51,Clinical,human&animal,7,,OM_3360,OR_0214,WIV42398.1,GenBank,Strain 5,Colombia,
Tucker,Pest Management Science,2019,31595590,Blumeria graminis f. sp. hordei,Cyp51,Propiconazole,S509T,1,12.4 μg/mL (EC50),Environment,Host: Wheat; Drug family: Azole; ,,Cyp51,Agricultural,plant,1,,OM_3858,OR_0242,CAE18105.1,Genbak,pYES-Bgh51_S524T,France,Hordeum vulgare
Estep,Plant Pathology,2014,https://doi.org/10.1111/ppa.12314,Zymoseptoria tritici,Cyp51,Propiconazole,S524T,7,Not determined,Environment,Host: Wheat; Drug family: Azole; ,Mycosphaerella graminicola,Cyp51,Agricultural,plant,2,,OM_3858,OR_0242,AKA94187.1,GenBank,Not indicated,USA:Oregon,
Sierotzki,Pest Management Science,2007,17212344,Pyrenophora tritici-repentis,Cytochrome b,Azoxystrobin,F129L,7,0.2-10 μg/mL (logEC50),Environment,Host: Wheat; Drug family: Quinone-outside inhibitor; ,,Cytochrome b,Agricultural,plant,7,,OM_3880,OR_0244,WPB15229.1,GenBank,Not indicated,Germany,Triticum aestivum
Luo,Plant Disease,2021,33206015,Colletotrichum nymphaeae,Cytochrome b,Azoxystrobin,F129L,7,7.8 μg/mL (EC50),Environment,Host: Strawberry; Drug family: Quinone-outside inhibitor; Partial gene,,Cytochrome b,Agricultural,plant,7,,OM_3880,OR_0244,UAM96415.1,GenBank,Not indicated,USA,Strawberry cv. Chandler
Forcelini,Plant disease,2016,30683005,Colletotrichum acutatum,Cytochrome b,Pyraclostrobin,F129L,7,>0.11 μg/mL (EC50),Environment,Partial gene,,Cytochrome b,Agricultural,plant,7,,OM_3880,OR_0244,QCS27704.1,GenBank,13-494,Brazil: Sao Paulo,Citrus sinensis
Sierotzki,Pest Management Science,2007,17212344,Pyrenophora tritici-repentis,Cytochrome b,Azoxystrobin,G137R,7,0.2-10 μg/mL (logEC50),Environment,Host: Wheat; Drug family: Quinone-outside inhibitor; ,,Cytochrome b,Agricultural,plant,7,,OM_3881,OR_0245,WPB15229.1,GenBank,Not indicated,Germany,Triticum aestivum
Sierotzki,Pest Management Science,2007,17212344,Pyrenophora tritici-repentis,Cytochrome b,Azoxystrobin,G143A,7,2-100 μg/mL (logEC50),Environment,Host: Wheat; Drug family: Quinone-outside inhibitor; ,,Cytochrome b,Agricultural,plant,7,,OM_3882,OR_0246,WPB15229.1,GenBank,Not indicated,Germany,Triticum aestivum
Chechi,Pesticide Biochemistry and Physiology,2019,31378355,Colletotrichum siamense,Cytochrome b,Azoxystrobin,G143A,7,>100 μg/mL (EC50),Environment,Host: Fruit trees; Drug family: Quinone-outside inhibitor; ,,Cytochrome b,Agricultural,plant,7,,OM_3882,OR_0246,AKC42429.1,GenBank,IL_AO1,USA,Peach
Luo,Plant Disease,2021,33206015,Colletotrichum nymphaeae,Cytochrome b,Azoxystrobin,G143A,7,>100 μg/mL (EC50),Environment,Host: Strawberry; Drug family: Quinone-outside inhibitor; Partial gene,,Cytochrome b,Agricultural,plant,7,,OM_3882,OR_0246,UAM96415.1,GenBank,Not indicated,USA,Strawberry cv. Chandler
Luo,Plant Disease,2021,33206015,Colletotrichum siamense,Cytochrome b,Azoxystrobin,G143A,7,>100 μg/mL (EC50),Environment,Host: Wide range; Drug family: Quinone-outside inhibitor; Partial gene,,Cytochrome b,Agricultural,plant,7,,OM_3882,OR_0246,AKC42425.1,GenBank,Not indicated,USA,Peach
Cowger,Phytopathology,2022,34156265,Blumeria graminis f. sp. tritici,Cytochrome b,Pyraclostrobin,G143A,2,11.2 μg/mL (EC50),Environment,Host: Wheat; Drug family: Quinone-outside inhibitor; ,,Cytochrome b,Agricultural,plant,2,,OM_3882,OR_0246,CAC06397.1,Genbak,Fel09,Germany,
Cowger,Phytopathology,2022,34156265,Blumeria graminis f. sp. tritici,Cytochrome b,Picoxystrobin,G143A,2,5.3 μg/mL (EC50),Environment,Host: Wheat; Drug family: Quinone-outside inhibitor; ,,Cytochrome b,Agricultural,plant,2,,OM_3882,OR_0246,CAC06397.1,Genbak,Fel09,Germany,
Zhou,Crop Protection,2019,http://dx.doi.org/10.1016/j.cropro.2019.104942,Cercospora sojina,Cytochrome b,Azoxystrobin,G143A,7,18 ppm (EC50),Environment,Host: Soybean; Drug family: Quinone-outside inhibitor; Pyrosequencing. Accession number of partial gene,,Cytochrome b,Agricultural,plant,7,,OM_3882,OR_0246,UUJ36756.1,Genbak,Not indicated,USA,Glycine max
Sierotzki,Pest Management Science,2000,https://doi.org/10.1002/1526-4998(200010)56:10%3C833::AID-PS200%3E3.0.CO;2-Q,Mycosphaerella fijiensis,Cytochrome b,Azoxystrobin,G140A,7,20.41 μM (IC50),Environment,Host: Banana tree; Drug family: Quinone-outside inhibitor; ,Pseudocercospora fijiensis,Cytochrome b,Agricultural,plant,7,,OM_3882,OR_0246,QDO71962.1,GenBank,Not indicated,Colombia,
Erreguerena,Journal of Plant Diseases and Protection,2022,https://doi.org/10.1007/s41348-022-00645-0,Ramularia collo-cygni,Cytochrome b,Azoxystrobin,G143A,7,4.6 μg/mL (EC50),Environment,Host: Barley; Drug family: Quinone-outside inhibitor; Partial gene,,Cytochrome b,Agricultural,plant,7,,OM_3882,OR_0246,CBF42297.1,GenBank,Not indicated,"UK:Scotland,Edinburgh",Hordeum vulgare
Yokosawa,Journal of General Plant Pathology,2017,https://doi.org/10.1007/s10327-017-0732-9,Colletotrichum fructicola,Cytochrome b,Benomyl,G143A,7,1250 μg/mL (EC50),Environment,,,Cytochrome b,Agricultural,plant,7,,OM_3882,OR_0246,XAG98963.1,GenBank,MAFF 244305,South Korea,Apple
Yokosawa,Journal of General Plant Pathology,2017,https://doi.org/10.1007/s10327-017-0732-9,Colletotrichum fructicola,Cytochrome b,Azoxystrobin,G143A,7,100 μg/mL (EC50),Environment,,,Cytochrome b,Agricultural,plant,7,,OM_3882,OR_0246,XAG98963.1,GenBank,MAFF 244305,South Korea,Apple
Avila-Adame,Plant disease,2003,30812383,Colletotrichum graminicola,Cytochrome b,Azoxystrobin,G143A,7,>10 μg/mL (ED50),Environment,ED50: Dose for 50% of the population to obtain the therapeutic effect.,,Cytochrome b,Agricultural,plant,7,,OM_3882,OR_0246,WDK23856.1,GenBank,K3628,USA: Missouri,Zea mays
Forcelini,Plant disease,2016,30683005,Colletotrichum acutatum,Cytochrome b,Azoxystrobin,G143A,7,>3 μg/mL (EC50),Environment,Partial gene,,Cytochrome b,Agricultural,plant,7,,OM_3882,OR_0246,QCS27704.1,GenBank,14-87,Brazil: Sao Paulo,Citrus sinensis
Neves,Plant Disease,2022,35394334,Septoria glycines,Cytochrome b,Azoxystrobin,G143A,7,0.028 µg/mL (EC50),Environment,,,Cytochrome b,Agricultural,plant,7,,OM_3882,OR_0246,UEP86625.1,GenBank,13SG114381,USA,soybean
Ohyama,Antimicrobial Agents and Chemotherapy,2004,14693557,Saccharomyces cerevisiae,Fks1,Arborcandin C,N470K,1,50 μg/mL (IC50),Lab,"Host: Human; Drug family: Cyclic lipopeptides (1,3-β-Glucan Synthase Inhibitor); ",,Fks,Experimental,human&animal,1,,OM_3922,OR_0284,KZV09586.1,GenBank,ACR79-5,Costa Rica,banana
Carolus,mBio,2021,33820824,Candidozyma auris,Fks1,Caspofungin,F635del,7,64 µg/mL,Evolved,"Resistance measured with MIC50. Important, strain exposed to caspofungin and isolated at 3 days. Mutation previously described in C. glabrata (Johnson et al, AAC, 2011) and C. auris (Alfouzan et al, JFungi, 2020)",Candida auris,Fks,Clinical,human&animal,7,,OM_3946,OR_0288,KAK8441599,NCBI,C3,Pakistan,Homo Sapiens
Ohyama,Antimicrobial Agents and Chemotherapy,2004,14693557,Saccharomyces cerevisiae,Fks1,Arborcandin C,L642S,1,9.2 μg/mL (IC50),Lab,"Host: Human; Drug family: Cyclic lipopeptides (1,3-β-Glucan Synthase Inhibitor); ",,Fks,Experimental,human&animal,1,,OM_4002,OR_0291,KZV09586.1,GenBank,ACR1A3,Costa Rica,banana
Chowdhary,Journal of Antimicrobial Chemotherapy,2018,29325167,Candidozyma auris,Fks1,Micafungin,S639F,8,64 μg/mL,Clinical,Host: Human; Drug family: Echinocandin; ,Candida auris,Fks,Clinical,human&animal,8,-8,OM_4012,OR_0292,WHL58497.1,Genbak,VPCI 45/13,Brazil,
Chowdhary,Journal of Antimicrobial Chemotherapy,2018,29325167,Candidozyma auris,Fks1,Caspofungin,S639F,8,64 μg/mL,Clinical,Host: Human; Drug family: Echinocandin; ,Candida auris,Fks,Clinical,human&animal,8,-8,OM_4012,OR_0292,WHL58497.1,Genbak,VPCI 45/13,Brazil,
Chowdhary,Journal of Antimicrobial Chemotherapy,2018,29325167,Candidozyma auris,Fks1,Anidulafungin,S639F,8,64 μg/mL,Clinical,Host: Human; Drug family: Echinocandin; ,Candida auris,Fks,Clinical,human&animal,8,-8,OM_4012,OR_0292,WHL58497.1,Genbak,VPCI 45/13,Brazil,
Berkow,Diagnostic Microbiology and Infectious Disease,2018,29307565,Candidozyma auris,Fks1,CD101,S639P,8,4 μg/mL,Unknown,Host: Human; Drug family: Echinocandin; ,Candida auris,Fks,Experimental,human&animal,8,,OM_4020,OR_0292,WHL58497.1,Genbak,B11211,Brazil,
Berkow,Diagnostic Microbiology and Infectious Disease,2018,29307565,Candidozyma auris,Fks1,Anidulafungin,S639P,8,8 μg/mL,Unknown,Host: Human; Drug family: Echinocandin; ,Candida auris,Fks,Clinical,human&animal,8,,OM_4020,OR_0292,WHL58497.1,Genbak,B11211,Brazil,
Hirayama,Antimicrobial Agents and Chemotherapy,2023,36920237,Candidozyma auris,Fks1,Micafungin,S639Y,7,8 μg/mL,Clinical,Host: Human; Drug family: Echinocandin; ,Candida auris,Fks,Clinical,human&animal,7,,OM_4028,OR_0292,WHL58497.1,Genbak,1,Brazil,
Hirayama,Antimicrobial Agents and Chemotherapy,2023,36920237,Candidozyma auris,Fks1,Caspofungin,S639Y,7,>8 μg/mL,Clinical,Host: Human; Drug family: Echinocandin; ,Candida auris,Fks,Clinical,human&animal,7,,OM_4028,OR_0292,WHL58497.1,Genbak,1,Brazil,
Hirayama,Antimicrobial Agents and Chemotherapy,2023,36920237,Candidozyma auris,Fks1,Anidulafungin,S639Y,7,>8 μg/mL,Clinical,Host: Human; Drug family: Echinocandin; ,Candida auris,Fks,Clinical,human&animal,7,,OM_4028,OR_0292,WHL58497.1,Genbak,1,Brazil,
Rhodes,Emerging Microbes and Infections,2018,29593275,Candidozyma auris,Fur1,5-fluorocytosine,F211I,7,Not determined,Clinical,Host: Human; Drug family: Fluorinated pyrimidine analogue; ,Candida auris,Fur1,Clinical,human&animal,7,,OM_4392,OR_0398,KNE02673.2,Genbak,Not indicated,India:Bengaluru,Homo Sapiens
Zhu,Pesticide Biochemistry and Physiology,2022,35973770,Corynespora cassiicola,SdhC,Boscalid,S73P,7,0.9 μg/mL (logEC50),Environment,Host: Curcubits; Drug family: SDHI (succinate dehydrogenase inhibitor); ,,Sdh,Agricultural,human&plant,7,,OM_4560,OR_0530,BAJ07114.1,GenBank,Not indicated,Japan:ibaraki,Cucumus sativus
Zhu,Pesticide Biochemistry and Physiology,2022,35973770,Corynespora cassiicola,SdhC,Fluopyram,S73P,7,0.8 μg/mL (logEC50),Environment,Host: Curcubits; Drug family: SDHI (succinate dehydrogenase inhibitor); ,,Sdh,Agricultural,human&plant,7,,OM_4560,OR_0530,BAJ07114.1,GenBank,Not indicated,Japan:ibaraki,Cucumus sativus
Zhu,Pesticide Biochemistry and Physiology,2022,35973770,Corynespora cassiicola,SdhC,Fluxapyroxad,S73P,7,-0.2 μg/mL (logEC50),Environment,Host: Curcubits; Drug family: SDHI (succinate dehydrogenase inhibitor); ,,Sdh,Agricultural,human&plant,7,,OM_4560,OR_0530,BAJ07114.1,GenBank,Not indicated,Japan:ibaraki,Cucumus sativus
Zhu,Pesticide Biochemistry and Physiology,2022,35973770,Corynespora cassiicola,SdhC,Isopyrazam,S73P,7,-0.2 μg/mL (logEC50),Environment,Host: Curcubits; Drug family: SDHI (succinate dehydrogenase inhibitor); ,,Sdh,Agricultural,human&plant,7,,OM_4560,OR_0530,BAJ07114.1,GenBank,Not indicated,Japan:ibaraki,Cucumus sativus
Miyamoto,Plant Pathology,2010,https://doi.org/10.1111/j.1365-3059.2010.02321.x,Corynespora cassiicola,SdhC,Boscalid,S73P,7,4.5 μg/mL (EC50),Environment,Host: Curcubits; Drug family: SDHI (succinate dehydrogenase inhibitor); ,,Sdh,Agricultural,human&plant,7,,OM_4560,OR_0530,BAJ07114.1,GenBank,IbCor1482,Japan:ibaraki,Cucumus sativus
Rehfus,Pest Management Science,2016,26823120,Pyrenophora teres,SdhC,Penthiopyrad,N75S,7,1 μg/mL (EC50),Environment,"Host: Barley; Drug family: SDHI (succinate dehydrogenase inhibitor); Fungicides tested in this study: penthiopyrad, isopyrazam, benzovindiflupyr, fluxapyroxad, bixafen",,Sdh,Agricultural,plant,7,,OM_4562,OR_0531,WHS68178.1,GenBank,Not indicated,Uruguay,Barley   
Rehfus,Pest Management Science,2016,26823120,Pyrenophora teres,SdhC,Isopyrazam,N75S,7,0.5 μg/mL (EC50),Environment,"Host: Barley; Drug family: SDHI (succinate dehydrogenase inhibitor); Fungicides tested in this study: penthiopyrad, isopyrazam, benzovindiflupyr, fluxapyroxad, bixafen",,Sdh,Agricultural,plant,7,,OM_4562,OR_0531,WHS68178.1,GenBank,Not indicated,Uruguay,Barley   
Rehfus,Pest Management Science,2016,26823120,Pyrenophora teres,SdhC,Benzovindiflupyr,N75S,7,0.40 μg/mL (EC50),Environment,"Host: Barley; Drug family: SDHI (succinate dehydrogenase inhibitor); Fungicides tested in this study: penthiopyrad, isopyrazam, benzovindiflupyr, fluxapyroxad, bixafen",,Sdh,Agricultural,plant,7,,OM_4562,OR_0531,WHS68178.1,GenBank,Not indicated,Uruguay,Barley   
Zhu,Pesticide Biochemistry and Physiology,2022,35973770,Corynespora cassiicola,SdhC,Boscalid,N75S,7,0.6 μg/mL (logEC50),Environment,Host: Curcubits; Drug family: SDHI (succinate dehydrogenase inhibitor); ,,Sdh,Agricultural,human&plant,7,,OM_4562,OR_0531,BAJ07114.1,GenBank,Not indicated,Japan:ibaraki,Cucumus sativus
Zhu,Pesticide Biochemistry and Physiology,2022,35973770,Corynespora cassiicola,SdhC,Fluopyram,N75S,7,0.6 μg/mL (logEC50),Environment,Host: Curcubits; Drug family: SDHI (succinate dehydrogenase inhibitor); ,,Sdh,Agricultural,human&plant,7,,OM_4562,OR_0531,BAJ07114.1,GenBank,Not indicated,Japan:ibaraki,Cucumus sativus
Zhu,Pesticide Biochemistry and Physiology,2022,35973770,Corynespora cassiicola,SdhC,Fluxapyroxad,N75S,7,0.5 μg/mL (logEC50),Environment,Host: Curcubits; Drug family: SDHI (succinate dehydrogenase inhibitor); ,,Sdh,Agricultural,human&plant,7,,OM_4562,OR_0531,BAJ07114.1,GenBank,Not indicated,Japan:ibaraki,Cucumus sativus
Zhu,Pesticide Biochemistry and Physiology,2022,35973770,Corynespora cassiicola,SdhC,Isopyrazam,N75S,7,0.3 μg/mL (logEC50),Environment,Host: Curcubits; Drug family: SDHI (succinate dehydrogenase inhibitor); ,,Sdh,Agricultural,human&plant,7,,OM_4562,OR_0531,BAJ07114.1,GenBank,Not indicated,Japan:ibaraki,Cucumus sativus
Rehfus,Pest Management Science,2016,26823120,Pyrenophora teres,SdhC,Fluxapyroxad,G79R,7,0.440 μg/mL (EC50),Environment,"Host: Barley; Drug family: SDHI (succinate dehydrogenase inhibitor); Fungicides tested in this study: penthiopyrad, isopyrazam, benzovindiflupyr, fluxapyroxad, bixafen",,Sdh,Agricultural,plant,7,,OM_4565,OR_0533,WHS68178.1,GenBank,Not indicated,Uruguay,Barley   
Rehfus,Pest Management Science,2016,26823120,Pyrenophora teres,SdhC,Bixafen,G79R,7,0.396 μg/mL (EC50),Environment,"Host: Barley; Drug family: SDHI (succinate dehydrogenase inhibitor); Fungicides tested in this study: penthiopyrad, isopyrazam, benzovindiflupyr, fluxapyroxad, bixafen",,Sdh,Agricultural,plant,7,,OM_4565,OR_0533,WHS68178.1,GenBank,Not indicated,Uruguay,Barley   
Rehfus,Pest Management Science,2016,26823120,Pyrenophora teres,SdhC,Penthiopyrad,G79R,7,5.9 μg/mL (EC50),Environment,"Host: Barley; Drug family: SDHI (succinate dehydrogenase inhibitor); Fungicides tested in this study: penthiopyrad, isopyrazam, benzovindiflupyr, fluxapyroxad, bixafen",,Sdh,Agricultural,plant,7,,OM_4565,OR_0533,WHS68178.1,GenBank,Not indicated,Uruguay,Barley   
Rehfus,Pest Management Science,2016,26823120,Pyrenophora teres,SdhC,Isopyrazam,G79R,7,1 μg/mL (EC50),Environment,"Host: Barley; Drug family: SDHI (succinate dehydrogenase inhibitor); Fungicides tested in this study: penthiopyrad, isopyrazam, benzovindiflupyr, fluxapyroxad, bixafen",,Sdh,Agricultural,plant,7,,OM_4565,OR_0533,WHS68178.1,GenBank,Not indicated,Uruguay,Barley   
Rehfus,Pest Management Science,2016,26823120,Pyrenophora teres,SdhD,Fluxapyroxad,D124E,7,0.054 μg/mL (EC50),Environment,"Host: Barley; Drug family: SDHI (succinate dehydrogenase inhibitor); Fungicides tested in this study: penthiopyrad, isopyrazam, benzovindiflupyr, fluxapyroxad, bixafen",,Sdh,Agricultural,plant,7,,OM_4566,OR_0534,WHS68200.1,GenBank,Not indicated,Uruguay,Barley   
Rehfus,Pest Management Science,2016,26823120,Pyrenophora teres,SdhD,Bixafen,D124E,7,0.045 μg/mL (EC50),Environment,"Host: Barley; Drug family: SDHI (succinate dehydrogenase inhibitor); Fungicides tested in this study: penthiopyrad, isopyrazam, benzovindiflupyr, fluxapyroxad, bixafen",,Sdh,Agricultural,plant,7,,OM_4566,OR_0534,WHS68200.1,GenBank,Not indicated,Uruguay,Barley   
Rehfus,Pest Management Science,2016,26823120,Pyrenophora teres,SdhD,Benzovindiflupyr,D124E,7,0.073 μg/mL (EC50),Environment,"Host: Barley; Drug family: SDHI (succinate dehydrogenase inhibitor); Fungicides tested in this study: penthiopyrad, isopyrazam, benzovindiflupyr, fluxapyroxad, bixafen",,Sdh,Agricultural,plant,7,,OM_4566,OR_0534,WHS68200.1,GenBank,Not indicated,Uruguay,Barley   
Rehfus,Pest Management Science,2016,26823120,Pyrenophora teres,SdhD,Isopyrazam,D124E,7,0.159 μg/mL (EC50),Environment,"Host: Barley; Drug family: SDHI (succinate dehydrogenase inhibitor); Fungicides tested in this study: penthiopyrad, isopyrazam, benzovindiflupyr, fluxapyroxad, bixafen",,Sdh,Agricultural,plant,7,,OM_4566,OR_0534,WHS68200.1,GenBank,Not indicated,Uruguay,Barley   
Rehfus,Pest Management Science,2016,26823120,Pyrenophora teres,SdhD,Penthiopyrad,D124E,7,0.299 μg/mL (EC50),Environment,"Host: Barley; Drug family: SDHI (succinate dehydrogenase inhibitor); Fungicides tested in this study: penthiopyrad, isopyrazam, benzovindiflupyr, fluxapyroxad, bixafen",,Sdh,Agricultural,plant,7,,OM_4566,OR_0534,WHS68200.1,GenBank,Not indicated,Uruguay,Barley   
Zhu,Pesticide Biochemistry and Physiology,2022,35973770,Corynespora cassiicola,SdhD,Boscalid,D95E,7,0.8 μg/mL (logEC50),Environment,Host: Curcubits; Drug family: SDHI (succinate dehydrogenase inhibitor); ,,Sdh,Agricultural,human&plant,7,,OM_4566,OR_0534,BAJ07117.1,GenBank,Not indicated,Japan:ibaraki,Cucumus sativus
Zhu,Pesticide Biochemistry and Physiology,2022,35973770,Corynespora cassiicola,SdhD,Fluopyram,D95E,7,0.5 μg/mL (logEC50),Environment,Host: Curcubits; Drug family: SDHI (succinate dehydrogenase inhibitor); ,,Sdh,Agricultural,human&plant,7,,OM_4566,OR_0534,BAJ07117.1,GenBank,Not indicated,Japan:ibaraki,Cucumus sativus
Zhu,Pesticide Biochemistry and Physiology,2022,35973770,Corynespora cassiicola,SdhD,Fluxapyroxad,D95E,7,-0.4 μg/mL (logEC50),Environment,Host: Curcubits; Drug family: SDHI (succinate dehydrogenase inhibitor); ,,Sdh,Agricultural,human&plant,7,,OM_4566,OR_0534,BAJ07117.1,GenBank,Not indicated,Japan:ibaraki,Cucumus sativus
Zhu,Pesticide Biochemistry and Physiology,2022,35973770,Corynespora cassiicola,SdhD,Isopyrazam,D95E,7,0.5 μg/mL (logEC50),Environment,Host: Curcubits; Drug family: SDHI (succinate dehydrogenase inhibitor); ,,Sdh,Agricultural,human&plant,7,,OM_4566,OR_0534,BAJ07117.1,GenBank,Not indicated,Japan:ibaraki,Cucumus sativus
Piotrowska,Pest managment science,2017,27644008,Ramularia collo-cygni,SdhC,Isopyrazam,H142Q,-4,0.688 (RF),Environment,RFs (EC50 of mutant/EC50 of parental isolate). UV mutagenesis.,,Sdh,Agricultural,plant,,-4,OM_4567,OR_0535,AQT27053.1,GenBank,Mut8,Denmark,barley cv. Braemar
Piotrowska,Pest managment science,2017,27644008,Ramularia collo-cygni,SdhC,Bixafen,H142Q,4,10.69 (RF),Environment,RFs (EC50 of mutant/EC50 of parental isolate). UV mutagenesis.,,Sdh,Agricultural,plant,4,,OM_4567,OR_0535,AQT27053.1,GenBank,Mut8,Denmark,barley cv. Braemar
Piotrowska,Pest managment science,2017,27644008,Ramularia collo-cygni,SdhC,Boscalid,H142Q,4,1114 (RF),Environment,RFs (EC50 of mutant/EC50 of parental isolate). UV mutagenesis.,,Sdh,Agricultural,plant,4,,OM_4567,OR_0535,AQT27053.1,GenBank,Mut8,Denmark,barley cv. Braemar
Piotrowska,Pest managment science,2017,27644008,Ramularia collo-cygni,SdhC,Fluopyram,H142Q,4,15.91 (RF),Environment,RFs (EC50 of mutant/EC50 of parental isolate). UV mutagenesis.,,Sdh,Agricultural,plant,4,,OM_4567,OR_0535,AQT27053.1,GenBank,Mut8,Denmark,barley cv. Braemar
Piotrowska,Pest managment science,2017,27644008,Ramularia collo-cygni,SdhC,Carboxin,H142Q,4,19.19 (RF),Environment,RFs (EC50 of mutant/EC50 of parental isolate). UV mutagenesis.,,Sdh,Agricultural,plant,4,,OM_4567,OR_0535,AQT27053.1,GenBank,Mut8,Denmark,barley cv. Braemar
Rehfus,Pest Management Science,2016,26823120,Pyrenophora teres,SdhC,Fluxapyroxad,H134R,7,0.441 μg/mL (EC50),Environment,"Host: Barley; Drug family: SDHI (succinate dehydrogenase inhibitor); Fungicides tested in this study: penthiopyrad, isopyrazam, benzovindiflupyr, fluxapyroxad, bixafen",,Sdh,Agricultural,plant,7,,OM_4568,OR_0535,WHS68178.1,GenBank,Not indicated,Uruguay,Barley   
Rehfus,Pest Management Science,2016,26823120,Pyrenophora teres,SdhC,Bixafen,H134R,7,0.460 μg/mL (EC50),Environment,"Host: Barley; Drug family: SDHI (succinate dehydrogenase inhibitor); Fungicides tested in this study: penthiopyrad, isopyrazam, benzovindiflupyr, fluxapyroxad, bixafen",,Sdh,Agricultural,plant,7,,OM_4568,OR_0535,WHS68178.1,GenBank,Not indicated,Uruguay,Barley   
Rehfus,Pest Management Science,2016,26823120,Pyrenophora teres,SdhC,Benzovindiflupyr,H134R,7,0.751 μg/mL (EC50),Environment,"Host: Barley; Drug family: SDHI (succinate dehydrogenase inhibitor); Fungicides tested in this study: penthiopyrad, isopyrazam, benzovindiflupyr, fluxapyroxad, bixafen",,Sdh,Agricultural,plant,7,,OM_4568,OR_0535,WHS68178.1,GenBank,Not indicated,Uruguay,Barley   
Rehfus,Pest Management Science,2016,26823120,Pyrenophora teres,SdhC,Isopyrazam,H134R,7,2.5 μg/mL (EC50),Environment,"Host: Barley; Drug family: SDHI (succinate dehydrogenase inhibitor); Fungicides tested in this study: penthiopyrad, isopyrazam, benzovindiflupyr, fluxapyroxad, bixafen",,Sdh,Agricultural,plant,7,,OM_4568,OR_0535,WHS68178.1,GenBank,Not indicated,Uruguay,Barley   
Rehfus,Pest Management Science,2016,26823120,Pyrenophora teres,SdhC,Penthiopyrad,H134R,7,5.755 μg/mL (EC50),Environment,"Host: Barley; Drug family: SDHI (succinate dehydrogenase inhibitor); Fungicides tested in this study: penthiopyrad, isopyrazam, benzovindiflupyr, fluxapyroxad, bixafen",,Sdh,Agricultural,plant,7,,OM_4568,OR_0535,WHS68178.1,GenBank,Not indicated,Uruguay,Barley   
Rehfus,Pest Management Science,2016,26823120,Pyrenophora teres,SdhD,Penthiopyrad,H134R,7,1.1 μg/mL (EC50),Environment,"Host: Barley; Drug family: SDHI (succinate dehydrogenase inhibitor); Fungicides tested in this study: penthiopyrad, isopyrazam, benzovindiflupyr, fluxapyroxad, bixafen",,Sdh,Agricultural,plant,7,,OM_4568,OR_0535,WHS68200.1,GenBank,Not indicated,Uruguay,Barley   
Rehfus,Pest Management Science,2016,26823120,Pyrenophora teres,SdhD,Isopyrazam,H134R,7,0.6 μg/mL (EC50),Environment,"Host: Barley; Drug family: SDHI (succinate dehydrogenase inhibitor); Fungicides tested in this study: penthiopyrad, isopyrazam, benzovindiflupyr, fluxapyroxad, bixafen",,Sdh,Agricultural,plant,7,,OM_4568,OR_0535,WHS68200.1,GenBank,Not indicated,Uruguay,Barley   
Rehfus,Pest Management Science,2016,26823120,Pyrenophora teres,SdhD,Benzovindiflupyr,H134R,7,0.4 μg/mL (EC50),Environment,"Host: Barley; Drug family: SDHI (succinate dehydrogenase inhibitor); Fungicides tested in this study: penthiopyrad, isopyrazam, benzovindiflupyr, fluxapyroxad, bixafen",,Sdh,Agricultural,plant,7,,OM_4568,OR_0535,WHS68200.1,GenBank,Not indicated,Uruguay,Barley   
Zhu,Pesticide Biochemistry and Physiology,2022,35973770,Corynespora cassiicola,SdhC,Boscalid,H134R,7,1.9 μg/mL (logEC50),Environment,Host: Curcubits; Drug family: SDHI (succinate dehydrogenase inhibitor); ,,Sdh,Agricultural,human&plant,7,,OM_4568,OR_0535,BAJ07114.1,GenBank,Not indicated,Japan:ibaraki,Cucumus sativus
Zhu,Pesticide Biochemistry and Physiology,2022,35973770,Corynespora cassiicola,SdhC,Fluopyram,H134R,7,0.8 μg/mL (logEC50),Environment,Host: Curcubits; Drug family: SDHI (succinate dehydrogenase inhibitor); ,,Sdh,Agricultural,human&plant,7,,OM_4568,OR_0535,BAJ07114.1,GenBank,Not indicated,Japan:ibaraki,Cucumus sativus
Zhu,Pesticide Biochemistry and Physiology,2022,35973770,Corynespora cassiicola,SdhC,Fluxapyroxad,H134R,7,0.6 μg/mL (logEC50),Environment,Host: Curcubits; Drug family: SDHI (succinate dehydrogenase inhibitor); ,,Sdh,Agricultural,human&plant,7,,OM_4568,OR_0535,BAJ07114.1,GenBank,Not indicated,Japan:ibaraki,Cucumus sativus
Zhu,Pesticide Biochemistry and Physiology,2022,35973770,Corynespora cassiicola,SdhC,Isopyrazam,H134R,7,1 μg/mL (logEC50),Environment,Host: Curcubits; Drug family: SDHI (succinate dehydrogenase inhibitor); ,,Sdh,Agricultural,human&plant,7,,OM_4568,OR_0535,BAJ07114.1,GenBank,Not indicated,Japan:ibaraki,Cucumus sativus
Piotrowska,Pest managment science,2017,27644008,Ramularia collo-cygni,SdhC,Isopyrazam,H142R,4,44.1 (RF),Environment,RFs (EC50 of mutant/EC50 of parental isolate). UV mutagenesis.,,Sdh,Agricultural,plant,4,,OM_4568,OR_0535,AQT27053.1,GenBank,Mut7,Denmark,barley cv. Braemar
Piotrowska,Pest managment science,2017,27644008,Ramularia collo-cygni,SdhC,Bixafen,H142R,4,55.31 (RF),Environment,RFs (EC50 of mutant/EC50 of parental isolate). UV mutagenesis.,,Sdh,Agricultural,plant,4,,OM_4568,OR_0535,AQT27053.1,GenBank,Mut7,Denmark,barley cv. Braemar
Piotrowska,Pest managment science,2017,27644008,Ramularia collo-cygni,SdhC,Boscalid,H142R,4,1114 (RF),Environment,RFs (EC50 of mutant/EC50 of parental isolate). UV mutagenesis.,,Sdh,Agricultural,plant,4,,OM_4568,OR_0535,AQT27053.1,GenBank,Mut7,Denmark,barley cv. Braemar
Piotrowska,Pest managment science,2017,27644008,Ramularia collo-cygni,SdhC,Fluopyram,H142R,4,16.77 (RF),Environment,RFs (EC50 of mutant/EC50 of parental isolate). UV mutagenesis.,,Sdh,Agricultural,plant,4,,OM_4568,OR_0535,AQT27053.1,GenBank,Mut7,Denmark,barley cv. Braemar
Piotrowska,Pest managment science,2017,27644008,Ramularia collo-cygni,SdhC,Carboxin,H142R,4,32.8 (RF),Environment,RFs (EC50 of mutant/EC50 of parental isolate). UV mutagenesis.,,Sdh,Agricultural,plant,4,,OM_4568,OR_0535,AQT27053.1,GenBank,Mut7,Denmark,barley cv. Braemar
Sun,Pest Management Science,2017,27415408,Rhizoctonia cerealis,SdhC,Thifluzamide,H139Y,4,1.22-1.94 μg/mL (EC50),Lab,Host: Cereals; Drug family: SDHI (succinate dehydrogenase inhibitor); EC50 = effective concentration that results in 50% mycelial growth inhibition,,Sdh,Agricultural,plant,4,,OM_4569,OR_0535,ANG58742.1,GenBank,R1404-T1,"China,Nanjing,Jiangsu",Wheat
Sun,Pest Management Science,2017,27415408,Rhizoctonia cerealis,SdhC,Boscalid,H139Y,4,0.29-0.42 μg/mL (EC50),Lab,Host: Cereals; Drug family: SDHI (succinate dehydrogenase inhibitor); EC50 = effective concentration that results in 50% mycelial growth inhibition,,Sdh,Agricultural,plant,4,,OM_4569,OR_0535,ANG58742.1,GenBank,R1404-T1,"China,Nanjing,Jiangsu",Wheat
Sun,Pest Management Science,2017,27415408,Rhizoctonia cerealis,SdhC,Bixafen,H139Y,4,0.39-0.56 μg/mL (EC50),Lab,Host: Cereals; Drug family: SDHI (succinate dehydrogenase inhibitor); EC50 = effective concentration that results in 50% mycelial growth inhibition,,Sdh,Agricultural,plant,4,,OM_4569,OR_0535,ANG58742.1,GenBank,R1404-T1,"China,Nanjing,Jiangsu",Wheat
Sun,Pest Management Science,2017,27415408,Rhizoctonia cerealis,SdhC,Penflufen,H139Y,4,0.056-0.085 μg/mL (EC50),Lab,Host: Cereals; Drug family: SDHI (succinate dehydrogenase inhibitor); EC50 = effective concentration that results in 50% mycelial growth inhibition,,Sdh,Agricultural,plant,4,,OM_4569,OR_0535,ANG58742.1,GenBank,R1404-T1,"China,Nanjing,Jiangsu",Wheat
Sun,Pest Management Science,2017,27415408,Rhizoctonia cerealis,SdhD,Thifluzamide,H116Y,4,0.77-1.41 μg/mL (EC50),Lab,Host: Cereals; Drug family: SDHI (succinate dehydrogenase inhibitor); EC50 = effective concentration that results in 50% mycelial growth inhibition,,Sdh,Agricultural,plant,4,,OM_4569,OR_0535,ANG58743.1,GenBank,R1404-T2,"China,Nanjing,Jiangsu",wheat
Sun,Pest Management Science,2017,27415408,Rhizoctonia cerealis,SdhD,Boscalid,H116Y,4,0.18-0.42 μg/mL (EC50),Lab,Host: Cereals; Drug family: SDHI (succinate dehydrogenase inhibitor); EC50 = effective concentration that results in 50% mycelial growth inhibition,,Sdh,Agricultural,plant,4,,OM_4569,OR_0535,ANG58743.1,GenBank,R1404-T2,"China,Nanjing,Jiangsu",wheat
Sun,Pest Management Science,2017,27415408,Rhizoctonia cerealis,SdhD,Bixafen,H116Y,4,0.20-0.50 μg/mL (EC50),Lab,Host: Cereals; Drug family: SDHI (succinate dehydrogenase inhibitor); EC50 = effective concentration that results in 50% mycelial growth inhibition,,Sdh,Agricultural,plant,4,,OM_4569,OR_0535,ANG58743.1,GenBank,R1404-T2,"China,Nanjing,Jiangsu",wheat
Sun,Pest Management Science,2017,27415408,Rhizoctonia cerealis,SdhD,Penflufen,H116Y,4,0.054-0.134 μg/mL (EC50),Lab,Host: Cereals; Drug family: SDHI (succinate dehydrogenase inhibitor); EC50 = effective concentration that results in 50% mycelial growth inhibition,,Sdh,Agricultural,plant,4,,OM_4569,OR_0535,ANG58743.1,GenBank,R1404-T2,"China,Nanjing,Jiangsu",wheat
Rehfus,Pest Management Science,2016,26823120,Pyrenophora teres,SdhC,Benzovindiflupyr,S135R,7,0.612 μg/mL (EC50),Environment,"Host: Barley; Drug family: SDHI (succinate dehydrogenase inhibitor); Fungicides tested in this study: penthiopyrad, isopyrazam, benzovindiflupyr, fluxapyroxad, bixafen",,Sdh,Agricultural,plant,7,,OM_4570,OR_0536,WHS68178.1,GenBank,Not indicated,Uruguay,Barley   
Rehfus,Pest Management Science,2016,26823120,Pyrenophora teres,SdhC,Isopyrazam,S135R,7,1.478 μg/mL (EC50),Environment,"Host: Barley; Drug family: SDHI (succinate dehydrogenase inhibitor); Fungicides tested in this study: penthiopyrad, isopyrazam, benzovindiflupyr, fluxapyroxad, bixafen",,Sdh,Agricultural,plant,7,,OM_4570,OR_0536,WHS68178.1,GenBank,Not indicated,Uruguay,Barley   
Rehfus,Pest Management Science,2016,26823120,Pyrenophora teres,SdhC,Penthiopyrad,S135R,7,2 μg/mL (EC50),Environment,"Host: Barley; Drug family: SDHI (succinate dehydrogenase inhibitor); Fungicides tested in this study: penthiopyrad, isopyrazam, benzovindiflupyr, fluxapyroxad, bixafen",,Sdh,Agricultural,plant,7,,OM_4570,OR_0536,WHS68178.1,GenBank,Not indicated,Uruguay,Barley   
Zhu,Pesticide Biochemistry and Physiology,2022,35973770,Corynespora cassiicola,SdhD,Boscalid,G109V,7,1.1 μg/mL (logEC50),Environment,Host: Curcubits; Drug family: SDHI (succinate dehydrogenase inhibitor); ,,Sdh,Agricultural,human&plant,7,,OM_4571,OR_0537,BAJ07117.1,GenBank,Not indicated,Japan:ibaraki,Cucumus sativus
Zhu,Pesticide Biochemistry and Physiology,2022,35973770,Corynespora cassiicola,SdhD,Fluopyram,G109V,7,0.9 μg/mL (logEC50),Environment,Host: Curcubits; Drug family: SDHI (succinate dehydrogenase inhibitor); ,,Sdh,Agricultural,human&plant,7,,OM_4571,OR_0537,BAJ07117.1,GenBank,Not indicated,Japan:ibaraki,Cucumus sativus
Zhu,Pesticide Biochemistry and Physiology,2022,35973770,Corynespora cassiicola,SdhD,Fluxapyroxad,G109V,7,0.2 μg/mL (logEC50),Environment,Host: Curcubits; Drug family: SDHI (succinate dehydrogenase inhibitor); ,,Sdh,Agricultural,human&plant,7,,OM_4571,OR_0537,BAJ07117.1,GenBank,Not indicated,Japan:ibaraki,Cucumus sativus
Zhu,Pesticide Biochemistry and Physiology,2022,35973770,Corynespora cassiicola,SdhD,Isopyrazam,G109V,7,0.5 μg/mL (logEC50),Environment,Host: Curcubits; Drug family: SDHI (succinate dehydrogenase inhibitor); ,,Sdh,Agricultural,human&plant,7,,OM_4571,OR_0537,BAJ07117.1,GenBank,Not indicated,Japan:ibaraki,Cucumus sativus
Miyamoto,Plant Pathology,2010,https://doi.org/10.1111/j.1365-3059.2010.02321.x,Corynespora cassiicola,SdhD,Boscalid,G109V,7,5.4 μg/mL (EC50),Environment,Host: Curcubits; Drug family: SDHI (succinate dehydrogenase inhibitor); ,,Sdh,Agricultural,human&plant,7,,OM_4571,OR_0537,BAJ07117.1,GenBank,Chikusei2-4,Japan:ibaraki,Cucumus sativus
Rehfus,Pest Management Science,2016,26823120,Pyrenophora teres,SdhD,Isopyrazam,D145G,7,0.2 μg/mL (EC50),Environment,"Host: Barley; Drug family: SDHI (succinate dehydrogenase inhibitor); Fungicides tested in this study: penthiopyrad, isopyrazam, benzovindiflupyr, fluxapyroxad, bixafen",,Sdh,Agricultural,plant,7,,OM_4573,OR_0539,WHS68200.1,GenBank,Not indicated,Uruguay,Barley   
Rehfus,Pest Management Science,2016,26823120,Pyrenophora teres,SdhD,Benzovindiflupyr,D145G,7,0.2 μg/mL (EC50),Environment,"Host: Barley; Drug family: SDHI (succinate dehydrogenase inhibitor); Fungicides tested in this study: penthiopyrad, isopyrazam, benzovindiflupyr, fluxapyroxad, bixafen",,Sdh,Agricultural,plant,7,,OM_4573,OR_0539,WHS68200.1,GenBank,Not indicated,Uruguay,Barley   
Piotrowska,Pest managment science,2017,27644008,Ramularia collo-cygni,SdhB,Isopyrazam,S217L,4,9.239 (RF),Environment,RFs (EC50 of mutant/EC50 of parental isolate). UV mutagenesis.,,Sdh,Agricultural,plant,4,,OM_4574,OR_0540,AQT27052.1,GenBank,Mut1,Denmark,barley cv Braemar
Piotrowska,Pest managment science,2017,27644008,Ramularia collo-cygni,SdhB,Bixafen,S217L,4,2.246 (RF),Environment,RFs (EC50 of mutant/EC50 of parental isolate). UV mutagenesis.,,Sdh,Agricultural,plant,4,,OM_4574,OR_0540,AQT27052.1,GenBank,Mut1,Denmark,barley cv Braemar
Piotrowska,Pest managment science,2017,27644008,Ramularia collo-cygni,SdhB,Boscalid,S217L,4,8.999 (RF),Environment,RFs (EC50 of mutant/EC50 of parental isolate). UV mutagenesis.,,Sdh,Agricultural,plant,4,,OM_4574,OR_0540,AQT27052.1,GenBank,Mut1,Denmark,barley cv Braemar
Piotrowska,Pest managment science,2017,27644008,Ramularia collo-cygni,SdhB,Fluopyram,S217L,4,49.9 (RF),Environment,RFs (EC50 of mutant/EC50 of parental isolate). UV mutagenesis.,,Sdh,Agricultural,plant,4,,OM_4574,OR_0540,AQT27052.1,GenBank,Mut1,Denmark,barley cv Braemar
Piotrowska,Pest managment science,2017,27644008,Ramularia collo-cygni,SdhB,Carboxin,S217L,4,1.481 (RF),Environment,RFs (EC50 of mutant/EC50 of parental isolate). UV mutagenesis.,,Sdh,Agricultural,plant,4,,OM_4574,OR_0540,AQT27052.1,GenBank,Mut1,Denmark,barley cv Braemar
Piotrowska,Pest managment science,2017,27644008,Ramularia collo-cygni,SdhB,Isopyrazam,N224I,4,6.758 (RF),Environment,RFs (EC50 of mutant/EC50 of parental isolate). UV mutagenesis.,,Sdh,Agricultural,plant,4,,OM_4578,OR_0542,AQT27052.1,GenBank,Mut11,Denmark,barley cv Braemar
Piotrowska,Pest managment science,2017,27644008,Ramularia collo-cygni,SdhB,Bixafen,N224I,4,12.65 (RF),Environment,RFs (EC50 of mutant/EC50 of parental isolate). UV mutagenesis.,,Sdh,Agricultural,plant,4,,OM_4578,OR_0542,AQT27052.1,GenBank,Mut11,Denmark,barley cv Braemar
Piotrowska,Pest managment science,2017,27644008,Ramularia collo-cygni,SdhB,Boscalid,N224I,4,37.28 (RF),Environment,RFs (EC50 of mutant/EC50 of parental isolate). UV mutagenesis.,,Sdh,Agricultural,plant,4,,OM_4578,OR_0542,AQT27052.1,GenBank,Mut11,Denmark,barley cv Braemar
Piotrowska,Pest managment science,2017,27644008,Ramularia collo-cygni,SdhB,Fluopyram,N224I,4,37.28 (RF),Environment,RFs (EC50 of mutant/EC50 of parental isolate). UV mutagenesis.,,Sdh,Agricultural,plant,4,,OM_4578,OR_0542,AQT27052.1,GenBank,Mut11,Denmark,barley cv Braemar
Piotrowska,Pest managment science,2017,27644008,Ramularia collo-cygni,SdhB,Carboxin,N224I,4,13.23 (RF),Environment,RFs (EC50 of mutant/EC50 of parental isolate). UV mutagenesis.,,Sdh,Agricultural,plant,4,,OM_4578,OR_0542,AQT27052.1,GenBank,Mut11,Denmark,barley cv Braemar
Zhu,Pesticide Biochemistry and Physiology,2022,35973770,Corynespora cassiicola,SdhB,Boscalid,H278L,7,1.9 μg/mL (logEC50),Environment,Host: Curcubits; Drug family: SDHI (succinate dehydrogenase inhibitor); ,,Sdh,Agricultural,human&plant,7,,OM_4580,OR_0543,BAJ07111.1,GenBank,Not indicated,Japan:ibaraki,Cucumus sativus
Zhu,Pesticide Biochemistry and Physiology,2022,35973770,Corynespora cassiicola,SdhB,Fluopyram,H278L,7,1 μg/mL (logEC50),Environment,Host: Curcubits; Drug family: SDHI (succinate dehydrogenase inhibitor); ,,Sdh,Agricultural,human&plant,7,,OM_4580,OR_0543,BAJ07111.1,GenBank,Not indicated,Japan:ibaraki,Cucumus sativus
Zhu,Pesticide Biochemistry and Physiology,2022,35973770,Corynespora cassiicola,SdhB,Fluxapyroxad,H278L,7,0.5 μg/mL (logEC50),Environment,Host: Curcubits; Drug family: SDHI (succinate dehydrogenase inhibitor); ,,Sdh,Agricultural,human&plant,7,,OM_4580,OR_0543,BAJ07111.1,GenBank,Not indicated,Japan:ibaraki,Cucumus sativus
Zhu,Pesticide Biochemistry and Physiology,2022,35973770,Corynespora cassiicola,SdhB,Isopyrazam,H278L,7,0.6 μg/mL (logEC50),Environment,Host: Curcubits; Drug family: SDHI (succinate dehydrogenase inhibitor); ,,Sdh,Agricultural,human&plant,7,,OM_4580,OR_0543,BAJ07111.1,GenBank,Not indicated,Japan:ibaraki,Cucumus sativus
Mallik,Phytopathology,2014,23901829,Alternaria solani,SdhB,Boscalid,H278R,8,6-8 μg/mL (EC50),Environment,Host: Potato; Drug family: SDHI (succinate dehydrogenase inhibitor); ,Macrosporium solani,Sdh,Agricultural,plant,8,,OM_4582,OR_0543,AGS56261.1,Genbak,1229-19,USA:ND,Solanum tuberosum
Cherrad,Microbiological Research,2018,30269859,Erysiphe necator,SdhB,Boscalid,H242R,7,>100 μg/mL (EC50),Environment,Host: Grapevine; Drug family: SDHI (succinate dehydrogenase inhibitor); ,Uncinula necator,Sdh,Agricultural,plant,7,,OM_4582,OR_0543,WLK77905.1,GenBank,15O067-7,Hungary: Badacsony wine region,Vitis vinifera
Miyamoto,Plant Pathology,2010,https://doi.org/10.1111/j.1365-3059.2010.02321.x,Corynespora cassiicola,SdhB,Boscalid,H278R,7,10.7 μg/mL (EC50),Environment,Host: Curcubits; Drug family: SDHI (succinate dehydrogenase inhibitor); ,,Sdh,Agricultural,human&plant,7,,OM_4582,OR_0543,BAJ07111.1,GenBank,IbCor3006,Japan:ibaraki,Cucumus sativus
Mallik,Phytopathology,2014,23901829,Alternaria solani,SdhB,Boscalid,H278Y,8,15-18 μg/mL (EC50),Environment,Host: Potato; Drug family: SDHI (succinate dehydrogenase inhibitor); ,Macrosporium solani,Sdh,Agricultural,plant,8,,OM_4583,OR_0543,AGS56261.1,Genbak,1226-12,USA:ND,Solanum tuberosum
Rehfus,Pest Management Science,2016,26823120,Pyrenophora teres,SdhB,Penthiopyrad,H277Y,7,0.35 μg/mL (EC50),Environment,"Host: Barley; Drug family: SDHI (succinate dehydrogenase inhibitor); Fungicides tested in this study: penthiopyrad, isopyrazam, benzovindiflupyr, fluxapyroxad, bixafen",,Sdh,Agricultural,plant,7,,OM_4583,OR_0543,WHS68156.1,GenBank,Not indicated,Uruguay,barley 
Rehfus,Pest Management Science,2016,26823120,Pyrenophora teres,SdhB,Isopyrazam,H277Y,7,0.2 μg/mL (EC50),Environment,"Host: Barley; Drug family: SDHI (succinate dehydrogenase inhibitor); Fungicides tested in this study: penthiopyrad, isopyrazam, benzovindiflupyr, fluxapyroxad, bixafen",,Sdh,Agricultural,plant,7,,OM_4583,OR_0543,WHS68156.1,GenBank,Not indicated,Uruguay,barley 
Rehfus,Pest Management Science,2016,26823120,Pyrenophora teres,SdhB,Benzovindiflupyr,H277Y,7,0.2 μg/mL (EC50),Environment,"Host: Barley; Drug family: SDHI (succinate dehydrogenase inhibitor); Fungicides tested in this study: penthiopyrad, isopyrazam, benzovindiflupyr, fluxapyroxad, bixafen",,Sdh,Agricultural,plant,7,,OM_4583,OR_0543,WHS68156.1,GenBank,Not indicated,Uruguay,barley 
Sun,Pest Management Science,2017,27415408,Rhizoctonia cerealis,SdhB,Thifluzamide,H246Y,8,0.55 μg/mL (EC50),Lab,Host: Cereals; Drug family: SDHI (succinate dehydrogenase inhibitor); EC50 = effective concentration that results in 50% mycelial growth inhibition,,Sdh,Agricultural,plant,8,,OM_4583,OR_0543,ANG58741.1,GenBank,R1410-T2,"China,Nanjing,Jiangsu",wheat
Sun,Pest Management Science,2017,27415408,Rhizoctonia cerealis,SdhB,Boscalid,H246Y,4,3.9 μg/mL (EC50),Lab,Host: Cereals; Drug family: SDHI (succinate dehydrogenase inhibitor); EC50 = effective concentration that results in 50% mycelial growth inhibition,,Sdh,Agricultural,plant,4,,OM_4583,OR_0543,ANG58741.1,GenBank,R1410-T2,"China,Nanjing,Jiangsu",wheat
Sun,Pest Management Science,2017,27415408,Rhizoctonia cerealis,SdhB,Bixafen,H246Y,4,0.29 μg/mL (EC50),Lab,Host: Cereals; Drug family: SDHI (succinate dehydrogenase inhibitor); EC50 = effective concentration that results in 50% mycelial growth inhibition,,Sdh,Agricultural,plant,4,,OM_4583,OR_0543,ANG58741.1,GenBank,R1410-T2,"China,Nanjing,Jiangsu",wheat
Sun,Pest Management Science,2017,27415408,Rhizoctonia cerealis,SdhB,Penflufen,H246Y,4,0.138 μg/mL (EC50),Lab,Host: Cereals; Drug family: SDHI (succinate dehydrogenase inhibitor); EC50 = effective concentration that results in 50% mycelial growth inhibition,,Sdh,Agricultural,plant,4,,OM_4583,OR_0543,ANG58741.1,GenBank,R1410-T2,"China,Nanjing,Jiangsu",wheat
Cherrad,Microbiological Research,2018,30269859,Erysiphe necator,SdhB,Boscalid,H242Y,7,>100 μg/mL (EC50),Environment,Host: Grapevine; Drug family: SDHI (succinate dehydrogenase inhibitor); ,Uncinula necator,Sdh,Agricultural,plant,7,,OM_4583,OR_0543,WLK77905.1,GenBank,15O090-1,Hungary: Badacsony wine region,Vitis vinifera
Zhu,Pesticide Biochemistry and Physiology,2022,35973770,Corynespora cassiicola,SdhB,Boscalid,H278Y,7,1.8 μg/mL (logEC50),Environment,Host: Curcubits; Drug family: SDHI (succinate dehydrogenase inhibitor); ,,Sdh,Agricultural,human&plant,7,,OM_4583,OR_0543,BAJ07111.1,GenBank,Not indicated,Japan:ibaraki,Cucumus sativus
Zhu,Pesticide Biochemistry and Physiology,2022,35973770,Corynespora cassiicola,SdhB,Fluxapyroxad,H278Y,7,0.1 μg/mL (logEC50),Environment,Host: Curcubits; Drug family: SDHI (succinate dehydrogenase inhibitor); ,,Sdh,Agricultural,human&plant,7,,OM_4583,OR_0543,BAJ07111.1,GenBank,Not indicated,Japan:ibaraki,Cucumus sativus
Zhu,Pesticide Biochemistry and Physiology,2022,35973770,Corynespora cassiicola,SdhB,Isopyrazam,H278Y,7,0.5 μg/mL (logEC50),Environment,Host: Curcubits; Drug family: SDHI (succinate dehydrogenase inhibitor); ,,Sdh,Agricultural,human&plant,7,,OM_4583,OR_0543,BAJ07111.1,GenBank,Not indicated,Japan:ibaraki,Cucumus sativus
Rehfus,Journal of Plant Diseases and Protection,2019,https://doi.org/10.1007/s41348-019-00246-4,Ramularia collo-cygni,SdhB,Fluxapyroxad,H266Y,7,2 μg/mL (EC50),Environment,Host: Barley; Drug family: SDHI (succinate dehydrogenase inhibitor); ,,Sdh,Agricultural,plant,7,,OM_4583,OR_0543,AQT27052.1,GenBank,Not indicated,Denmark,barley cv Braemar
Miyamoto,Plant Pathology,2010,https://doi.org/10.1111/j.1365-3059.2010.02321.x,Corynespora cassiicola,SdhB,Boscalid,H278Y,7,>30 μg/mL (EC50),Environment,Host: Curcubits; Drug family: SDHI (succinate dehydrogenase inhibitor); ,,Sdh,Agricultural,human&plant,7,,OM_4583,OR_0543,BAJ07111.1,GenBank,IbCor1689,Japan:ibaraki,Cucumus sativus
Liu,Pest Management Science,2022,35645253,Magnaporthe grisea,SdhB,Pydiflumetofen,H245Y,1,500 µg/mL (EC50),Lab,,"Magnaporthe oryzae,Pyricularia grisea,Pyricularia oryzae",Sdh,Agricultural,plant,1,,OM_4583,OR_0543,KAH8841306.1,GenBank,Y2,Kenya:Busia district,Eleucine coracana
Malandrakis,Pesticide Biochemistry and Physiology,2022,35430062,Botrytis cinerea,SdhB,Boscalid,I274I,7,75 μg/mL (EC50),Environment,Host: Grapevine; Drug family: SDHI (succinate dehydrogenase inhibitor); ,"Botryotinia fuckeliana,Botryotinia cinerea",Sdh,Agricultural,human&plant,7,,OM_4585,OR_0545,WDY79009.1,Genbak,B.16.1,China ,Fragaria ananassa
Malandrakis,Pesticide Biochemistry and Physiology,2022,35430062,Botrytis cinerea,SdhB,Fluopyram,I274I,7,10 μg/mL (EC50),Environment,Host: Grapevine; Drug family: SDHI (succinate dehydrogenase inhibitor); ,"Botryotinia fuckeliana,Botryotinia cinerea",Sdh,Agricultural,human&plant,7,,OM_4585,OR_0545,WDY79009.1,Genbak,B.16.1,China ,Fragaria ananassa
Malandrakis,Pesticide Biochemistry and Physiology,2022,35430062,Botrytis cinerea,SdhB,Boscalid,I274V,7,75 μg/mL (EC50),Environment,Host: Grapevine; Drug family: SDHI (succinate dehydrogenase inhibitor); ,"Botryotinia fuckeliana,Botryotinia cinerea",Sdh,Agricultural,human&plant,7,,OM_4586,OR_0545,WDY79009.1,Genbak,Β14.6,China ,Fragaria ananassa
Malandrakis,Pesticide Biochemistry and Physiology,2022,35430062,Botrytis cinerea,SdhB,Fluopyram,I274V,7,10 μg/mL (EC50),Environment,Host: Grapevine; Drug family: SDHI (succinate dehydrogenase inhibitor); ,"Botryotinia fuckeliana,Botryotinia cinerea",Sdh,Agricultural,human&plant,7,,OM_4586,OR_0545,WDY79009.1,Genbak,Β14.6,China ,Fragaria ananassa
Zhu,Pesticide Biochemistry and Physiology,2022,35973770,Corynespora cassiicola,SdhB,Boscalid,I280V,7,0.5 μg/mL (logEC50),Environment,Host: Curcubits; Drug family: SDHI (succinate dehydrogenase inhibitor); ,,Sdh,Agricultural,human&plant,7,,OM_4586,OR_0545,BAJ07111.1,GenBank,Not indicated,Japan:ibaraki,Cucumus sativus
Zhu,Pesticide Biochemistry and Physiology,2022,35973770,Corynespora cassiicola,SdhB,Fluopyram,I280V,7,1 μg/mL (logEC50),Environment,Host: Curcubits; Drug family: SDHI (succinate dehydrogenase inhibitor); ,,Sdh,Agricultural,human&plant,7,,OM_4586,OR_0545,BAJ07111.1,GenBank,Not indicated,Japan:ibaraki,Cucumus sativus
Zhu,Pesticide Biochemistry and Physiology,2022,35973770,Corynespora cassiicola,SdhB,Fluxapyroxad,I280V,7,-0.5 μg/mL (logEC50),Environment,Host: Curcubits; Drug family: SDHI (succinate dehydrogenase inhibitor); ,,Sdh,Agricultural,human&plant,7,,OM_4586,OR_0545,BAJ07111.1,GenBank,Not indicated,Japan:ibaraki,Cucumus sativus
Zhu,Pesticide Biochemistry and Physiology,2022,35973770,Corynespora cassiicola,SdhB,Isopyrazam,I280V,7,0.1 μg/mL (logEC50),Environment,Host: Curcubits; Drug family: SDHI (succinate dehydrogenase inhibitor); ,,Sdh,Agricultural,human&plant,7,,OM_4586,OR_0545,BAJ07111.1,GenBank,Not indicated,Japan:ibaraki,Cucumus sativus
Yamada,Antimicrobial Agents and Chemotherapy,2017,28416557,Arthroderma vanbreuseghemii,Squalene epoxidase,Terbinafine,L393F,1,1.6 µg/mL,Lab,,Trichophyton tonsurans,Squalene epoxidase,Clinical,human&animal,1,,OM_4587,OR_0546,EZF33561,genbank,,Brazil Brazil,Homo sapiens
Yamada,Antimicrobial Agents and Chemotherapy,2017,28416557,Trichophyton interdigitale,Squalene epoxidase,Terbinafine,L393F,2,1.6 µg/mL,Lab,Arthroderma vanbreuseghemii and Trichosporon interdigitales SQLE sequences are identical,,Squalene epoxidase,Clinical,human&animal,2,,OM_4587,OR_0546,EZF33561,genbank,,Brazil,Homo sapiens
Yamada,Antimicrobial Agents and Chemotherapy,2017,28416557,Arthroderma vanbreuseghemii,Squalene epoxidase,Terbinafine,L393S,1,0.4 µg/mL,Lab,,Trichophyton tonsurans,Squalene epoxidase,Clinical,human&animal,1,,OM_4588,OR_0546,EZF33561,genbank,,Brazil,Homo sapiens
Yamada,Antimicrobial Agents and Chemotherapy,2017,28416557,Trichophyton interdigitale,Squalene epoxidase,Terbinafine,L393S,2,0.4 µg/mL,Lab,Arthroderma vanbreuseghemii and Trichosporon interdigitales SQLE sequences are identical,,Squalene epoxidase,Clinical,human&animal,2,,OM_4588,OR_0546,EZF33561,genbank,,Brazil,Homo sapiens
Yamada,Antimicrobial Agents and Chemotherapy,2017,28416557,Arthroderma vanbreuseghemii,Squalene epoxidase,Terbinafine,F397I,1,1.6 µg/mL,Lab,,Trichophyton tonsurans,Squalene epoxidase,Clinical,human&animal,1,,OM_4589,OR_0547,EZF33561,genbank,,Brazil,Homo sapiens
Yamada,Antimicrobial Agents and Chemotherapy,2017,28416557,Trichophyton interdigitale,Squalene epoxidase,Terbinafine,F397I,2,1.6 µg/mL,Lab,Arthroderma vanbreuseghemii and Trichosporon interdigitales SQLE sequences are identical,,Squalene epoxidase,Clinical,human&animal,2,,OM_4589,OR_0547,EZF33561,genbank,,Brazil,Homo sapiens
Yamada,Antimicrobial Agents and Chemotherapy,2017,28416557,Arthroderma vanbreuseghemii,Squalene epoxidase,Terbinafine,F397L,1,3.2 µg/mL,Lab,,Trichophyton tonsurans,Squalene epoxidase,Clinical,human&animal,1,,OM_4590,OR_0547,EZF33561,genbank,,Brazil,Homo sapiens
Yamada,Antimicrobial Agents and Chemotherapy,2017,28416557,Trichophyton interdigitale,Squalene epoxidase,Terbinafine,F397L,8,3.2 µg/mL,Clinical,,,Squalene epoxidase,Clinical,human&animal,2,,OM_4590,OR_0547,EZF33561,genbank,,Brazil,Homo sapiens
Yamada,Antimicrobial Agents and Chemotherapy,2017,28416557,Trichophyton interdigitale,Squalene epoxidase,Terbinafine,F397L,2,3.2 µg/mL,Lab,Arthroderma vanbreuseghemii and Trichosporon interdigitales SQLE sequences are identical,,Squalene epoxidase,Clinical,human&animal,2,,OM_4590,OR_0547,EZF33561,genbank,,Brazil,Homo sapiens
Yamada,Antimicrobial Agents and Chemotherapy,2017,28416557,Arthroderma vanbreuseghemii,Squalene epoxidase,Terbinafine,F415V,1,0.4 µg/mL,Lab,,Trichophyton tonsurans,Squalene epoxidase,Clinical,human&animal,1,,OM_4592,OR_0548,EZF33561,genbank,,Brazil,Homo sapiens
Yamada,Antimicrobial Agents and Chemotherapy,2017,28416557,Trichophyton interdigitale,Squalene epoxidase,Terbinafine,F415V,2,0.4 µg/mL,Lab,Arthroderma vanbreuseghemii and Trichosporon interdigitales SQLE sequences are identical,,Squalene epoxidase,Clinical,human&animal,2,,OM_4592,OR_0548,EZF33561,genbank,,Brazil,Homo sapiens
Yamada,Antimicrobial Agents and Chemotherapy,2017,28416557,Arthroderma vanbreuseghemii,Squalene epoxidase,Terbinafine,H440Y,-1,0.2 µg/mL,Lab,,Trichophyton tonsurans,Squalene epoxidase,Clinical,human&animal,,-1,OM_4593,OR_0549,EZF33561,genbank,,Brazil,Homo sapiens
Yamada,Antimicrobial Agents and Chemotherapy,2017,28416557,Trichophyton interdigitale,Squalene epoxidase,Terbinafine,H440Y,-2,0.2 µg/mL,Lab,Arthroderma vanbreuseghemii and Trichosporon interdigitales SQLE sequences are identical,,Squalene epoxidase,Clinical,human&animal,,-2,OM_4593,OR_0549,EZF33561,genbank,,Brazil,Homo sapiens
Rehfus,Journal of Plant Diseases and Protection,2019,https://doi.org/10.1007/s41348-019-00246-4,Ramularia collo-cygni,SdhC,Fluxapyroxad,H146L,7,7.6 μg/mL (EC50),Environment,Host: Barley; Drug family: SDHI (succinate dehydrogenase inhibitor); ,,Sdh,Agricultural,plant,7,,,,AQT27053.1,GenBank,Not indicated,Denmark,barley cv. Braemar
Rehfus,Journal of Plant Diseases and Protection,2019,https://doi.org/10.1007/s41348-019-00246-4,Ramularia collo-cygni,SdhC,Fluxapyroxad,G171D,7,5.5. μg/mL (EC50),Environment,Host: Barley; Drug family: SDHI (succinate dehydrogenase inhibitor); ,,Sdh,Agricultural,plant,7,,,,AQT27053.1,GenBank,Not indicated,Denmark,barley cv. Braemar
Rehfus,Journal of Plant Diseases and Protection,2019,https://doi.org/10.1007/s41348-019-00246-4,Ramularia collo-cygni,SdhC,Fluxapyroxad,G91R,7,8.5 μg/mL (EC50),Environment,Host: Barley; Drug family: SDHI (succinate dehydrogenase inhibitor); ,,Sdh,Agricultural,plant,7,,,,AQT27053.1,GenBank,Not indicated,Denmark,barley cv. Braemar
Rehfus,Journal of Plant Diseases and Protection,2019,https://doi.org/10.1007/s41348-019-00246-4,Ramularia collo-cygni,SdhC,Fluxapyroxad,H153R,7,5.7 μg/mL (EC50),Environment,Host: Barley; Drug family: SDHI (succinate dehydrogenase inhibitor); ,,Sdh,Agricultural,plant,7,,,,AQT27053.1,GenBank,Not indicated,Denmark,barley cv. Braemar
Rehfus,Journal of Plant Diseases and Protection,2019,https://doi.org/10.1007/s41348-019-00246-4,Ramularia collo-cygni,SdhC,Fluxapyroxad,H146R,7,5.4 μg/mL (EC50),Environment,Host: Barley; Drug family: SDHI (succinate dehydrogenase inhibitor); ,,Sdh,Agricultural,plant,7,,,,AQT27053.1,GenBank,Not indicated,Denmark,barley cv. Braemar
Rehfus,Journal of Plant Diseases and Protection,2019,https://doi.org/10.1007/s41348-019-00246-4,Ramularia collo-cygni,SdhC,Fluxapyroxad,N87S,7,1.7 μg/mL (EC50),Environment,Host: Barley; Drug family: SDHI (succinate dehydrogenase inhibitor); ,,Sdh,Agricultural,plant,7,,,,AQT27053.1,GenBank,Not indicated,Denmark,barley cv. Braemar
Rehfus,Journal of Plant Diseases and Protection,2019,https://doi.org/10.1007/s41348-019-00246-4,Ramularia collo-cygni,SdhC,Fluxapyroxad,R152M,7,1.6 μg/mL (EC50),Environment,Host: Barley; Drug family: SDHI (succinate dehydrogenase inhibitor); ,,Sdh,Agricultural,plant,7,,,,AQT27053.1,GenBank,Not indicated,Denmark,barley cv. Braemar
Erreguerena,Journal of Plant Diseases and Protection,2022,https://doi.org/10.1007/s41348-022-00645-0,Ramularia collo-cygni,SdhC,Fluxapyroxad,N87S,7,0.55 μg/mL (EC50),Environment,Host: Barley; Drug family: SDHI (succinate dehydrogenase inhibitor); ,,Sdh,Agricultural,plant,7,,,,AQT27053.1,GenBank,Not indicated,Denmark,barley cv. Braemar
Erreguerena,Journal of Plant Diseases and Protection,2022,https://doi.org/10.1007/s41348-022-00645-0,Ramularia collo-cygni,SdhC,Isopyrazam,N87S,7,0.8 μg/mL (EC50),Environment,Host: Barley; Drug family: SDHI (succinate dehydrogenase inhibitor); ,,Sdh,Agricultural,plant,7,,,,AQT27053.1,GenBank,Not indicated,Denmark,barley cv. Braemar
Helweg-Larsen,The Lancet,1999,10533864,Pneumocystis jirovecii,Dhps,Trimethoprim-sulfamethoxazole,T55A,7,Not determined,Clinical,Host: Human; Drug family: Dihydropyrimidine-Sulfonamide antibiotics; Partial gene,,Dhps,Clinical,human&animal,7,,,,QBZ39416.1,GenBank,Not indicated,Iran,Homo sapiens
Helweg-Larsen,The Lancet,1999,10533864,Pneumocystis jirovecii,Dhps,Trimethoprim-sulfamethoxazole,P57S,7,Not determined,Clinical,Host: Human; Drug family: Dihydropyrimidine-Sulfonamide antibiotics; Partial gene,,Dhps,Clinical,human&animal,7,,,,QBZ39416.1,GenBank,Not indicated,Iran,Homo sapiens
Helweg-Larsen,The Lancet,1999,10533864,Pneumocystis jirovecii,Dhps,Trimethoprim-sulfamethoxazole,H60A,7,Not determined,Clinical,Host: Human; Drug family: Dihydropyrimidine-Sulfonamide antibiotics; Partial gene,,Dhps,Clinical,human&animal,7,,,,QBZ39416.1,GenBank,Not indicated,Iran,Homo sapiens
Angelini,Pest Management Science,2014,24481672,Botrytis cinerea,SdhB,Boscalid,H272V,7,>100 μg/mL,Environment,Host: Grapewine; Drug family: SDHI (succinate dehydrogenase inhibitor); ,"Botryotinia fuckeliana,Botryotinia cinerea",Sdh,Agricultural,human&plant,7,,,,WDY79009.1,Genbak,BAR713,China ,Fragaria ananassa
Wang,Molecular Plant Pathology,2015,25441450,Sclerotinia sclerotiorum,SdhB,Boscalid,A11V,4,13.5 μg/mL (EC50),Lab,Host: Wide range; Drug family: SDHI (succinate dehydrogenase inhibitor); ,,Sdh,Agricultural,plant,4,,,,UGY75365.1,GenBank,JK19R2,Mexico: SIN,
Wang,Molecular Plant Pathology,2015,25441450,Sclerotinia sclerotiorum,SdhB,Carboxin,A11V,4,4.34 μg/mL (EC50),Lab,Host: Wide range; Drug family: SDHI (succinate dehydrogenase inhibitor); ,,Sdh,Agricultural,plant,4,,,,UGY75365.1,GenBank,JK19R2,Mexico: SIN,
Wang,Molecular Plant Pathology,2015,25441450,Sclerotinia sclerotiorum,SdhB,Fluopyram,A11V,4,3.42 μg/mL (EC50),Lab,Host: Wide range; Drug family: SDHI (succinate dehydrogenase inhibitor); ,,Sdh,Agricultural,plant,4,,,,UGY75365.1,GenBank,JK19R2,Mexico: SIN,
Rehfus,Pest Management Science,2016,26823120,Pyrenophora teres,SdhD,Penthiopyrad,D124N,7,0.2 μg/mL (EC50),Environment,"Host: Barley; Drug family: SDHI (succinate dehydrogenase inhibitor); Fungicides tested in this study: penthiopyrad, isopyrazam, benzovindiflupyr, fluxapyroxad, bixafen",,Sdh,Agricultural,plant,7,,,,WHS68200.1,GenBank,Not indicated,Uruguay,Barley   
J MacKenzie,Plant Disease,2020,31891552,Corynespora cassiicola,Cytochrome b,Azoxystrobin (with SHAM),"F129L,F129L",7,>50 μg/mL (EC50),Environment,"Host: Curcubits; Drug family: Quinone-outside inhibitor; partial gene, moderate resitance",,Cytochrome b,Agricultural,human&plant,,,,,QGN59619.1,GenBank,GEV3142,"USA: shorer, AL",soybean
Mao,Pest Management Science,2022,35514230,Fusarium incarnatum,Myosin-5,Phenamacril,S217P,1,>160 μg/mL (EC50),Lab,Host: Cucumber; Drug family: Cyanoacrylate; ,,Myosin-5,Agricultural,plant,1,,,,UQE90557.1,GenBank,HA3-1,China,cucumber
Mao,Pest Management Science,2022,35514230,Fusarium incarnatum,Myosin-5,Phenamacril,I424S,1,>160 μg/mL (EC50),Lab,Host: Cucumber; Drug family: Cyanoacrylate; ,,Myosin-5,Agricultural,plant,1,,,,UQE90557.1,GenBank,HA14-3,China,cucumber
Wei,Journal of Agricultural and Food Chemistry,2022,36102348,Colletotrichum acutatum,Cyp51A,Tebuconazole,T207M,1,0.83 μg/mL (EC50),Lab,Host: Lupinus; Drug family: Azole; ,,Cyp51,Agricultural,plant,1,,,,AVT56116.1,GenBank,CaCYP51AT207M,Brazil: Sao Paulo,Fragaria ananassa
Rehfus,Journal of Plant Diseases and Protection,2019,https://doi.org/10.1007/s41348-019-00246-4,Ramularia collo-cygni,SdhB,Fluxapyroxad,N224T,7,0.7 μg/mL (EC50),Environment,Host: Barley; Drug family: SDHI (succinate dehydrogenase inhibitor); ,,Sdh,Agricultural,plant,7,,,,AQT27052.1,GenBank,Not indicated,Denmark,barley cv Braemar
Miyamoto,Plant Pathology,2010,https://doi.org/10.1111/j.1365-3059.2010.02321.x,Corynespora cassiicola,SdhD,Boscalid,S89P,7,5 μg/mL (EC50),Environment,Host: Curcubits; Drug family: SDHI (succinate dehydrogenase inhibitor); ,,Sdh,Agricultural,human&plant,7,,,,BAJ07117.1,GenBank,IbCor1361,Japan:ibaraki,Cucumus sativus
Zhang,Plant Pathology,2017,https://doi.org/10.1111/ppa.12700,Fusarium graminearum,Myosin-5,Phenamacril,K216E,4,183 μg/mL (EC50),Lab,Host: Wheat; Drug family: Cyanoacrylate; ,,Myosin-5,Agricultural,plant,4,,,,PCD22874.1,GenBank,TXR1,"Italy: Piemonte, Vercelli",Oryza sp.
Zhang,Plant Pathology,2017,https://doi.org/10.1111/ppa.12700,Fusarium graminearum,Myosin-5,Phenamacril,E420G,4,209 μg/mL (EC50),Lab,Host: Wheat; Drug family: Cyanoacrylate; ,,Myosin-5,Agricultural,plant,4,,,,PCD22874.1,GenBank,TXR2,"Italy: Piemonte, Vercelli",Oryza sp.
Zhang,Plant Pathology,2017,https://doi.org/10.1111/ppa.12700,Fusarium graminearum,Myosin-5,Phenamacril,S217R,4,132 μg/mL (EC50),Lab,Host: Wheat; Drug family: Cyanoacrylate; ,,Myosin-5,Agricultural,plant,4,,,,PCD22874.1,GenBank,BMR1,"Italy: Piemonte, Vercelli",Oryza sp.
Zhang,Plant Pathology,2017,https://doi.org/10.1111/ppa.12700,Fusarium graminearum,Myosin-5,Phenamacril,S217L,4,153 μg/mL (EC50),Lab,Host: Wheat; Drug family: Cyanoacrylate; ,,Myosin-5,Agricultural,plant,4,,,,PCD22874.1,GenBank,BMR2,"Italy: Piemonte, Vercelli",Oryza sp.
Zhang,Plant Pathology,2017,https://doi.org/10.1111/ppa.12700,Fusarium graminearum,Myosin-5,Phenamacril,E420S,4,143 μg/mL (EC50),Lab,Host: Wheat; Drug family: Cyanoacrylate; ,,Myosin-5,Agricultural,plant,4,,,,PCD22874.1,GenBank,SYR1,"Italy: Piemonte, Vercelli",Oryza sp.
Zhang,Plant Pathology,2017,https://doi.org/10.1111/ppa.12700,Fusarium graminearum,Myosin-5,Phenamacril,K216H,4,152 μg/mL (EC50),Lab,Host: Wheat; Drug family: Cyanoacrylate; ,,Myosin-5,Agricultural,plant,4,,,,PCD22874.1,GenBank,SYR2,"Italy: Piemonte, Vercelli",Oryza sp.
Wei,Plant Pathology,2021,https://doi.org/10.1111/ppa.13372,Colletotrichum gloeosporioides,Cytochrome b,Azoxystrobin,G143A,7,8.64 μg/mL (EC50),Environment,Host: Tropical fruits; Drug family: Quinone-outside inhibitor; Fluazinam also tested. Partial gene,Glomerella cingulata,Cytochrome b,Agricultural,plant,,,,,WPO07116.1,GenBank,ZJ67,"USA: Clinch County, Georgia",Vaccinium sp. cv. Indigo
Wei,Plant Pathology,2021,https://doi.org/10.1111/ppa.13372,Colletotrichum gloeosporioides,Cytochrome b,Azoxystrobin,G143A,7,8.64 μg/mL (EC50),Environment,Host: Tropical fruits; Drug family: Quinone-outside inhibitor; Fluazinam also tested. Partial gene,Glomerella cingulata,Cytochrome b,Agricultural,plant,,,,,WPO07116.1,GenBank,ZJ67,"USA: Clinch County, Georgia",Vaccinium sp. cv. Indigo
Wei,Plant Pathology,2021,https://doi.org/10.1111/ppa.13372,Colletotrichum gloeosporioides,Cytochrome b,Pyraclostrobin,G143A,7,15.99 μg/mL (EC50),Environment,Host: Tropical fruits; Drug family: Quinone-outside inhibitor; Fluazinam also tested. Partial gene,Glomerella cingulata,Cytochrome b,Agricultural,plant,,,,,WPO07116.1,GenBank,ZJ67,"USA: Clinch County, Georgia",Vaccinium sp. cv. Indigo
Wei,Plant Pathology,2021,https://doi.org/10.1111/ppa.13372,Colletotrichum gloeosporioides,Cytochrome b,Pyraclostrobin,G143A,7,15.99 μg/mL (EC50),Environment,Host: Tropical fruits; Drug family: Quinone-outside inhibitor; Fluazinam also tested. Partial gene,Glomerella cingulata,Cytochrome b,Agricultural,plant,,,,,WPO07116.1,GenBank,ZJ67,"USA: Clinch County, Georgia",Vaccinium sp. cv. Indigo
Wei,Plant Pathology,2021,https://doi.org/10.1111/ppa.13372,Colletotrichum gloeosporioides,Cytochrome b,Kresoxim-methyl,G143A,7,236.13 μg/mL (EC50),Environment,Host: Tropical fruits; Drug family: Quinone-outside inhibitor; Fluazinam also tested. Partial gene,Glomerella cingulata,Cytochrome b,Agricultural,plant,,,,,WPO07116.1,GenBank,ZJ67,"USA: Clinch County, Georgia",Vaccinium sp. cv. Indigo
Wei,Plant Pathology,2021,https://doi.org/10.1111/ppa.13372,Colletotrichum gloeosporioides,Cytochrome b,Kresoxim-methyl,G143A,7,236.13 μg/mL (EC50),Environment,Host: Tropical fruits; Drug family: Quinone-outside inhibitor; Fluazinam also tested. Partial gene,Glomerella cingulata,Cytochrome b,Agricultural,plant,,,,,WPO07116.1,GenBank,ZJ67,"USA: Clinch County, Georgia",Vaccinium sp. cv. Indigo
Wei,Plant Pathology,2021,https://doi.org/10.1111/ppa.13372,Colletotrichum gloeosporioides,Cytochrome b,Benzothiostrobin,G143A,7,53.55 μg/mL (EC50),Environment,Host: Tropical fruits; Drug family: Quinone-outside inhibitor; Fluazinam also tested. Partial gene,Glomerella cingulata,Cytochrome b,Agricultural,plant,,,,,WPO07116.1,GenBank,ZJ67,"USA: Clinch County, Georgia",Vaccinium sp. cv. Indigo
Wei,Plant Pathology,2021,https://doi.org/10.1111/ppa.13372,Colletotrichum gloeosporioides,Cytochrome b,Benzothiostrobin,G143A,7,53.55 μg/mL (EC50),Environment,Host: Tropical fruits; Drug family: Quinone-outside inhibitor; Fluazinam also tested. Partial gene,Glomerella cingulata,Cytochrome b,Agricultural,plant,,,,,WPO07116.1,GenBank,ZJ67,"USA: Clinch County, Georgia",Vaccinium sp. cv. Indigo
Wei,Plant Pathology,2021,https://doi.org/10.1111/ppa.13372,Colletotrichum gloeosporioides,Cytochrome b,Azoxystrobin,F129L,7,1.03 μg/mL (EC50),Environment,Host: Tropical fruits; Drug family: Quinone-outside inhibitor; Fluazinam also tested. Partial gene,Glomerella cingulata,Cytochrome b,Agricultural,plant,,,,,WPO07116.1,GenBank,ZJ29,"USA: Clinch County, Georgia",Vaccinium sp. cv. Indigo
Wei,Plant Pathology,2021,https://doi.org/10.1111/ppa.13372,Colletotrichum gloeosporioides,Cytochrome b,Azoxystrobin,F129L,7,1.03 μg/mL (EC50),Environment,Host: Tropical fruits; Drug family: Quinone-outside inhibitor; Fluazinam also tested. Partial gene,Glomerella cingulata,Cytochrome b,Agricultural,plant,,,,,WPO07116.1,GenBank,ZJ29,"USA: Clinch County, Georgia",Vaccinium sp. cv. Indigo
Wei,Plant Pathology,2021,https://doi.org/10.1111/ppa.13372,Colletotrichum gloeosporioides,Cytochrome b,Pyraclostrobin,F129L,7,3.33 μg/mL (EC50),Environment,Host: Tropical fruits; Drug family: Quinone-outside inhibitor; Fluazinam also tested. Partial gene,Glomerella cingulata,Cytochrome b,Agricultural,plant,,,,,WPO07116.1,GenBank,ZJ29,"USA: Clinch County, Georgia",Vaccinium sp. cv. Indigo
Wei,Plant Pathology,2021,https://doi.org/10.1111/ppa.13372,Colletotrichum gloeosporioides,Cytochrome b,Pyraclostrobin,F129L,7,3.33 μg/mL (EC50),Environment,Host: Tropical fruits; Drug family: Quinone-outside inhibitor; Fluazinam also tested. Partial gene,Glomerella cingulata,Cytochrome b,Agricultural,plant,,,,,WPO07116.1,GenBank,ZJ29,"USA: Clinch County, Georgia",Vaccinium sp. cv. Indigo
Wei,Plant Pathology,2021,https://doi.org/10.1111/ppa.13372,Colletotrichum gloeosporioides,Cytochrome b,Kresoxim-methyl,F129L,7,95.57 μg/mL (EC50),Environment,Host: Tropical fruits; Drug family: Quinone-outside inhibitor; Fluazinam also tested. Partial gene,Glomerella cingulata,Cytochrome b,Agricultural,plant,,,,,WPO07116.1,GenBank,ZJ29,"USA: Clinch County, Georgia",Vaccinium sp. cv. Indigo
Wei,Plant Pathology,2021,https://doi.org/10.1111/ppa.13372,Colletotrichum gloeosporioides,Cytochrome b,Kresoxim-methyl,F129L,7,95.57 μg/mL (EC50),Environment,Host: Tropical fruits; Drug family: Quinone-outside inhibitor; Fluazinam also tested. Partial gene,Glomerella cingulata,Cytochrome b,Agricultural,plant,,,,,WPO07116.1,GenBank,ZJ29,"USA: Clinch County, Georgia",Vaccinium sp. cv. Indigo
Wei,Plant Pathology,2021,https://doi.org/10.1111/ppa.13372,Colletotrichum gloeosporioides,Cytochrome b,Benzothiostrobin,F129L,7,5.10 μg/mL (EC50),Environment,Host: Tropical fruits; Drug family: Quinone-outside inhibitor; Fluazinam also tested. Partial gene,Glomerella cingulata,Cytochrome b,Agricultural,plant,,,,,WPO07116.1,GenBank,ZJ29,"USA: Clinch County, Georgia",Vaccinium sp. cv. Indigo
Wei,Plant Pathology,2021,https://doi.org/10.1111/ppa.13372,Colletotrichum gloeosporioides,Cytochrome b,Benzothiostrobin,F129L,7,5.10 μg/mL (EC50),Environment,Host: Tropical fruits; Drug family: Quinone-outside inhibitor; Fluazinam also tested. Partial gene,Glomerella cingulata,Cytochrome b,Agricultural,plant,,,,,WPO07116.1,GenBank,ZJ29,"USA: Clinch County, Georgia",Vaccinium sp. cv. Indigo
McDonald,Applied and Environmental Microbiology,2019,30530713,Zymoseptoria tritici,Cyp51,Tebuconazole,L50S,7,5.3 μg/mL (EC50),Environment,Host: Wheat; Drug family: Azole; With isolates genome sequencing,Mycosphaerella graminicola,Cyp51,Agricultural,plant,,,,,AKA94187.1,GenBank,G1,USA:Oregon,
McDonald,Applied and Environmental Microbiology,2019,30530713,Zymoseptoria tritici,Cyp51,Tebuconazole,S188N,7,5.3 μg/mL (EC50),Environment,Host: Wheat; Drug family: Azole; With isolates genome sequencing,Mycosphaerella graminicola,Cyp51,Agricultural,plant,,,,,AKA94187.1,GenBank,G1,USA:Oregon,
McDonald,Applied and Environmental Microbiology,2019,30530713,Zymoseptoria tritici,Cyp51,Tebuconazole,A379G,7,5.3 μg/mL (EC50),Environment,Host: Wheat; Drug family: Azole; With isolates genome sequencing,Mycosphaerella graminicola,Cyp51,Agricultural,plant,,,,,AKA94187.1,GenBank,G1,USA:Oregon,
McDonald,Applied and Environmental Microbiology,2019,30530713,Zymoseptoria tritici,Cyp51,Tebuconazole,I381V,7,5.3 μg/mL (EC50),Environment,Host: Wheat; Drug family: Azole; With isolates genome sequencing,Mycosphaerella graminicola,Cyp51,Agricultural,plant,,,,,AKA94187.1,GenBank,G1,USA:Oregon,
McDonald,Applied and Environmental Microbiology,2019,30530713,Zymoseptoria tritici,Cyp51,Tebuconazole,Y459del,7,5.3 μg/mL (EC50),Environment,Host: Wheat; Drug family: Azole; With isolates genome sequencing,Mycosphaerella graminicola,Cyp51,Agricultural,plant,,,,,AKA94187.1,GenBank,G1,USA:Oregon,
McDonald,Applied and Environmental Microbiology,2019,30530713,Zymoseptoria tritici,Cyp51,Tebuconazole,G460del,7,5.3 μg/mL (EC50),Environment,Host: Wheat; Drug family: Azole; With isolates genome sequencing,Mycosphaerella graminicola,Cyp51,Agricultural,plant,,,,,AKA94187.1,GenBank,G1,USA:Oregon,
McDonald,Applied and Environmental Microbiology,2019,30530713,Zymoseptoria tritici,Cyp51,Tebuconazole,N513K,7,5.3 μg/mL (EC50),Environment,Host: Wheat; Drug family: Azole; With isolates genome sequencing,Mycosphaerella graminicola,Cyp51,Agricultural,plant,,,,,AKA94187.1,GenBank,G1,USA:Oregon,
McDonald,Applied and Environmental Microbiology,2019,30530713,Zymoseptoria tritici,Cyp51,Epoxiconazole,L50S,7,1 μg/mL (EC50),Environment,Host: Wheat; Drug family: Azole; With isolates genome sequencing,Mycosphaerella graminicola,Cyp51,Agricultural,plant,,,,,AKA94187.1,GenBank,G1,USA:Oregon,
McDonald,Applied and Environmental Microbiology,2019,30530713,Zymoseptoria tritici,Cyp51,Epoxiconazole,S188N,7,1 μg/mL (EC50),Environment,Host: Wheat; Drug family: Azole; With isolates genome sequencing,Mycosphaerella graminicola,Cyp51,Agricultural,plant,,,,,AKA94187.1,GenBank,G1,USA:Oregon,
McDonald,Applied and Environmental Microbiology,2019,30530713,Zymoseptoria tritici,Cyp51,Epoxiconazole,A379G,7,1 μg/mL (EC50),Environment,Host: Wheat; Drug family: Azole; With isolates genome sequencing,Mycosphaerella graminicola,Cyp51,Agricultural,plant,,,,,AKA94187.1,GenBank,G1,USA:Oregon,
McDonald,Applied and Environmental Microbiology,2019,30530713,Zymoseptoria tritici,Cyp51,Epoxiconazole,I381V,7,1 μg/mL (EC50),Environment,Host: Wheat; Drug family: Azole; With isolates genome sequencing,Mycosphaerella graminicola,Cyp51,Agricultural,plant,,,,,AKA94187.1,GenBank,G1,USA:Oregon,
McDonald,Applied and Environmental Microbiology,2019,30530713,Zymoseptoria tritici,Cyp51,Epoxiconazole,Y459del,7,1 μg/mL (EC50),Environment,Host: Wheat; Drug family: Azole; With isolates genome sequencing,Mycosphaerella graminicola,Cyp51,Agricultural,plant,,,,,AKA94187.1,GenBank,G1,USA:Oregon,
McDonald,Applied and Environmental Microbiology,2019,30530713,Zymoseptoria tritici,Cyp51,Epoxiconazole,G460del,7,1 μg/mL (EC50),Environment,Host: Wheat; Drug family: Azole; With isolates genome sequencing,Mycosphaerella graminicola,Cyp51,Agricultural,plant,,,,,AKA94187.1,GenBank,G1,USA:Oregon,
McDonald,Applied and Environmental Microbiology,2019,30530713,Zymoseptoria tritici,Cyp51,Epoxiconazole,N513K,7,1 μg/mL (EC50),Environment,Host: Wheat; Drug family: Azole; With isolates genome sequencing,Mycosphaerella graminicola,Cyp51,Agricultural,plant,,,,,AKA94187.1,GenBank,G1,USA:Oregon,
Tucker,Pest Management Science,2019,31595590,Blumeria graminis f. sp. hordei,Cyp51,Propiconazole,Y136F,1,340 μg/mL (EC50),Environment,Host: Wheat; Drug family: Azole; ,,Cyp51,Agricultural,plant,,,,,CAE18105.1,Genbak,pYES-Bgh51_Y137F/S524T,France,Hordeum vulgare
Tucker,Pest Management Science,2019,31595590,Blumeria graminis f. sp. hordei,Cyp51,Propiconazole,S509T,1,340 μg/mL (EC50),Environment,Host: Wheat; Drug family: Azole; ,,Cyp51,Agricultural,plant,,,,,CAE18105.1,Genbak,pYES-Bgh51_Y137F/S524T,France,Hordeum vulgare
Tucker,Pest Management Science,2019,31595590,Blumeria graminis f. sp. hordei,Cyp51,Tebuconazole,Y136F,1,33 μg/mL (EC50),Environment,Host: Wheat; Drug family: Azole; ,,Cyp51,Agricultural,plant,,,,,CAE18105.1,Genbak,pYES-Bgh51_Y137F/S524T,France,Hordeum vulgare
Tucker,Pest Management Science,2019,31595590,Blumeria graminis f. sp. hordei,Cyp51,Tebuconazole,S509T,1,33 μg/mL (EC50),Environment,Host: Wheat; Drug family: Azole; ,,Cyp51,Agricultural,plant,,,,,CAE18105.1,Genbak,pYES-Bgh51_Y137F/S524T,France,Hordeum vulgare
Tucker,Pest Management Science,2019,31595590,Blumeria graminis f. sp. hordei,Cyp51,Triadimenol,Y136F,8,Not determined,Environment,Host: Wheat; Drug family: Azole; ,,Cyp51,Agricultural,plant,,,,,CAE18105.1,Genbak,Not indicated,France,Hordeum vulgare
Tucker,Pest Management Science,2019,31595590,Blumeria graminis f. sp. hordei,Cyp51,Triadimenol,K147Q,8,Not determined,Environment,Host: Wheat; Drug family: Azole; ,,Cyp51,Agricultural,plant,,,,,CAE18105.1,Genbak,Not indicated,France,Hordeum vulgare
Helweg-Larsen,The Lancet,1999,10533864,Pneumocystis jirovecii,Dhps,Trimethoprim-sulfamethoxazole,T55A,7,Not determined,Clinical,Host: Human; Drug family: Dihydropyrimidine-Sulfonamide antibiotics; Partial gene,,Dhps,Clinical,human&animal,,,,,QBZ39416.1,GenBank,Not indicated,Iran,Homo sapiens
Helweg-Larsen,The Lancet,1999,10533864,Pneumocystis jirovecii,Dhps,Trimethoprim-sulfamethoxazole,P57S,7,Not determined,Clinical,Host: Human; Drug family: Dihydropyrimidine-Sulfonamide antibiotics; Partial gene,,Dhps,Clinical,human&animal,,,,,QBZ39416.1,GenBank,Not indicated,Iran,Homo sapiens
Schmitz,Pest Management Science,2014,23589453,Phakopsora pachyrhizi,Cyp51,Cyproconazole,Y131F,7,1.4 μg/mL (ED50),Environment,Host: Soybean; Drug family: Azole; Protein: eburicol 14 alpha demethylase,,Cyp51,Agricultural,plant,,,,,KAI8452430.1,GenBank,Not indicated,Brazil: Mate Grosso,
Schmitz,Pest Management Science,2014,23589453,Phakopsora pachyrhizi,Cyp51,Cyproconazole,I475T,7,1.4 μg/mL (ED50),Environment,Host: Soybean; Drug family: Azole; Protein: eburicol 14 alpha demethylase,,Cyp51,Agricultural,plant,,,,,KAI8452430.1,GenBank,Not indicated,Brazil: Mate Grosso,
Schmitz,Pest Management Science,2014,23589453,Phakopsora pachyrhizi,Cyp51,Epoxiconazole,Y131F,7,1.4 μg/mL (ED50),Environment,Host: Soybean; Drug family: Azole; Protein: eburicol 14 alpha demethylase,,Cyp51,Agricultural,plant,,,,,KAI8452430.1,GenBank,Not indicated,Brazil: Mate Grosso,
Schmitz,Pest Management Science,2014,23589453,Phakopsora pachyrhizi,Cyp51,Epoxiconazole,I475T,7,1.4 μg/mL (ED50),Environment,Host: Soybean; Drug family: Azole; Protein: eburicol 14 alpha demethylase,,Cyp51,Agricultural,plant,,,,,KAI8452430.1,GenBank,Not indicated,Brazil: Mate Grosso,
Schmitz,Pest Management Science,2014,23589453,Phakopsora pachyrhizi,Cyp51,Metconazole,Y131F,7,1.4 μg/mL (ED50),Environment,Host: Soybean; Drug family: Azole; Protein: eburicol 14 alpha demethylase,,Cyp51,Agricultural,plant,,,,,KAI8452430.1,GenBank,Not indicated,Brazil: Mate Grosso,
Schmitz,Pest Management Science,2014,23589453,Phakopsora pachyrhizi,Cyp51,Metconazole,I475T,7,1.4 μg/mL (ED50),Environment,Host: Soybean; Drug family: Azole; Protein: eburicol 14 alpha demethylase,,Cyp51,Agricultural,plant,,,,,KAI8452430.1,GenBank,Not indicated,Brazil: Mate Grosso,
Schmitz,Pest Management Science,2014,23589453,Phakopsora pachyrhizi,Cyp51,Tebuconazole,Y131F,7,1.4 μg/mL (ED50),Environment,Host: Soybean; Drug family: Azole; Protein: eburicol 14 alpha demethylase,,Cyp51,Agricultural,plant,,,,,KAI8452430.1,GenBank,Not indicated,Brazil: Mate Grosso,
Schmitz,Pest Management Science,2014,23589453,Phakopsora pachyrhizi,Cyp51,Tebuconazole,I475T,7,1.4 μg/mL (ED50),Environment,Host: Soybean; Drug family: Azole; Protein: eburicol 14 alpha demethylase,,Cyp51,Agricultural,plant,,,,,KAI8452430.1,GenBank,Not indicated,Brazil: Mate Grosso,
Schmitz,Pest Management Science,2014,23589453,Phakopsora pachyrhizi,Cyp51,Cyproconazole,Y131F,7,3 μg/mL (ED50),Environment,Host: Soybean; Drug family: Azole; Protein: eburicol 14 alpha demethylase,,Cyp51,Agricultural,plant,,,,,KAI8452430.1,GenBank,Not indicated,Brazil: Mate Grosso,
Schmitz,Pest Management Science,2014,23589453,Phakopsora pachyrhizi,Cyp51,Cyproconazole,K142R,7,3 μg/mL (ED50),Environment,Host: Soybean; Drug family: Azole; Protein: eburicol 14 alpha demethylase,,Cyp51,Agricultural,plant,,,,,KAI8452430.1,GenBank,Not indicated,Brazil: Mate Grosso,
Schmitz,Pest Management Science,2014,23589453,Phakopsora pachyrhizi,Cyp51,Epoxiconazole,Y131F,7,3 μg/mL (ED50),Environment,Host: Soybean; Drug family: Azole; Protein: eburicol 14 alpha demethylase,,Cyp51,Agricultural,plant,,,,,KAI8452430.1,GenBank,Not indicated,Brazil: Mate Grosso,
Schmitz,Pest Management Science,2014,23589453,Phakopsora pachyrhizi,Cyp51,Epoxiconazole,K142R,7,3 μg/mL (ED50),Environment,Host: Soybean; Drug family: Azole; Protein: eburicol 14 alpha demethylase,,Cyp51,Agricultural,plant,,,,,KAI8452430.1,GenBank,Not indicated,Brazil: Mate Grosso,
Schmitz,Pest Management Science,2014,23589453,Phakopsora pachyrhizi,Cyp51,Metconazole,Y131F,7,3 μg/mL (ED50),Environment,Host: Soybean; Drug family: Azole; Protein: eburicol 14 alpha demethylase,,Cyp51,Agricultural,plant,,,,,KAI8452430.1,GenBank,Not indicated,Brazil: Mate Grosso,
Schmitz,Pest Management Science,2014,23589453,Phakopsora pachyrhizi,Cyp51,Metconazole,K142R,7,3 μg/mL (ED50),Environment,Host: Soybean; Drug family: Azole; Protein: eburicol 14 alpha demethylase,,Cyp51,Agricultural,plant,,,,,KAI8452430.1,GenBank,Not indicated,Brazil: Mate Grosso,
Schmitz,Pest Management Science,2014,23589453,Phakopsora pachyrhizi,Cyp51,Tebuconazole,Y131F,7,3 μg/mL (ED50),Environment,Host: Soybean; Drug family: Azole; Protein: eburicol 14 alpha demethylase,,Cyp51,Agricultural,plant,,,,,KAI8452430.1,GenBank,Not indicated,Brazil: Mate Grosso,
Schmitz,Pest Management Science,2014,23589453,Phakopsora pachyrhizi,Cyp51,Tebuconazole,K142R,7,3 μg/mL (ED50),Environment,Host: Soybean; Drug family: Azole; Protein: eburicol 14 alpha demethylase,,Cyp51,Agricultural,plant,,,,,KAI8452430.1,GenBank,Not indicated,Brazil: Mate Grosso,
Schmitz,Pest Management Science,2014,23589453,Phakopsora pachyrhizi,Cyp51,Cyproconazole,Y131H,7,0.06-10 μg/mL (ED50),Environment,Host: Soybean; Drug family: Azole; Protein: eburicol 14 alpha demethylase,,Cyp51,Agricultural,plant,,,,,KAI8452430.1,GenBank,Not indicated,Brazil: Mate Grosso,
Schmitz,Pest Management Science,2014,23589453,Phakopsora pachyrhizi,Cyp51,Cyproconazole,F120L,7,0.06-10 μg/mL (ED50),Environment,Host: Soybean; Drug family: Azole; Protein: eburicol 14 alpha demethylase,,Cyp51,Agricultural,plant,,,,,KAI8452430.1,GenBank,Not indicated,Brazil: Mate Grosso,
Schmitz,Pest Management Science,2014,23589453,Phakopsora pachyrhizi,Cyp51,Epoxiconazole,Y131H,7,0.06-10 μg/mL (ED50),Environment,Host: Soybean; Drug family: Azole; Protein: eburicol 14 alpha demethylase,,Cyp51,Agricultural,plant,,,,,KAI8452430.1,GenBank,Not indicated,Brazil: Mate Grosso,
Schmitz,Pest Management Science,2014,23589453,Phakopsora pachyrhizi,Cyp51,Epoxiconazole,F120L,7,0.06-10 μg/mL (ED50),Environment,Host: Soybean; Drug family: Azole; Protein: eburicol 14 alpha demethylase,,Cyp51,Agricultural,plant,,,,,KAI8452430.1,GenBank,Not indicated,Brazil: Mate Grosso,
Schmitz,Pest Management Science,2014,23589453,Phakopsora pachyrhizi,Cyp51,Metconazole,Y131H,7,0.06-10 μg/mL (ED50),Environment,Host: Soybean; Drug family: Azole; Protein: eburicol 14 alpha demethylase,,Cyp51,Agricultural,plant,,,,,KAI8452430.1,GenBank,Not indicated,Brazil: Mate Grosso,
Schmitz,Pest Management Science,2014,23589453,Phakopsora pachyrhizi,Cyp51,Metconazole,F120L,7,0.06-10 μg/mL (ED50),Environment,Host: Soybean; Drug family: Azole; Protein: eburicol 14 alpha demethylase,,Cyp51,Agricultural,plant,,,,,KAI8452430.1,GenBank,Not indicated,Brazil: Mate Grosso,
Schmitz,Pest Management Science,2014,23589453,Phakopsora pachyrhizi,Cyp51,Tebuconazole,Y131H,7,0.06-10 μg/mL (ED50),Environment,Host: Soybean; Drug family: Azole; Protein: eburicol 14 alpha demethylase,,Cyp51,Agricultural,plant,,,,,KAI8452430.1,GenBank,Not indicated,Brazil: Mate Grosso,
Schmitz,Pest Management Science,2014,23589453,Phakopsora pachyrhizi,Cyp51,Tebuconazole,F120L,7,0.06-10 μg/mL (ED50),Environment,Host: Soybean; Drug family: Azole; Protein: eburicol 14 alpha demethylase,,Cyp51,Agricultural,plant,,,,,KAI8452430.1,GenBank,Not indicated,Brazil: Mate Grosso,
Sun,Pest Management Science,2017,27415408,Rhizoctonia cerealis,SdhD,Thifluzamide,H116Y,4,0.69 μg/mL (EC50),Lab,Host: Cereals; Drug family: SDHI (succinate dehydrogenase inhibitor); EC50 = effective concentration that results in 50% mycelial growth inhibition,,Sdh,Agricultural,plant,,,,,ANG58743.1,GenBank,R1404-T8,"China,Nanjing,Jiangsu",wheat
Sun,Pest Management Science,2017,27415408,Rhizoctonia cerealis,SdhD,Thifluzamide,L129I,4,0.69 μg/mL (EC50),Lab,Host: Cereals; Drug family: SDHI (succinate dehydrogenase inhibitor); EC50 = effective concentration that results in 50% mycelial growth inhibition,,Sdh,Agricultural,plant,,,,,ANG58743.1,GenBank,R1404-T8,"China,Nanjing,Jiangsu",wheat
Sun,Pest Management Science,2017,27415408,Rhizoctonia cerealis,SdhD,Boscalid,H116Y,4,0.39 μg/mL (EC50),Lab,Host: Cereals; Drug family: SDHI (succinate dehydrogenase inhibitor); EC50 = effective concentration that results in 50% mycelial growth inhibition,,Sdh,Agricultural,plant,,,,,ANG58743.1,GenBank,R1404-T8,"China,Nanjing,Jiangsu",wheat
Sun,Pest Management Science,2017,27415408,Rhizoctonia cerealis,SdhD,Boscalid,L129I,4,0.39 μg/mL (EC50),Lab,Host: Cereals; Drug family: SDHI (succinate dehydrogenase inhibitor); EC50 = effective concentration that results in 50% mycelial growth inhibition,,Sdh,Agricultural,plant,,,,,ANG58743.1,GenBank,R1404-T8,"China,Nanjing,Jiangsu",wheat
Sun,Pest Management Science,2017,27415408,Rhizoctonia cerealis,SdhD,Bixafen,H116Y,4,0.35 μg/mL (EC50),Lab,Host: Cereals; Drug family: SDHI (succinate dehydrogenase inhibitor); EC50 = effective concentration that results in 50% mycelial growth inhibition,,Sdh,Agricultural,plant,,,,,ANG58743.1,GenBank,R1404-T8,"China,Nanjing,Jiangsu",wheat
Sun,Pest Management Science,2017,27415408,Rhizoctonia cerealis,SdhD,Bixafen,L129I,4,0.35 μg/mL (EC50),Lab,Host: Cereals; Drug family: SDHI (succinate dehydrogenase inhibitor); EC50 = effective concentration that results in 50% mycelial growth inhibition,,Sdh,Agricultural,plant,,,,,ANG58743.1,GenBank,R1404-T8,"China,Nanjing,Jiangsu",wheat
Sun,Pest Management Science,2017,27415408,Rhizoctonia cerealis,SdhD,Penflufen,H116Y,4,0.087 μg/mL (EC50),Lab,Host: Cereals; Drug family: SDHI (succinate dehydrogenase inhibitor); EC50 = effective concentration that results in 50% mycelial growth inhibition,,Sdh,Agricultural,plant,,,,,ANG58743.1,GenBank,R1404-T8,"China,Nanjing,Jiangsu",wheat
Sun,Pest Management Science,2017,27415408,Rhizoctonia cerealis,SdhD,Penflufen,L129I,4,0.087 μg/mL (EC50),Lab,Host: Cereals; Drug family: SDHI (succinate dehydrogenase inhibitor); EC50 = effective concentration that results in 50% mycelial growth inhibition,,Sdh,Agricultural,plant,,,,,ANG58743.1,GenBank,R1404-T8,"China,Nanjing,Jiangsu",wheat
Sun,Pest Management Science,2017,27415408,Rhizoctonia cerealis,SdhD,Thifluzamide,H116D,4,0.98 μg/mL (EC50),Lab,Host: Cereals; Drug family: SDHI (succinate dehydrogenase inhibitor); EC50 = effective concentration that results in 50% mycelial growth inhibition,,Sdh,Agricultural,plant,,,,,ANG58743.1,GenBank,R1410-T5,"China,Nanjing,Jiangsu",wheat
Sun,Pest Management Science,2017,27415408,Rhizoctonia cerealis,SdhD,Thifluzamide,H118Y,4,0.98 μg/mL (EC50),Lab,Host: Cereals; Drug family: SDHI (succinate dehydrogenase inhibitor); EC50 = effective concentration that results in 50% mycelial growth inhibition,,Sdh,Agricultural,plant,,,,,ANG58743.1,GenBank,R1410-T5,"China,Nanjing,Jiangsu",wheat
Sun,Pest Management Science,2017,27415408,Rhizoctonia cerealis,SdhD,Boscalid,H116D,4,0.24 μg/mL (EC50),Lab,Host: Cereals; Drug family: SDHI (succinate dehydrogenase inhibitor); EC50 = effective concentration that results in 50% mycelial growth inhibition,,Sdh,Agricultural,plant,,,,,ANG58743.1,GenBank,R1410-T5,"China,Nanjing,Jiangsu",wheat
Sun,Pest Management Science,2017,27415408,Rhizoctonia cerealis,SdhD,Boscalid,H118Y,4,0.24 μg/mL (EC50),Lab,Host: Cereals; Drug family: SDHI (succinate dehydrogenase inhibitor); EC50 = effective concentration that results in 50% mycelial growth inhibition,,Sdh,Agricultural,plant,,,,,ANG58743.1,GenBank,R1410-T5,"China,Nanjing,Jiangsu",wheat
Sun,Pest Management Science,2017,27415408,Rhizoctonia cerealis,SdhD,Bixafen,H116D,4,0.28 μg/mL (EC50),Lab,Host: Cereals; Drug family: SDHI (succinate dehydrogenase inhibitor); EC50 = effective concentration that results in 50% mycelial growth inhibition,,Sdh,Agricultural,plant,,,,,ANG58743.1,GenBank,R1410-T5,"China,Nanjing,Jiangsu",wheat
Sun,Pest Management Science,2017,27415408,Rhizoctonia cerealis,SdhD,Bixafen,H118Y,4,0.28 μg/mL (EC50),Lab,Host: Cereals; Drug family: SDHI (succinate dehydrogenase inhibitor); EC50 = effective concentration that results in 50% mycelial growth inhibition,,Sdh,Agricultural,plant,,,,,ANG58743.1,GenBank,R1410-T5,"China,Nanjing,Jiangsu",wheat
Sun,Pest Management Science,2017,27415408,Rhizoctonia cerealis,SdhD,Penflufen,H116D,4,0.049 μg/mL (EC50),Lab,Host: Cereals; Drug family: SDHI (succinate dehydrogenase inhibitor); EC50 = effective concentration that results in 50% mycelial growth inhibition,,Sdh,Agricultural,plant,,,,,ANG58743.1,GenBank,R1410-T5,"China,Nanjing,Jiangsu",wheat
Sun,Pest Management Science,2017,27415408,Rhizoctonia cerealis,SdhD,Penflufen,H118Y,4,0.049 μg/mL (EC50),Lab,Host: Cereals; Drug family: SDHI (succinate dehydrogenase inhibitor); EC50 = effective concentration that results in 50% mycelial growth inhibition,,Sdh,Agricultural,plant,,,,,ANG58743.1,GenBank,R1410-T5,"China,Nanjing,Jiangsu",wheat
Jimenez-Ortigosa,Case Reports,2017,28923871,Aspergillus fumigatus,Fks1,Micafungin,S53G,8,2 μg/mL,Clinical,Host: Human; Drug family: Echinocandin; ,,Fks,Clinical,human&animal,,,,,OXN27958.1,Genbak,24053B,Canada: Montreal,Homo sapiens
Jimenez-Ortigosa,Case Reports,2017,28923871,Aspergillus fumigatus,Fks1,Micafungin,F675S,8,2 μg/mL,Clinical,Host: Human; Drug family: Echinocandin; ,,Fks,Clinical,human&animal,,,,,OXN27958.1,Genbak,24053B,Canada: Montreal,Homo sapiens
Jimenez-Ortigosa,Case Reports,2017,28923871,Aspergillus fumigatus,Fks1,Caspofungin,S53G,8,2 μg/mL,Clinical,Host: Human; Drug family: Echinocandin; ,,Fks,Clinical,human&animal,,,,,OXN27958.1,Genbak,24053B,Canada: Montreal,Homo sapiens
Jimenez-Ortigosa,Case Reports,2017,28923871,Aspergillus fumigatus,Fks1,Caspofungin,F675S,8,2 μg/mL,Clinical,Host: Human; Drug family: Echinocandin; ,,Fks,Clinical,human&animal,,,,,OXN27958.1,Genbak,24053B,Canada: Montreal,Homo sapiens
Young,Pest Management Science,2018,28960782,Zymoseptoria tritici,Cyp51,Strobilurin,L50S,2,Not determined,Lab,Host: Wheat; Drug family: Quinone-outside inhibitor; ,Mycosphaerella graminicola,Cyp51,Agricultural,plant,,,,,AKA94187.1,GenBank,FRA-6,USA:Oregon,
Young,Pest Management Science,2018,28960782,Zymoseptoria tritici,Cyp51,Strobilurin,I381V,2,Not determined,Lab,Host: Wheat; Drug family: Quinone-outside inhibitor; ,Mycosphaerella graminicola,Cyp51,Agricultural,plant,,,,,AKA94187.1,GenBank,FRA-6,USA:Oregon,
Young,Pest Management Science,2018,28960782,Zymoseptoria tritici,Cyp51,Strobilurin,Y459S,2,Not determined,Lab,Host: Wheat; Drug family: Quinone-outside inhibitor; ,Mycosphaerella graminicola,Cyp51,Agricultural,plant,,,,,AKA94187.1,GenBank,FRA-6,USA:Oregon,
Young,Pest Management Science,2018,28960782,Zymoseptoria tritici,Cyp51,Carbendazim,L50S,2,>5 μg/mL (EC50),Lab,Host: Wheat; Drug family: Methyl benzimidazole carbamates (MBCs); ,Mycosphaerella graminicola,Cyp51,Agricultural,plant,,,,,AKA94187.1,GenBank,FRA-6,USA:Oregon,
Young,Pest Management Science,2018,28960782,Zymoseptoria tritici,Cyp51,Carbendazim,I381V,2,>5 μg/mL (EC50),Lab,Host: Wheat; Drug family: Methyl benzimidazole carbamates (MBCs); ,Mycosphaerella graminicola,Cyp51,Agricultural,plant,,,,,AKA94187.1,GenBank,FRA-6,USA:Oregon,
Young,Pest Management Science,2018,28960782,Zymoseptoria tritici,Cyp51,Carbendazim,Y459S,2,>5 μg/mL (EC50),Lab,Host: Wheat; Drug family: Methyl benzimidazole carbamates (MBCs); ,Mycosphaerella graminicola,Cyp51,Agricultural,plant,,,,,AKA94187.1,GenBank,FRA-6,USA:Oregon,
Young,Pest Management Science,2018,28960782,Zymoseptoria tritici,Cyp51,Strobilurin,L50S,2,Not determined,Lab,Host: Wheat; Drug family: Quinone-outside inhibitor; ,Mycosphaerella graminicola,Cyp51,Agricultural,plant,,,,,AKA94187.1,GenBank,GBR22,USA:Oregon,
Young,Pest Management Science,2018,28960782,Zymoseptoria tritici,Cyp51,Strobilurin,I381V,2,Not determined,Lab,Host: Wheat; Drug family: Quinone-outside inhibitor; ,Mycosphaerella graminicola,Cyp51,Agricultural,plant,,,,,AKA94187.1,GenBank,GBR22,USA:Oregon,
Young,Pest Management Science,2018,28960782,Zymoseptoria tritici,Cyp51,Strobilurin,Y459D,2,Not determined,Lab,Host: Wheat; Drug family: Quinone-outside inhibitor; ,Mycosphaerella graminicola,Cyp51,Agricultural,plant,,,,,AKA94187.1,GenBank,GBR22,USA:Oregon,
Young,Pest Management Science,2018,28960782,Zymoseptoria tritici,Cyp51,Carbendazim,L50S,2,>5 μg/mL (EC50),Lab,Host: Wheat; Drug family: Methyl benzimidazole carbamates (MBCs); ,Mycosphaerella graminicola,Cyp51,Agricultural,plant,,,,,AKA94187.1,GenBank,GBR22,USA:Oregon,
Young,Pest Management Science,2018,28960782,Zymoseptoria tritici,Cyp51,Carbendazim,I381V,2,>5 μg/mL (EC50),Lab,Host: Wheat; Drug family: Methyl benzimidazole carbamates (MBCs); ,Mycosphaerella graminicola,Cyp51,Agricultural,plant,,,,,AKA94187.1,GenBank,GBR22,USA:Oregon,
Young,Pest Management Science,2018,28960782,Zymoseptoria tritici,Cyp51,Carbendazim,Y459D,2,>5 μg/mL (EC50),Lab,Host: Wheat; Drug family: Methyl benzimidazole carbamates (MBCs); ,Mycosphaerella graminicola,Cyp51,Agricultural,plant,,,,,AKA94187.1,GenBank,GBR22,USA:Oregon,
McDonald,Applied and Environmental Microbiology,2019,30530713,Zymoseptoria tritici,Cyp51,Tebuconazole,L50S,7,0.7 μg/mL (EC50),Environment,Host: Wheat; Drug family: Azole; With isolates genome sequencing,Mycosphaerella graminicola,Cyp51,Agricultural,plant,,,,,AKA94187.1,GenBank,B7,USA:Oregon,
McDonald,Applied and Environmental Microbiology,2019,30530713,Zymoseptoria tritici,Cyp51,Tebuconazole,S188N,7,0.7 μg/mL (EC50),Environment,Host: Wheat; Drug family: Azole; With isolates genome sequencing,Mycosphaerella graminicola,Cyp51,Agricultural,plant,,,,,AKA94187.1,GenBank,B7,USA:Oregon,
McDonald,Applied and Environmental Microbiology,2019,30530713,Zymoseptoria tritici,Cyp51,Tebuconazole,L50S,7,2.25 μg/mL (EC50),Environment,Host: Wheat; Drug family: Azole; With isolates genome sequencing,Mycosphaerella graminicola,Cyp51,Agricultural,plant,,,,,AKA94187.1,GenBank,C22,USA:Oregon,
McDonald,Applied and Environmental Microbiology,2019,30530713,Zymoseptoria tritici,Cyp51,Tebuconazole,S188N,7,2.25 μg/mL (EC50),Environment,Host: Wheat; Drug family: Azole; With isolates genome sequencing,Mycosphaerella graminicola,Cyp51,Agricultural,plant,,,,,AKA94187.1,GenBank,C22,USA:Oregon,
McDonald,Applied and Environmental Microbiology,2019,30530713,Zymoseptoria tritici,Cyp51,Tebuconazole,Y461S,7,2.25 μg/mL (EC50),Environment,Host: Wheat; Drug family: Azole; With isolates genome sequencing,Mycosphaerella graminicola,Cyp51,Agricultural,plant,,,,,AKA94187.1,GenBank,C22,USA:Oregon,
McDonald,Applied and Environmental Microbiology,2019,30530713,Zymoseptoria tritici,Cyp51,Epoxiconazole,L50S,7,1.3 μg/mL (EC50),Environment,Host: Wheat; Drug family: Azole; With isolates genome sequencing,Mycosphaerella graminicola,Cyp51,Agricultural,plant,,,,,AKA94187.1,GenBank,C22,USA:Oregon,
McDonald,Applied and Environmental Microbiology,2019,30530713,Zymoseptoria tritici,Cyp51,Epoxiconazole,S188N,7,1.3 μg/mL (EC50),Environment,Host: Wheat; Drug family: Azole; With isolates genome sequencing,Mycosphaerella graminicola,Cyp51,Agricultural,plant,,,,,AKA94187.1,GenBank,C22,USA:Oregon,
McDonald,Applied and Environmental Microbiology,2019,30530713,Zymoseptoria tritici,Cyp51,Epoxiconazole,Y461S,7,1.3 μg/mL (EC50),Environment,Host: Wheat; Drug family: Azole; With isolates genome sequencing,Mycosphaerella graminicola,Cyp51,Agricultural,plant,,,,,AKA94187.1,GenBank,C22,USA:Oregon,
McDonald,Applied and Environmental Microbiology,2019,30530713,Zymoseptoria tritici,Cyp51,Tebuconazole,L50S,7,1.3 μg/mL (EC50),Environment,Host: Wheat; Drug family: Azole; With isolates genome sequencing,Mycosphaerella graminicola,Cyp51,Agricultural,plant,,,,,AKA94187.1,GenBank,B8,USA:Oregon,
McDonald,Applied and Environmental Microbiology,2019,30530713,Zymoseptoria tritici,Cyp51,Tebuconazole,Y461S,7,1.3 μg/mL (EC50),Environment,Host: Wheat; Drug family: Azole; With isolates genome sequencing,Mycosphaerella graminicola,Cyp51,Agricultural,plant,,,,,AKA94187.1,GenBank,B8,USA:Oregon,
McDonald,Applied and Environmental Microbiology,2019,30530713,Zymoseptoria tritici,Cyp51,Epoxiconazole,L50S,7,0.3 μg/mL (EC50),Environment,Host: Wheat; Drug family: Azole; With isolates genome sequencing,Mycosphaerella graminicola,Cyp51,Agricultural,plant,,,,,AKA94187.1,GenBank,B8,USA:Oregon,
McDonald,Applied and Environmental Microbiology,2019,30530713,Zymoseptoria tritici,Cyp51,Epoxiconazole,Y461S,7,0.3 μg/mL (EC50),Environment,Host: Wheat; Drug family: Azole; With isolates genome sequencing,Mycosphaerella graminicola,Cyp51,Agricultural,plant,,,,,AKA94187.1,GenBank,B8,USA:Oregon,
Wei,Plant Disease,2020,31951509,Colletotrichum gloeosporioides,Cyp51A,Tebuconazole,V18F,7,0.76 μg/mL (EC50),Environment,"Host: Tropical fruits; Drug family: Azole; Cross-resistance was also tested with: difenoconazole, propiconazole, prochloraz,  fluazinam,  azoxystrobin and fludioxonil",Glomerella cingulata,Cyp51,Agricultural,plant,,,,,WDE41094.1,GenBank,YC18,China,soybean
Wei,Plant Disease,2020,31951509,Colletotrichum gloeosporioides,Cyp51A,Tebuconazole,L58V,7,0.76 μg/mL (EC50),Environment,"Host: Tropical fruits; Drug family: Azole; Cross-resistance was also tested with: difenoconazole, propiconazole, prochloraz,  fluazinam,  azoxystrobin and fludioxonil",Glomerella cingulata,Cyp51,Agricultural,plant,,,,,WDE41094.1,GenBank,YC18,China,soybean
Wei,Plant Disease,2020,31951509,Colletotrichum gloeosporioides,Cyp51A,Tebuconazole,S175P,7,0.76 μg/mL (EC50),Environment,"Host: Tropical fruits; Drug family: Azole; Cross-resistance was also tested with: difenoconazole, propiconazole, prochloraz,  fluazinam,  azoxystrobin and fludioxonil",Glomerella cingulata,Cyp51,Agricultural,plant,,,,,WDE41094.1,GenBank,YC18,China,soybean
Wei,Plant Disease,2020,31951509,Colletotrichum gloeosporioides,Cyp51A,Tebuconazole,P341A,7,0.76 μg/mL (EC50),Environment,"Host: Tropical fruits; Drug family: Azole; Cross-resistance was also tested with: difenoconazole, propiconazole, prochloraz,  fluazinam,  azoxystrobin and fludioxonil",Glomerella cingulata,Cyp51,Agricultural,plant,,,,,WDE41094.1,GenBank,YC18,China,soybean
Wei,Plant Disease,2020,31951509,Colletotrichum gloeosporioides,Cyp51A,Tebuconazole,V18F,7,0.76 μg/mL (EC50),Environment,"Host: Tropical fruits; Drug family: Azole; Cross-resistance was also tested with: difenoconazole, propiconazole, prochloraz,  fluazinam,  azoxystrobin and fludioxonil",Glomerella cingulata,Cyp51,Agricultural,plant,,,,,WDE41095.1,GenBank,YC18,China,soybean
Wei,Plant Disease,2020,31951509,Colletotrichum gloeosporioides,Cyp51A,Tebuconazole,L58V,7,0.76 μg/mL (EC50),Environment,"Host: Tropical fruits; Drug family: Azole; Cross-resistance was also tested with: difenoconazole, propiconazole, prochloraz,  fluazinam,  azoxystrobin and fludioxonil",Glomerella cingulata,Cyp51,Agricultural,plant,,,,,WDE41095.1,GenBank,YC18,China,soybean
Wei,Plant Disease,2020,31951509,Colletotrichum gloeosporioides,Cyp51A,Tebuconazole,S175P,7,0.76 μg/mL (EC50),Environment,"Host: Tropical fruits; Drug family: Azole; Cross-resistance was also tested with: difenoconazole, propiconazole, prochloraz,  fluazinam,  azoxystrobin and fludioxonil",Glomerella cingulata,Cyp51,Agricultural,plant,,,,,WDE41095.1,GenBank,YC18,China,soybean
Wei,Plant Disease,2020,31951509,Colletotrichum gloeosporioides,Cyp51A,Tebuconazole,P341A,7,0.76 μg/mL (EC50),Environment,"Host: Tropical fruits; Drug family: Azole; Cross-resistance was also tested with: difenoconazole, propiconazole, prochloraz,  fluazinam,  azoxystrobin and fludioxonil",Glomerella cingulata,Cyp51,Agricultural,plant,,,,,WDE41095.1,GenBank,YC18,China,soybean
Carolus,mBio,2021,33820824,Candidozyma auris,Fks1,Caspofungin,F635del,7,64 µg/mL,Evolved,"Resistance measured with MIC50. Important, strain exposed to caspofungin and isolated at 15 days. Deletion at 635 in FKS1 previously described in C. glabrata (Johnson et al, AAC, 2011) and C. auris (Alfouzan et al, JFungi, 2020)",Candida auris,Fks,Clinical,human&animal,,,,,KAK8441599,NCBI,C15,Pakistan,Homo Sapiens
Carolus,mBio,2021,33820824,Candidozyma auris,Fks1,Caspofungin,M690I,7,64 µg/mL,Evolved,"Resistance measured with MIC50. Important, strain exposed to caspofungin and isolated at 15 days. Deletion at 635 in FKS1 previously described in C. glabrata (Johnson et al, AAC, 2011) and C. auris (Alfouzan et al, JFungi, 2020)",Candida auris,Fks,Clinical,human&animal,,,,,KAK8441599,NCBI,C15,Pakistan,Homo Sapiens
Zhu,Pesticide Biochemistry and Physiology,2022,35973770,Corynespora cassiicola,SdhC,Boscalid,S73P,7,1.2 μg/mL (logEC50),Environment,Host: Curcubits; Drug family: SDHI (succinate dehydrogenase inhibitor); ,,Sdh,Agricultural,human&plant,,,,,BAJ07111.1,GenBank,Not indicated,Japan:ibaraki,Cucumus sativus
Zhu,Pesticide Biochemistry and Physiology,2022,35973770,Corynespora cassiicola,SdhC,Boscalid,N75S,7,1.2 μg/mL (logEC50),Environment,Host: Curcubits; Drug family: SDHI (succinate dehydrogenase inhibitor); ,,Sdh,Agricultural,human&plant,,,,,BAJ07111.1,GenBank,Not indicated,Japan:ibaraki,Cucumus sativus
Zhu,Pesticide Biochemistry and Physiology,2022,35973770,Corynespora cassiicola,SdhC,Boscalid,S73P,7,1.2 μg/mL (logEC50),Environment,Host: Curcubits; Drug family: SDHI (succinate dehydrogenase inhibitor); ,,Sdh,Agricultural,human&plant,,,,,BAJ07114.1,GenBank,Not indicated,Japan:ibaraki,Cucumus sativus
Zhu,Pesticide Biochemistry and Physiology,2022,35973770,Corynespora cassiicola,SdhC,Boscalid,N75S,7,1.2 μg/mL (logEC50),Environment,Host: Curcubits; Drug family: SDHI (succinate dehydrogenase inhibitor); ,,Sdh,Agricultural,human&plant,,,,,BAJ07114.1,GenBank,Not indicated,Japan:ibaraki,Cucumus sativus
Zhu,Pesticide Biochemistry and Physiology,2022,35973770,Corynespora cassiicola,SdhC,Fluopyram,S73P,7,1.5 μg/mL (logEC50),Environment,Host: Curcubits; Drug family: SDHI (succinate dehydrogenase inhibitor); ,,Sdh,Agricultural,human&plant,,,,,BAJ07114.1,GenBank,Not indicated,Japan:ibaraki,Cucumus sativus
Zhu,Pesticide Biochemistry and Physiology,2022,35973770,Corynespora cassiicola,SdhC,Fluopyram,N75S,7,1.5 μg/mL (logEC50),Environment,Host: Curcubits; Drug family: SDHI (succinate dehydrogenase inhibitor); ,,Sdh,Agricultural,human&plant,,,,,BAJ07114.1,GenBank,Not indicated,Japan:ibaraki,Cucumus sativus
Zhu,Pesticide Biochemistry and Physiology,2022,35973770,Corynespora cassiicola,SdhC,Fluxapyroxad,S73P,7,0.7 μg/mL (logEC50),Environment,Host: Curcubits; Drug family: SDHI (succinate dehydrogenase inhibitor); ,,Sdh,Agricultural,human&plant,,,,,BAJ07114.1,GenBank,Not indicated,Japan:ibaraki,Cucumus sativus
Zhu,Pesticide Biochemistry and Physiology,2022,35973770,Corynespora cassiicola,SdhC,Fluxapyroxad,N75S,7,0.7 μg/mL (logEC50),Environment,Host: Curcubits; Drug family: SDHI (succinate dehydrogenase inhibitor); ,,Sdh,Agricultural,human&plant,,,,,BAJ07114.1,GenBank,Not indicated,Japan:ibaraki,Cucumus sativus
Zhu,Pesticide Biochemistry and Physiology,2022,35973770,Corynespora cassiicola,SdhC,Isopyrazam,S73P,7,0.4 μg/mL (logEC50),Environment,Host: Curcubits; Drug family: SDHI (succinate dehydrogenase inhibitor); ,,Sdh,Agricultural,human&plant,,,,,BAJ07114.1,GenBank,Not indicated,Japan:ibaraki,Cucumus sativus
Zhu,Pesticide Biochemistry and Physiology,2022,35973770,Corynespora cassiicola,SdhC,Isopyrazam,N75S,7,0.4 μg/mL (logEC50),Environment,Host: Curcubits; Drug family: SDHI (succinate dehydrogenase inhibitor); ,,Sdh,Agricultural,human&plant,,,,,BAJ07114.1,GenBank,Not indicated,Japan:ibaraki,Cucumus sativus
Stammler,Crop Protection,2008,https://doi.org/10.1016/j.cropro.2008.07.007,Zymoseptoria tritici,Cyp51,Epoxiconazole,I381V,7,0.14 μg/mL (ED50),Environment,Host: Wheat; Drug family: Azole; ,Mycosphaerella graminicola,Cyp51,Agricultural,plant,,,,,AKA94187.1,GenBank,R6a1,USA:Oregon,
Stammler,Crop Protection,2008,https://doi.org/10.1016/j.cropro.2008.07.007,Zymoseptoria tritici,Cyp51,Epoxiconazole,Y459N,7,0.14 μg/mL (ED50),Environment,Host: Wheat; Drug family: Azole; ,Mycosphaerella graminicola,Cyp51,Agricultural,plant,,,,,AKA94187.1,GenBank,R6a1,USA:Oregon,
Mair,Fungal genetics and biology,2020,33035658,Pyrenophora teres f. sp. maculata,Cyp51A,Prochloraz,F489L,7,105 µg/mL (EC50),Environment,,,Cyp51,Agricultural,plant,,,,,QNL14897.1,GenBank,,"Australia: Broomehill, WA",Hordeum vulgare
Mair,Fungal genetics and biology,2020,33035658,Pyrenophora teres f. sp. maculata,Cyp51A promoter,Prochloraz,184 bp promoter insert,7,105 µg/mL (EC50),Environment,,,Cyp51 promoter,Agricultural,plant,,,,,QNL14897.1,GenBank,,"Australia: Broomehill, WA",Hordeum vulgare
Mair,Fungal genetics and biology,2020,33035658,Pyrenophora teres f. sp. maculata,Cyp51A,Tebuconazole,F489L,7,50.6 µg/mL (EC50),Environment,,,Cyp51,Agricultural,plant,,,,,QNL14897.1,GenBank,,"Australia: Broomehill, WA",Hordeum vulgare
Mair,Fungal genetics and biology,2020,33035658,Pyrenophora teres f. sp. maculata,Cyp51A promoter,Tebuconazole,184 bp promoter insert,7,50.6 µg/mL (EC50),Environment,,,Cyp51 promoter,Agricultural,plant,,,,,QNL14897.1,GenBank,,"Australia: Broomehill, WA",Hordeum vulgare
Mair,Fungal genetics and biology,2020,33035658,Pyrenophora teres f. sp. maculata,Cyp51A,Metconazole,F489L,7,37.5 µg/mL (EC50),Environment,,,Cyp51,Agricultural,plant,,,,,QNL14897.1,GenBank,,"Australia: Broomehill, WA",Hordeum vulgare
Mair,Fungal genetics and biology,2020,33035658,Pyrenophora teres f. sp. maculata,Cyp51A promoter,Metconazole,184 bp promoter insert,7,37.5 µg/mL (EC50),Environment,,,Cyp51 promoter,Agricultural,plant,,,,,QNL14897.1,GenBank,,"Australia: Broomehill, WA",Hordeum vulgare
Mair,Fungal genetics and biology,2020,33035658,Pyrenophora teres f. sp. maculata,Cyp51A,Difenoconazole,F489L,7,58.5 µg/mL (EC50),Environment,,,Cyp51,Agricultural,plant,,,,,QNL14897.1,GenBank,,"Australia: Broomehill, WA",Hordeum vulgare
Mair,Fungal genetics and biology,2020,33035658,Pyrenophora teres f. sp. maculata,Cyp51A promoter,Difenoconazole,184 bp promoter insert,7,58.5 µg/mL (EC50),Environment,,,Cyp51 promoter,Agricultural,plant,,,,,QNL14897.1,GenBank,,"Australia: Broomehill, WA",Hordeum vulgare
Mair,Fungal genetics and biology,2020,33035658,Pyrenophora teres f. sp. maculata,Cyp51A,Propiconazole,F489L,7,36.4 µg/mL (EC50),Environment,,,Cyp51,Agricultural,plant,,,,,QNL14897.1,GenBank,,"Australia: Broomehill, WA",Hordeum vulgare
Mair,Fungal genetics and biology,2020,33035658,Pyrenophora teres f. sp. maculata,Cyp51A promoter,Propiconazole,184 bp promoter insert,7,36.4 µg/mL (EC50),Environment,,,Cyp51 promoter,Agricultural,plant,,,,,QNL14897.1,GenBank,,"Australia: Broomehill, WA",Hordeum vulgare
Mair,Fungal genetics and biology,2020,33035658,Pyrenophora teres f. sp. maculata,Cyp51A,Prothioconazole,F489L,7,23.9 µg/mL (EC50),Environment,,,Cyp51,Agricultural,plant,,,,,QNL14897.1,GenBank,,"Australia: Broomehill, WA",Hordeum vulgare
Mair,Fungal genetics and biology,2020,33035658,Pyrenophora teres f. sp. maculata,Cyp51A promoter,Prothioconazole,184 bp promoter insert,7,23.9 µg/mL (EC50),Environment,,,Cyp51 promoter,Agricultural,plant,,,,,QNL14897.1,GenBank,,"Australia: Broomehill, WA",Hordeum vulgare
Dorigan,CROP PROTECTION,2017,https://doi.org/10.4025/actasciagron.v41i1.39332,Magnaporthe grisea,Cyp51A,Tebuconazole,R158K,7,1.0742 µg/mL (EC50),Environment,Partial gene,"Magnaporthe oryzae,Pyricularia grisea,Pyricularia oryzae",Cyp51,Agricultural,plant,7,,,,AWL54325.1,GenBank,H8,Brazil,Digitaria sanguinalis
Dorigan,CROP PROTECTION,2017,https://doi.org/10.4025/actasciagron.v41i1.39332,Magnaporthe grisea,Cyp51A,Epoxiconazole,R158K,7,0.2849 µg/mL (EC50),Environment,Partial gene,"Magnaporthe oryzae,Pyricularia grisea,Pyricularia oryzae",Cyp51,Agricultural,plant,7,,,,AWL54325.1,GenBank,H8,Brazil,Digitaria sanguinalis
Dorigan,CROP PROTECTION,2017,https://doi.org/10.4025/actasciagron.v41i1.39332,Pyricularia graminis-tritici,Cyp51A,Tebuconazole,R158K,7,1.4381 µg/mL (EC50),Environment,,,Cyp51,Agricultural,plant,7,,,,AWL54324.1,GenBank,H7,Brazil,Urochloa sp.
Dorigan,CROP PROTECTION,2017,https://doi.org/10.4025/actasciagron.v41i1.39332,Pyricularia graminis-tritici,Cyp51A,Epoxiconazole,R158K,7,0.3572 µg/mL (EC50),Environment,,,Cyp51,Agricultural,plant,7,,,,AWL54324.1,GenBank,H7,Brazil,Urochloa sp.
Dorigan,CROP PROTECTION,2017,https://doi.org/10.4025/actasciagron.v41i1.39332,Pyricularia pennisetigena,Cyp51A,Tebuconazole,R158K,7,1.4210 µg/mL (EC50),Environment,,,Cyp51,Agricultural,plant,7,,,,AWL54323.1,GenBank,H1,Brazil,Megathyrsus maximus
Dorigan,CROP PROTECTION,2017,https://doi.org/10.4025/actasciagron.v41i1.39332,Pyricularia pennisetigena,Cyp51A,Epoxiconazole,R158K,7,0.2849 µg/mL (EC50),Environment,,,Cyp51,Agricultural,plant,7,,,,AWL54323.1,GenBank,H1,Brazil,Megathyrsus maximus
Castroagudin,Phytophatology,2015,25226525,Magnaporthe grisea,Cyp51A,Tebuconazole,R158K,2,1.28 µg/mL (EC50),Environment,,"Magnaporthe oryzae,Pyricularia grisea,Pyricularia oryzae",Cyp51,Agricultural,plant,,,,,AWL54320.1,GenBank,H4,Brazil,Oryza sativa
Castroagudin,Phytophatology,2015,25226525,Magnaporthe grisea,Cyp51A,Tebuconazole,L466Q,2,1.28 µg/mL (EC50),Environment,,"Magnaporthe oryzae,Pyricularia grisea,Pyricularia oryzae",Cyp51,Agricultural,plant,,,,,AWL54320.1,GenBank,H4,Brazil,Oryza sativa
Castroagudin,Phytophatology,2015,25226525,Magnaporthe grisea,Cyp51A,Epoxiconazole,R158K,2,0.35 µg/mL (EC50),Environment,,"Magnaporthe oryzae,Pyricularia grisea,Pyricularia oryzae",Cyp51,Agricultural,plant,,,,,AWL54320.1,GenBank,H4,Brazil,Oryza sativa
Castroagudin,Phytophatology,2015,25226525,Magnaporthe grisea,Cyp51A,Epoxiconazole,L466Q,2,0.35 µg/mL (EC50),Environment,,"Magnaporthe oryzae,Pyricularia grisea,Pyricularia oryzae",Cyp51,Agricultural,plant,,,,,AWL54320.1,GenBank,H4,Brazil,Oryza sativa
Li,Journal of Plant Diseases and Protection,2022,https://doi.org/10.1007/s41348-022-00639-y,Sclerotinia sclerotiorum,SdhB,Boscalid,V58A,7,2.73 µg/mL (EC50),Environment,,,Sdh,Agricultural,plant,7,,,,UGY75365.1,GenBank,ZX22,Mexico: SIN,
Wang,Journal of agricultural and food chemistry,2022,35666187,Sclerotinia sclerotiorum,SdhB,Boscalid,P226L,1,64.04 µg/mL (EC50),Lab,,,Sdh,Agricultural,plant,1,,,,UGY75365.1,GenBank,1980–112,Mexico: SIN,
Poti,Journal of Phytophatology,2020,https://doi.org/10.1111/jph.12888,Colletotrichum truncatum,Beta-tubulin,Carbendazim,E198A,7,>2000 µg/mL (EC50),Environment,,,Beta-tubulin,Agricultural,plant,,,,,AXL97559.1,GenBank,CtSkP_1,India,Capsicum annum
Poti,Journal of Phytophatology,2020,https://doi.org/10.1111/jph.12888,Colletotrichum truncatum,Beta-tubulin,Carbendazim,D209N,7,>2000 µg/mL (EC50),Environment,,,Beta-tubulin,Agricultural,plant,,,,,AXL97559.1,GenBank,CtSkP_1,India,Capsicum annum
Ren,Journal of Plant Diseases and Protection,2020,https://doi.org/10.1007/s41348-020-00316-y,Colletotrichum gloeosporioides,Cytochrome b,Picoxystrobin,G143A,7,9.515 μg/mL (EC50),Environment,Partial gene,Glomerella cingulata,Cytochrome b,Agricultural,plant,,,,,WPO07116.1,GenBank,CZ11,"USA: Clinch County, Georgia",Vaccinium sp. cv. Indigo
Ren,Journal of Plant Diseases and Protection,2020,https://doi.org/10.1007/s41348-020-00316-y,Colletotrichum gloeosporioides,Cytochrome b,Picoxystrobin,G143A,7,9.515 μg/mL (EC50),Environment,Partial gene,Glomerella cingulata,Cytochrome b,Agricultural,plant,,,,,WPO07116.1,GenBank,CZ11,"USA: Clinch County, Georgia",Vaccinium sp. cv. Indigo
Ren,Journal of Plant Diseases and Protection,2020,https://doi.org/10.1007/s41348-020-00316-y,Colletotrichum gloeosporioides,Cytochrome b,Kresoxim-methyl,G143A,7,2.512 μg/mL (EC50),Environment,Partial gene,Glomerella cingulata,Cytochrome b,Agricultural,plant,,,,,WPO07116.1,GenBank,CZ11,"USA: Clinch County, Georgia",Vaccinium sp. cv. Indigo
Ren,Journal of Plant Diseases and Protection,2020,https://doi.org/10.1007/s41348-020-00316-y,Colletotrichum gloeosporioides,Cytochrome b,Kresoxim-methyl,G143A,7,2.512 μg/mL (EC50),Environment,Partial gene,Glomerella cingulata,Cytochrome b,Agricultural,plant,,,,,WPO07116.1,GenBank,CZ11,"USA: Clinch County, Georgia",Vaccinium sp. cv. Indigo
Ren,Journal of Plant Diseases and Protection,2020,https://doi.org/10.1007/s41348-020-00316-y,Colletotrichum gloeosporioides,Cytochrome b,Azoxystrobin,G143A,7,9.905 μg/mL (EC50),Environment,Partial gene,Glomerella cingulata,Cytochrome b,Agricultural,plant,,,,,WPO07116.1,GenBank,CZ11,"USA: Clinch County, Georgia",Vaccinium sp. cv. Indigo
Ren,Journal of Plant Diseases and Protection,2020,https://doi.org/10.1007/s41348-020-00316-y,Colletotrichum gloeosporioides,Cytochrome b,Azoxystrobin,G143A,7,9.905 μg/mL (EC50),Environment,Partial gene,Glomerella cingulata,Cytochrome b,Agricultural,plant,,,,,WPO07116.1,GenBank,CZ11,"USA: Clinch County, Georgia",Vaccinium sp. cv. Indigo
Chen,Journal of Phytopathology,2021,https://doi.org/10.1111/jph.13021,Fusarium graminearum,Cyp51B,Tebuconazole,S169Y,7,0.73 µg/mL (EC50),Environment,Sterol 14-alpha demethylase gene,,Cyp51,Agricultural,plant,7,,,,WXC55184.1,GenBank,,"USA: Georgetown, Minnessota",
Chechi,Pesticide Biochemistry and Physiology,2019,31378355,Colletotrichum siamense,Beta-tubulin 2,Azoxystrobin,E198A,7,>100 μg/mL (EC50),Environment,Host: Fruit trees; Drug family: Quinone-outside inhibitor; beta tubulin 2: partial gene,,Beta-tubulin,Agricultural,plant,,,,,AKC42429.1,GenBank,IL_AO2,USA,Peach
Chechi,Pesticide Biochemistry and Physiology,2019,31378355,Colletotrichum siamense,Cytb,Azoxystrobin,G143A,7,>100 μg/mL (EC50),Environment,Host: Fruit trees; Drug family: Quinone-outside inhibitor; beta tubulin 2: partial gene,,Cytochrome b,Agricultural,plant,,,,,AKC42429.1,GenBank,IL_AO2,USA,Peach
Chechi,Pesticide Biochemistry and Physiology,2019,31378355,Colletotrichum siamense,Beta-tubulin 2,Thiophanate-methyl,E198A,7,>100 μg/mL (EC50),Environment,Host: Fruit trees; Drug family: Methyl benzimidazole carbamates (MBCs); beta tubulin 2: partial gene,,Beta-tubulin,Agricultural,plant,,,,,AKC42429.1,GenBank,IL_AO2,USA,Peach
Chechi,Pesticide Biochemistry and Physiology,2019,31378355,Colletotrichum siamense,Cytb,Thiophanate-methyl,G143A,7,>100 μg/mL (EC50),Environment,Host: Fruit trees; Drug family: Methyl benzimidazole carbamates (MBCs); beta tubulin 2: partial gene,,Cytochrome b,Agricultural,plant,,,,,AKC42429.1,GenBank,IL_AO2,USA,Peach
Wei,Plant Disease,2020,31951509,Colletotrichum gloeosporioides,Cyp51A,Tebuconazole,L58V,7,0.77 μg/mL (EC50),Environment,"Host: Tropical fruits; Drug family: Azole; Cross-resistance was also tested with: difenoconazole, propiconazole, prochloraz,  fluazinam,  azoxystrobin and fludioxonil",Glomerella cingulata,Cyp51,Agricultural,plant,,,,,WDE41094.1,GenBank,YC56,China,soybean
Wei,Plant Disease,2020,31951509,Colletotrichum gloeosporioides,Cyp51A,Tebuconazole,S175P,7,0.77 μg/mL (EC50),Environment,"Host: Tropical fruits; Drug family: Azole; Cross-resistance was also tested with: difenoconazole, propiconazole, prochloraz,  fluazinam,  azoxystrobin and fludioxonil",Glomerella cingulata,Cyp51,Agricultural,plant,,,,,WDE41094.1,GenBank,YC56,China,soybean
Wei,Plant Disease,2020,31951509,Colletotrichum gloeosporioides,Cyp51A,Tebuconazole,A340S,7,0.77 μg/mL (EC50),Environment,"Host: Tropical fruits; Drug family: Azole; Cross-resistance was also tested with: difenoconazole, propiconazole, prochloraz,  fluazinam,  azoxystrobin and fludioxonil",Glomerella cingulata,Cyp51,Agricultural,plant,,,,,WDE41094.1,GenBank,YC56,China,soybean
Wei,Plant Disease,2020,31951509,Colletotrichum gloeosporioides,Cyp51A,Tebuconazole,T379A,7,0.77 μg/mL (EC50),Environment,"Host: Tropical fruits; Drug family: Azole; Cross-resistance was also tested with: difenoconazole, propiconazole, prochloraz,  fluazinam,  azoxystrobin and fludioxonil",Glomerella cingulata,Cyp51,Agricultural,plant,,,,,WDE41094.1,GenBank,YC56,China,soybean
Wei,Plant Disease,2020,31951509,Colletotrichum gloeosporioides,Cyp51A,Tebuconazole,N476T,7,0.77 μg/mL (EC50),Environment,"Host: Tropical fruits; Drug family: Azole; Cross-resistance was also tested with: difenoconazole, propiconazole, prochloraz,  fluazinam,  azoxystrobin and fludioxonil",Glomerella cingulata,Cyp51,Agricultural,plant,,,,,WDE41094.1,GenBank,YC56,China,soybean
Wei,Plant Disease,2020,31951509,Colletotrichum gloeosporioides,Cyp51B,Tebuconazole,D121N,7,0.77 μg/mL (EC50),Environment,"Host: Tropical fruits; Drug family: Azole; Cross-resistance was also tested with: difenoconazole, propiconazole, prochloraz,  fluazinam,  azoxystrobin and fludioxonil",Glomerella cingulata,Cyp51,Agricultural,plant,,,,,WDE41094.1,GenBank,YC56,China,soybean
Wei,Plant Disease,2020,31951509,Colletotrichum gloeosporioides,Cyp51B,Tebuconazole,T132A,7,0.77 μg/mL (EC50),Environment,"Host: Tropical fruits; Drug family: Azole; Cross-resistance was also tested with: difenoconazole, propiconazole, prochloraz,  fluazinam,  azoxystrobin and fludioxonil",Glomerella cingulata,Cyp51,Agricultural,plant,,,,,WDE41094.1,GenBank,YC56,China,soybean
Wei,Plant Disease,2020,31951509,Colletotrichum gloeosporioides,Cyp51B,Tebuconazole,F391Y,7,0.77 μg/mL (EC50),Environment,"Host: Tropical fruits; Drug family: Azole; Cross-resistance was also tested with: difenoconazole, propiconazole, prochloraz,  fluazinam,  azoxystrobin and fludioxonil",Glomerella cingulata,Cyp51,Agricultural,plant,,,,,WDE41094.1,GenBank,YC56,China,soybean
Wei,Plant Disease,2020,31951509,Colletotrichum gloeosporioides,Cyp51A,Tebuconazole,L58V,7,1.42 μg/mL (EC50),Environment,"Host: Tropical fruits; Drug family: Azole; Cross-resistance was also tested with: difenoconazole, propiconazole, prochloraz,  fluazinam,  azoxystrobin and fludioxonil",Glomerella cingulata,Cyp51,Agricultural,plant,,,,,WDE41094.1,GenBank,YC61,China,soybean
Wei,Plant Disease,2020,31951509,Colletotrichum gloeosporioides,Cyp51A,Tebuconazole,S175P,7,1.42 μg/mL (EC50),Environment,"Host: Tropical fruits; Drug family: Azole; Cross-resistance was also tested with: difenoconazole, propiconazole, prochloraz,  fluazinam,  azoxystrobin and fludioxonil",Glomerella cingulata,Cyp51,Agricultural,plant,,,,,WDE41094.1,GenBank,YC61,China,soybean
Wei,Plant Disease,2020,31951509,Colletotrichum gloeosporioides,Cyp51B,Tebuconazole,T262A,7,1.42 μg/mL (EC50),Environment,"Host: Tropical fruits; Drug family: Azole; Cross-resistance was also tested with: difenoconazole, propiconazole, prochloraz,  fluazinam,  azoxystrobin and fludioxonil",Glomerella cingulata,Cyp51,Agricultural,plant,,,,,WDE41094.1,GenBank,YC61,China,soybean
Chechi,Pesticide Biochemistry and Physiology,2019,31378355,Colletotrichum siamense,Beta-tubulin 2,Azoxystrobin,E198A,7,>100 μg/mL (EC50),Environment,Host: Fruit trees; Drug family: Quinone-outside inhibitor; beta tubulin 2: partial gene,,Beta-tubulin,Agricultural,plant,,,,,AXL97629.1,GenBank,IL_AO2,India,Capsicum annuum
Chechi,Pesticide Biochemistry and Physiology,2019,31378355,Colletotrichum siamense,Cytb,Azoxystrobin,G143A,7,>100 μg/mL (EC50),Environment,Host: Fruit trees; Drug family: Quinone-outside inhibitor; beta tubulin 2: partial gene,,Cytochrome b,Agricultural,plant,,,,,AXL97629.1,GenBank,IL_AO2,India,Capsicum annuum
Chechi,Pesticide Biochemistry and Physiology,2019,31378355,Colletotrichum siamense,Beta-tubulin 2,Thiophanate-methyl,E198A,7,>100 μg/mL (EC50),Environment,Host: Fruit trees; Drug family: Methyl benzimidazole carbamates (MBCs); beta tubulin 2: partial gene,,Beta-tubulin,Agricultural,plant,,,,,AXL97629.1,GenBank,IL_AO2,India,Capsicum annuum
Chechi,Pesticide Biochemistry and Physiology,2019,31378355,Colletotrichum siamense,Cytb,Thiophanate-methyl,G143A,7,>100 μg/mL (EC50),Environment,Host: Fruit trees; Drug family: Methyl benzimidazole carbamates (MBCs); beta tubulin 2: partial gene,,Cytochrome b,Agricultural,plant,,,,,AXL97629.1,GenBank,IL_AO2,India,Capsicum annuum
Wei,Plant Disease,2020,31951509,Colletotrichum gloeosporioides,Cyp51A,Tebuconazole,L58V,7,0.77 μg/mL (EC50),Environment,"Host: Tropical fruits; Drug family: Azole; Cross-resistance was also tested with: difenoconazole, propiconazole, prochloraz,  fluazinam,  azoxystrobin and fludioxonil",Glomerella cingulata,Cyp51,Agricultural,plant,,,,,WDE41095.1,GenBank,YC56,China,soybean
Wei,Plant Disease,2020,31951509,Colletotrichum gloeosporioides,Cyp51A,Tebuconazole,S175P,7,0.77 μg/mL (EC50),Environment,"Host: Tropical fruits; Drug family: Azole; Cross-resistance was also tested with: difenoconazole, propiconazole, prochloraz,  fluazinam,  azoxystrobin and fludioxonil",Glomerella cingulata,Cyp51,Agricultural,plant,,,,,WDE41095.1,GenBank,YC56,China,soybean
Wei,Plant Disease,2020,31951509,Colletotrichum gloeosporioides,Cyp51A,Tebuconazole,A340S,7,0.77 μg/mL (EC50),Environment,"Host: Tropical fruits; Drug family: Azole; Cross-resistance was also tested with: difenoconazole, propiconazole, prochloraz,  fluazinam,  azoxystrobin and fludioxonil",Glomerella cingulata,Cyp51,Agricultural,plant,,,,,WDE41095.1,GenBank,YC56,China,soybean
Wei,Plant Disease,2020,31951509,Colletotrichum gloeosporioides,Cyp51A,Tebuconazole,T379A,7,0.77 μg/mL (EC50),Environment,"Host: Tropical fruits; Drug family: Azole; Cross-resistance was also tested with: difenoconazole, propiconazole, prochloraz,  fluazinam,  azoxystrobin and fludioxonil",Glomerella cingulata,Cyp51,Agricultural,plant,,,,,WDE41095.1,GenBank,YC56,China,soybean
Wei,Plant Disease,2020,31951509,Colletotrichum gloeosporioides,Cyp51A,Tebuconazole,N476T,7,0.77 μg/mL (EC50),Environment,"Host: Tropical fruits; Drug family: Azole; Cross-resistance was also tested with: difenoconazole, propiconazole, prochloraz,  fluazinam,  azoxystrobin and fludioxonil",Glomerella cingulata,Cyp51,Agricultural,plant,,,,,WDE41095.1,GenBank,YC56,China,soybean
Wei,Plant Disease,2020,31951509,Colletotrichum gloeosporioides,Cyp51B,Tebuconazole,D121N,7,0.77 μg/mL (EC50),Environment,"Host: Tropical fruits; Drug family: Azole; Cross-resistance was also tested with: difenoconazole, propiconazole, prochloraz,  fluazinam,  azoxystrobin and fludioxonil",Glomerella cingulata,Cyp51,Agricultural,plant,,,,,WDE41095.1,GenBank,YC56,China,soybean
Wei,Plant Disease,2020,31951509,Colletotrichum gloeosporioides,Cyp51B,Tebuconazole,T132A,7,0.77 μg/mL (EC50),Environment,"Host: Tropical fruits; Drug family: Azole; Cross-resistance was also tested with: difenoconazole, propiconazole, prochloraz,  fluazinam,  azoxystrobin and fludioxonil",Glomerella cingulata,Cyp51,Agricultural,plant,,,,,WDE41095.1,GenBank,YC56,China,soybean
Wei,Plant Disease,2020,31951509,Colletotrichum gloeosporioides,Cyp51B,Tebuconazole,F391Y,7,0.77 μg/mL (EC50),Environment,"Host: Tropical fruits; Drug family: Azole; Cross-resistance was also tested with: difenoconazole, propiconazole, prochloraz,  fluazinam,  azoxystrobin and fludioxonil",Glomerella cingulata,Cyp51,Agricultural,plant,,,,,WDE41095.1,GenBank,YC56,China,soybean
Wei,Plant Disease,2020,31951509,Colletotrichum gloeosporioides,Cyp51A,Tebuconazole,L58V,7,1.42 μg/mL (EC50),Environment,"Host: Tropical fruits; Drug family: Azole; Cross-resistance was also tested with: difenoconazole, propiconazole, prochloraz,  fluazinam,  azoxystrobin and fludioxonil",Glomerella cingulata,Cyp51,Agricultural,plant,,,,,WDE41095.1,GenBank,YC61,China,soybean
Wei,Plant Disease,2020,31951509,Colletotrichum gloeosporioides,Cyp51A,Tebuconazole,S175P,7,1.42 μg/mL (EC50),Environment,"Host: Tropical fruits; Drug family: Azole; Cross-resistance was also tested with: difenoconazole, propiconazole, prochloraz,  fluazinam,  azoxystrobin and fludioxonil",Glomerella cingulata,Cyp51,Agricultural,plant,,,,,WDE41095.1,GenBank,YC61,China,soybean
Wei,Plant Disease,2020,31951509,Colletotrichum gloeosporioides,Cyp51B,Tebuconazole,T262A,7,1.42 μg/mL (EC50),Environment,"Host: Tropical fruits; Drug family: Azole; Cross-resistance was also tested with: difenoconazole, propiconazole, prochloraz,  fluazinam,  azoxystrobin and fludioxonil",Glomerella cingulata,Cyp51,Agricultural,plant,,,,,WDE41095.1,GenBank,YC61,China,soybean
Wang,Pest Management Science,2020,32569396,Colletotrichum gloeosporioides,Cyp51A,Difenoconazole,L58V,-1,0.4 μg/mL (EC50),Environment,Host: Tropical fruits; Drug family: Azole; Sensitive,Glomerella cingulata,Cyp51,Agricultural,plant,,,,,WDE41094.1,GenBank,JS67,China,soybean
Wang,Pest Management Science,2020,32569396,Colletotrichum gloeosporioides,Cyp51A,Difenoconazole,S175P,-1,0.4 μg/mL (EC50),Environment,Host: Tropical fruits; Drug family: Azole; Sensitive,Glomerella cingulata,Cyp51,Agricultural,plant,,,,,WDE41094.1,GenBank,JS67,China,soybean
Wang,Pest Management Science,2020,32569396,Colletotrichum gloeosporioides,Cyp51A,Difenoconazole,P283S,-1,0.4 μg/mL (EC50),Environment,Host: Tropical fruits; Drug family: Azole; Sensitive,Glomerella cingulata,Cyp51,Agricultural,plant,,,,,WDE41094.1,GenBank,JS67,China,soybean
Wang,Pest Management Science,2020,32569396,Colletotrichum gloeosporioides,Cyp51B,Difenoconazole,T261A,-1,0.4 μg/mL (EC50),Environment,Host: Tropical fruits; Drug family: Azole; Sensitive,Glomerella cingulata,Cyp51,Agricultural,plant,,,,,WDE41094.1,GenBank,JS67,China,soybean
Wang,Pest Management Science,2020,32569396,Colletotrichum gloeosporioides,Cyp51A,Difenoconazole,L24V,1,0.51 μg/mL (EC50),Environment,"Host: Tropical fruits; Drug family: Azole; Also, one mutation at stop codon",Glomerella cingulata,Cyp51,Agricultural,plant,,,,,WDE41094.1,GenBank,JS312,China,soybean
Wang,Pest Management Science,2020,32569396,Colletotrichum gloeosporioides,Cyp51A,Difenoconazole,L58V,1,0.51 μg/mL (EC50),Environment,"Host: Tropical fruits; Drug family: Azole; Also, one mutation at stop codon",Glomerella cingulata,Cyp51,Agricultural,plant,,,,,WDE41094.1,GenBank,JS312,China,soybean
Wang,Pest Management Science,2020,32569396,Colletotrichum gloeosporioides,Cyp51A,Difenoconazole,A73V,1,0.51 μg/mL (EC50),Environment,"Host: Tropical fruits; Drug family: Azole; Also, one mutation at stop codon",Glomerella cingulata,Cyp51,Agricultural,plant,,,,,WDE41094.1,GenBank,JS312,China,soybean
Wang,Pest Management Science,2020,32569396,Colletotrichum gloeosporioides,Cyp51A,Difenoconazole,I94L,1,0.51 μg/mL (EC50),Environment,"Host: Tropical fruits; Drug family: Azole; Also, one mutation at stop codon",Glomerella cingulata,Cyp51,Agricultural,plant,,,,,WDE41094.1,GenBank,JS312,China,soybean
Wang,Pest Management Science,2020,32569396,Colletotrichum gloeosporioides,Cyp51A,Difenoconazole,S175P,1,0.51 μg/mL (EC50),Environment,"Host: Tropical fruits; Drug family: Azole; Also, one mutation at stop codon",Glomerella cingulata,Cyp51,Agricultural,plant,,,,,WDE41094.1,GenBank,JS312,China,soybean
Wang,Pest Management Science,2020,32569396,Colletotrichum gloeosporioides,Cyp51A,Difenoconazole,V387I,1,0.51 μg/mL (EC50),Environment,"Host: Tropical fruits; Drug family: Azole; Also, one mutation at stop codon",Glomerella cingulata,Cyp51,Agricultural,plant,,,,,WDE41094.1,GenBank,JS312,China,soybean
Wang,Pest Management Science,2020,32569396,Colletotrichum gloeosporioides,Cyp51A,Difenoconazole,E423K,1,0.51 μg/mL (EC50),Environment,"Host: Tropical fruits; Drug family: Azole; Also, one mutation at stop codon",Glomerella cingulata,Cyp51,Agricultural,plant,,,,,WDE41094.1,GenBank,JS312,China,soybean
Wang,Pest Management Science,2020,32569396,Colletotrichum gloeosporioides,Cyp51B,Difenoconazole,L189M,1,0.51 μg/mL (EC50),Environment,"Host: Tropical fruits; Drug family: Azole; Also, one mutation at stop codon",Glomerella cingulata,Cyp51,Agricultural,plant,,,,,WDE41094.1,GenBank,JS312,China,soybean
Wang,Pest Management Science,2020,32569396,Colletotrichum gloeosporioides,Cyp51B,Difenoconazole,Q359H,1,0.51 μg/mL (EC50),Environment,"Host: Tropical fruits; Drug family: Azole; Also, one mutation at stop codon",Glomerella cingulata,Cyp51,Agricultural,plant,,,,,WDE41094.1,GenBank,JS312,China,soybean
Wang,Pest Management Science,2020,32569396,Colletotrichum gloeosporioides,Cyp51B,Difenoconazole,T397I,1,0.51 μg/mL (EC50),Environment,"Host: Tropical fruits; Drug family: Azole; Also, one mutation at stop codon",Glomerella cingulata,Cyp51,Agricultural,plant,,,,,WDE41094.1,GenBank,JS312,China,soybean
Wang,Pest Management Science,2020,32569396,Colletotrichum gloeosporioides,Cyp51A,Propiconazole,L24V,1,1.78 μg/mL (EC50),Environment,"Host: Tropical fruits; Drug family: Azole; Also, one mutation at stop codon",Glomerella cingulata,Cyp51,Agricultural,plant,,,,,WDE41094.1,GenBank,JS312,China,soybean
Wang,Pest Management Science,2020,32569396,Colletotrichum gloeosporioides,Cyp51A,Propiconazole,L58V,1,1.78 μg/mL (EC50),Environment,"Host: Tropical fruits; Drug family: Azole; Also, one mutation at stop codon",Glomerella cingulata,Cyp51,Agricultural,plant,,,,,WDE41094.1,GenBank,JS312,China,soybean
Wang,Pest Management Science,2020,32569396,Colletotrichum gloeosporioides,Cyp51A,Propiconazole,A73V,1,1.78 μg/mL (EC50),Environment,"Host: Tropical fruits; Drug family: Azole; Also, one mutation at stop codon",Glomerella cingulata,Cyp51,Agricultural,plant,,,,,WDE41094.1,GenBank,JS312,China,soybean
Wang,Pest Management Science,2020,32569396,Colletotrichum gloeosporioides,Cyp51A,Propiconazole,I94L,1,1.78 μg/mL (EC50),Environment,"Host: Tropical fruits; Drug family: Azole; Also, one mutation at stop codon",Glomerella cingulata,Cyp51,Agricultural,plant,,,,,WDE41094.1,GenBank,JS312,China,soybean
Wang,Pest Management Science,2020,32569396,Colletotrichum gloeosporioides,Cyp51A,Propiconazole,S175P,1,1.78 μg/mL (EC50),Environment,"Host: Tropical fruits; Drug family: Azole; Also, one mutation at stop codon",Glomerella cingulata,Cyp51,Agricultural,plant,,,,,WDE41094.1,GenBank,JS312,China,soybean
Wang,Pest Management Science,2020,32569396,Colletotrichum gloeosporioides,Cyp51A,Propiconazole,V387I,1,1.78 μg/mL (EC50),Environment,"Host: Tropical fruits; Drug family: Azole; Also, one mutation at stop codon",Glomerella cingulata,Cyp51,Agricultural,plant,,,,,WDE41094.1,GenBank,JS312,China,soybean
Wang,Pest Management Science,2020,32569396,Colletotrichum gloeosporioides,Cyp51A,Propiconazole,E423K,1,1.78 μg/mL (EC50),Environment,"Host: Tropical fruits; Drug family: Azole; Also, one mutation at stop codon",Glomerella cingulata,Cyp51,Agricultural,plant,,,,,WDE41094.1,GenBank,JS312,China,soybean
Wang,Pest Management Science,2020,32569396,Colletotrichum gloeosporioides,Cyp51B,Propiconazole,L189M,1,1.78 μg/mL (EC50),Environment,"Host: Tropical fruits; Drug family: Azole; Also, one mutation at stop codon",Glomerella cingulata,Cyp51,Agricultural,plant,,,,,WDE41094.1,GenBank,JS312,China,soybean
Wang,Pest Management Science,2020,32569396,Colletotrichum gloeosporioides,Cyp51B,Propiconazole,Q359N,1,1.78 μg/mL (EC50),Environment,"Host: Tropical fruits; Drug family: Azole; Also, one mutation at stop codon",Glomerella cingulata,Cyp51,Agricultural,plant,,,,,WDE41094.1,GenBank,JS312,China,soybean
Wang,Pest Management Science,2020,32569396,Colletotrichum gloeosporioides,Cyp51B,Propiconazole,T397I,1,1.78 μg/mL (EC50),Environment,"Host: Tropical fruits; Drug family: Azole; Also, one mutation at stop codon",Glomerella cingulata,Cyp51,Agricultural,plant,,,,,WDE41094.1,GenBank,JS312,China,soybean
Wang,Pest Management Science,2020,32569396,Colletotrichum gloeosporioides,Cyp51A,Prochloraz,L24V,1,0.14 μg/mL (EC50),Environment,"Host: Tropical fruits; Drug family: Azole; Also, one mutation at stop codon",Glomerella cingulata,Cyp51,Agricultural,plant,,,,,WDE41094.1,GenBank,JS312,China,soybean
Wang,Pest Management Science,2020,32569396,Colletotrichum gloeosporioides,Cyp51A,Prochloraz,L58V,1,0.14 μg/mL (EC50),Environment,"Host: Tropical fruits; Drug family: Azole; Also, one mutation at stop codon",Glomerella cingulata,Cyp51,Agricultural,plant,,,,,WDE41094.1,GenBank,JS312,China,soybean
Wang,Pest Management Science,2020,32569396,Colletotrichum gloeosporioides,Cyp51A,Prochloraz,A73V,1,0.14 μg/mL (EC50),Environment,"Host: Tropical fruits; Drug family: Azole; Also, one mutation at stop codon",Glomerella cingulata,Cyp51,Agricultural,plant,,,,,WDE41094.1,GenBank,JS312,China,soybean
Wang,Pest Management Science,2020,32569396,Colletotrichum gloeosporioides,Cyp51A,Prochloraz,I94L,1,0.14 μg/mL (EC50),Environment,"Host: Tropical fruits; Drug family: Azole; Also, one mutation at stop codon",Glomerella cingulata,Cyp51,Agricultural,plant,,,,,WDE41094.1,GenBank,JS312,China,soybean
Wang,Pest Management Science,2020,32569396,Colletotrichum gloeosporioides,Cyp51A,Prochloraz,S175P,1,0.14 μg/mL (EC50),Environment,"Host: Tropical fruits; Drug family: Azole; Also, one mutation at stop codon",Glomerella cingulata,Cyp51,Agricultural,plant,,,,,WDE41094.1,GenBank,JS312,China,soybean
Wang,Pest Management Science,2020,32569396,Colletotrichum gloeosporioides,Cyp51A,Prochloraz,V387I,1,0.14 μg/mL (EC50),Environment,"Host: Tropical fruits; Drug family: Azole; Also, one mutation at stop codon",Glomerella cingulata,Cyp51,Agricultural,plant,,,,,WDE41094.1,GenBank,JS312,China,soybean
Wang,Pest Management Science,2020,32569396,Colletotrichum gloeosporioides,Cyp51A,Prochloraz,E423K,1,0.14 μg/mL (EC50),Environment,"Host: Tropical fruits; Drug family: Azole; Also, one mutation at stop codon",Glomerella cingulata,Cyp51,Agricultural,plant,,,,,WDE41094.1,GenBank,JS312,China,soybean
Wang,Pest Management Science,2020,32569396,Colletotrichum gloeosporioides,Cyp51B,Prochloraz,L189M,1,0.14 μg/mL (EC50),Environment,"Host: Tropical fruits; Drug family: Azole; Also, one mutation at stop codon",Glomerella cingulata,Cyp51,Agricultural,plant,,,,,WDE41094.1,GenBank,JS312,China,soybean
Wang,Pest Management Science,2020,32569396,Colletotrichum gloeosporioides,Cyp51B,Prochloraz,Q359N,1,0.14 μg/mL (EC50),Environment,"Host: Tropical fruits; Drug family: Azole; Also, one mutation at stop codon",Glomerella cingulata,Cyp51,Agricultural,plant,,,,,WDE41094.1,GenBank,JS312,China,soybean
Wang,Pest Management Science,2020,32569396,Colletotrichum gloeosporioides,Cyp51B,Prochloraz,T397I,1,0.14 μg/mL (EC50),Environment,"Host: Tropical fruits; Drug family: Azole; Also, one mutation at stop codon",Glomerella cingulata,Cyp51,Agricultural,plant,,,,,WDE41094.1,GenBank,JS312,China,soybean
Wang,Pest Management Science,2020,32569396,Colletotrichum gloeosporioides,Cyp51A,Difenoconazole,L24V,1,0.34 μg/mL (EC50),Environment,"Host: Tropical fruits; Drug family: Azole; Also, one mutation at stop codon",Glomerella cingulata,Cyp51,Agricultural,plant,,,,,WDE41094.1,GenBank,JS43,China,soybean
Wang,Pest Management Science,2020,32569396,Colletotrichum gloeosporioides,Cyp51A,Difenoconazole,L58V,1,0.34 μg/mL (EC50),Environment,"Host: Tropical fruits; Drug family: Azole; Also, one mutation at stop codon",Glomerella cingulata,Cyp51,Agricultural,plant,,,,,WDE41094.1,GenBank,JS43,China,soybean
Wang,Pest Management Science,2020,32569396,Colletotrichum gloeosporioides,Cyp51A,Difenoconazole,A73V,1,0.34 μg/mL (EC50),Environment,"Host: Tropical fruits; Drug family: Azole; Also, one mutation at stop codon",Glomerella cingulata,Cyp51,Agricultural,plant,,,,,WDE41094.1,GenBank,JS43,China,soybean
Wang,Pest Management Science,2020,32569396,Colletotrichum gloeosporioides,Cyp51A,Difenoconazole,I94L,1,0.34 μg/mL (EC50),Environment,"Host: Tropical fruits; Drug family: Azole; Also, one mutation at stop codon",Glomerella cingulata,Cyp51,Agricultural,plant,,,,,WDE41094.1,GenBank,JS43,China,soybean
Wang,Pest Management Science,2020,32569396,Colletotrichum gloeosporioides,Cyp51A,Difenoconazole,S175P,1,0.34 μg/mL (EC50),Environment,"Host: Tropical fruits; Drug family: Azole; Also, one mutation at stop codon",Glomerella cingulata,Cyp51,Agricultural,plant,,,,,WDE41094.1,GenBank,JS43,China,soybean
Wang,Pest Management Science,2020,32569396,Colletotrichum gloeosporioides,Cyp51A,Difenoconazole,V387I,1,0.34 μg/mL (EC50),Environment,"Host: Tropical fruits; Drug family: Azole; Also, one mutation at stop codon",Glomerella cingulata,Cyp51,Agricultural,plant,,,,,WDE41094.1,GenBank,JS43,China,soybean
Wang,Pest Management Science,2020,32569396,Colletotrichum gloeosporioides,Cyp51A,Difenoconazole,E423K,1,0.34 μg/mL (EC50),Environment,"Host: Tropical fruits; Drug family: Azole; Also, one mutation at stop codon",Glomerella cingulata,Cyp51,Agricultural,plant,,,,,WDE41094.1,GenBank,JS43,China,soybean
Wang,Pest Management Science,2020,32569396,Colletotrichum gloeosporioides,Cyp51B,Difenoconazole,L189M,1,0.34 μg/mL (EC50),Environment,"Host: Tropical fruits; Drug family: Azole; Also, one mutation at stop codon",Glomerella cingulata,Cyp51,Agricultural,plant,,,,,WDE41094.1,GenBank,JS43,China,soybean
Wang,Pest Management Science,2020,32569396,Colletotrichum gloeosporioides,Cyp51B,Difenoconazole,Q359N,1,0.34 μg/mL (EC50),Environment,"Host: Tropical fruits; Drug family: Azole; Also, one mutation at stop codon",Glomerella cingulata,Cyp51,Agricultural,plant,,,,,WDE41094.1,GenBank,JS43,China,soybean
Wang,Pest Management Science,2020,32569396,Colletotrichum gloeosporioides,Cyp51B,Difenoconazole,T397I,1,0.34 μg/mL (EC50),Environment,"Host: Tropical fruits; Drug family: Azole; Also, one mutation at stop codon",Glomerella cingulata,Cyp51,Agricultural,plant,,,,,WDE41094.1,GenBank,JS43,China,soybean
Wang,Pest Management Science,2020,32569396,Colletotrichum gloeosporioides,Cyp51A,Propiconazole,L24V,1,0.86 μg/mL (EC50),Environment,"Host: Tropical fruits; Drug family: Azole; Also, one mutation at stop codon",Glomerella cingulata,Cyp51,Agricultural,plant,,,,,WDE41094.1,GenBank,JS43,China,soybean
Wang,Pest Management Science,2020,32569396,Colletotrichum gloeosporioides,Cyp51A,Propiconazole,L58V,1,0.86 μg/mL (EC50),Environment,"Host: Tropical fruits; Drug family: Azole; Also, one mutation at stop codon",Glomerella cingulata,Cyp51,Agricultural,plant,,,,,WDE41094.1,GenBank,JS43,China,soybean
Wang,Pest Management Science,2020,32569396,Colletotrichum gloeosporioides,Cyp51A,Propiconazole,A73V,1,0.86 μg/mL (EC50),Environment,"Host: Tropical fruits; Drug family: Azole; Also, one mutation at stop codon",Glomerella cingulata,Cyp51,Agricultural,plant,,,,,WDE41094.1,GenBank,JS43,China,soybean
Wang,Pest Management Science,2020,32569396,Colletotrichum gloeosporioides,Cyp51A,Propiconazole,I94L,1,0.86 μg/mL (EC50),Environment,"Host: Tropical fruits; Drug family: Azole; Also, one mutation at stop codon",Glomerella cingulata,Cyp51,Agricultural,plant,,,,,WDE41094.1,GenBank,JS43,China,soybean
Wang,Pest Management Science,2020,32569396,Colletotrichum gloeosporioides,Cyp51A,Propiconazole,S175P,1,0.86 μg/mL (EC50),Environment,"Host: Tropical fruits; Drug family: Azole; Also, one mutation at stop codon",Glomerella cingulata,Cyp51,Agricultural,plant,,,,,WDE41094.1,GenBank,JS43,China,soybean
Wang,Pest Management Science,2020,32569396,Colletotrichum gloeosporioides,Cyp51A,Propiconazole,V387I,1,0.86 μg/mL (EC50),Environment,"Host: Tropical fruits; Drug family: Azole; Also, one mutation at stop codon",Glomerella cingulata,Cyp51,Agricultural,plant,,,,,WDE41094.1,GenBank,JS43,China,soybean
Wang,Pest Management Science,2020,32569396,Colletotrichum gloeosporioides,Cyp51A,Propiconazole,E423K,1,0.86 μg/mL (EC50),Environment,"Host: Tropical fruits; Drug family: Azole; Also, one mutation at stop codon",Glomerella cingulata,Cyp51,Agricultural,plant,,,,,WDE41094.1,GenBank,JS43,China,soybean
Wang,Pest Management Science,2020,32569396,Colletotrichum gloeosporioides,Cyp51B,Propiconazole,L189M,1,0.86 μg/mL (EC50),Environment,"Host: Tropical fruits; Drug family: Azole; Also, one mutation at stop codon",Glomerella cingulata,Cyp51,Agricultural,plant,,,,,WDE41094.1,GenBank,JS43,China,soybean
Wang,Pest Management Science,2020,32569396,Colletotrichum gloeosporioides,Cyp51B,Propiconazole,Q359N,1,0.86 μg/mL (EC50),Environment,"Host: Tropical fruits; Drug family: Azole; Also, one mutation at stop codon",Glomerella cingulata,Cyp51,Agricultural,plant,,,,,WDE41094.1,GenBank,JS43,China,soybean
Wang,Pest Management Science,2020,32569396,Colletotrichum gloeosporioides,Cyp51B,Propiconazole,T397I,1,0.86 μg/mL (EC50),Environment,"Host: Tropical fruits; Drug family: Azole; Also, one mutation at stop codon",Glomerella cingulata,Cyp51,Agricultural,plant,,,,,WDE41094.1,GenBank,JS43,China,soybean
Wang,Pest Management Science,2020,32569396,Colletotrichum gloeosporioides,Cyp51A,Prochloraz,L24V,1,0.11 μg/mL (EC50),Environment,"Host: Tropical fruits; Drug family: Azole; Also, one mutation at stop codon",Glomerella cingulata,Cyp51,Agricultural,plant,,,,,WDE41094.1,GenBank,JS43,China,soybean
Wang,Pest Management Science,2020,32569396,Colletotrichum gloeosporioides,Cyp51A,Prochloraz,L58V,1,0.11 μg/mL (EC50),Environment,"Host: Tropical fruits; Drug family: Azole; Also, one mutation at stop codon",Glomerella cingulata,Cyp51,Agricultural,plant,,,,,WDE41094.1,GenBank,JS43,China,soybean
Wang,Pest Management Science,2020,32569396,Colletotrichum gloeosporioides,Cyp51A,Prochloraz,A73V,1,0.11 μg/mL (EC50),Environment,"Host: Tropical fruits; Drug family: Azole; Also, one mutation at stop codon",Glomerella cingulata,Cyp51,Agricultural,plant,,,,,WDE41094.1,GenBank,JS43,China,soybean
Wang,Pest Management Science,2020,32569396,Colletotrichum gloeosporioides,Cyp51A,Prochloraz,I94L,1,0.11 μg/mL (EC50),Environment,"Host: Tropical fruits; Drug family: Azole; Also, one mutation at stop codon",Glomerella cingulata,Cyp51,Agricultural,plant,,,,,WDE41094.1,GenBank,JS43,China,soybean
Wang,Pest Management Science,2020,32569396,Colletotrichum gloeosporioides,Cyp51A,Prochloraz,S175P,1,0.11 μg/mL (EC50),Environment,"Host: Tropical fruits; Drug family: Azole; Also, one mutation at stop codon",Glomerella cingulata,Cyp51,Agricultural,plant,,,,,WDE41094.1,GenBank,JS43,China,soybean
Wang,Pest Management Science,2020,32569396,Colletotrichum gloeosporioides,Cyp51A,Prochloraz,V387I,1,0.11 μg/mL (EC50),Environment,"Host: Tropical fruits; Drug family: Azole; Also, one mutation at stop codon",Glomerella cingulata,Cyp51,Agricultural,plant,,,,,WDE41094.1,GenBank,JS43,China,soybean
Wang,Pest Management Science,2020,32569396,Colletotrichum gloeosporioides,Cyp51A,Prochloraz,E423K,1,0.11 μg/mL (EC50),Environment,"Host: Tropical fruits; Drug family: Azole; Also, one mutation at stop codon",Glomerella cingulata,Cyp51,Agricultural,plant,,,,,WDE41094.1,GenBank,JS43,China,soybean
Wang,Pest Management Science,2020,32569396,Colletotrichum gloeosporioides,Cyp51B,Prochloraz,L189M,1,0.11 μg/mL (EC50),Environment,"Host: Tropical fruits; Drug family: Azole; Also, one mutation at stop codon",Glomerella cingulata,Cyp51,Agricultural,plant,,,,,WDE41094.1,GenBank,JS43,China,soybean
Wang,Pest Management Science,2020,32569396,Colletotrichum gloeosporioides,Cyp51B,Prochloraz,Q359N,1,0.11 μg/mL (EC50),Environment,"Host: Tropical fruits; Drug family: Azole; Also, one mutation at stop codon",Glomerella cingulata,Cyp51,Agricultural,plant,,,,,WDE41094.1,GenBank,JS43,China,soybean
Wang,Pest Management Science,2020,32569396,Colletotrichum gloeosporioides,Cyp51B,Prochloraz,T397I,1,0.11 μg/mL (EC50),Environment,"Host: Tropical fruits; Drug family: Azole; Also, one mutation at stop codon",Glomerella cingulata,Cyp51,Agricultural,plant,,,,,WDE41094.1,GenBank,JS43,China,soybean
Wang,Pest Management Science,2020,32569396,Colletotrichum gloeosporioides,Cyp51A,Difenoconazole,P10P,1,1.15 μg/mL (EC50),Environment,"Host: Tropical fruits; Drug family: Azole; Also, one mutation at stop codon",Glomerella cingulata,Cyp51,Agricultural,plant,,,,,WDE41094.1,GenBank,JS199,China,soybean
Wang,Pest Management Science,2020,32569396,Colletotrichum gloeosporioides,Cyp51A,Difenoconazole,L24V,1,1.15 μg/mL (EC50),Environment,"Host: Tropical fruits; Drug family: Azole; Also, one mutation at stop codon",Glomerella cingulata,Cyp51,Agricultural,plant,,,,,WDE41094.1,GenBank,JS199,China,soybean
Wang,Pest Management Science,2020,32569396,Colletotrichum gloeosporioides,Cyp51A,Difenoconazole,L58V,1,1.15 μg/mL (EC50),Environment,"Host: Tropical fruits; Drug family: Azole; Also, one mutation at stop codon",Glomerella cingulata,Cyp51,Agricultural,plant,,,,,WDE41094.1,GenBank,JS199,China,soybean
Wang,Pest Management Science,2020,32569396,Colletotrichum gloeosporioides,Cyp51A,Difenoconazole,A73V,1,1.15 μg/mL (EC50),Environment,"Host: Tropical fruits; Drug family: Azole; Also, one mutation at stop codon",Glomerella cingulata,Cyp51,Agricultural,plant,,,,,WDE41094.1,GenBank,JS199,China,soybean
Wang,Pest Management Science,2020,32569396,Colletotrichum gloeosporioides,Cyp51A,Difenoconazole,I94L,1,1.15 μg/mL (EC50),Environment,"Host: Tropical fruits; Drug family: Azole; Also, one mutation at stop codon",Glomerella cingulata,Cyp51,Agricultural,plant,,,,,WDE41094.1,GenBank,JS199,China,soybean
Wang,Pest Management Science,2020,32569396,Colletotrichum gloeosporioides,Cyp51A,Difenoconazole,S175P,1,1.15 μg/mL (EC50),Environment,"Host: Tropical fruits; Drug family: Azole; Also, one mutation at stop codon",Glomerella cingulata,Cyp51,Agricultural,plant,,,,,WDE41094.1,GenBank,JS199,China,soybean
Wang,Pest Management Science,2020,32569396,Colletotrichum gloeosporioides,Cyp51A,Difenoconazole,V387I,1,1.15 μg/mL (EC50),Environment,"Host: Tropical fruits; Drug family: Azole; Also, one mutation at stop codon",Glomerella cingulata,Cyp51,Agricultural,plant,,,,,WDE41094.1,GenBank,JS199,China,soybean
Wang,Pest Management Science,2020,32569396,Colletotrichum gloeosporioides,Cyp51A,Difenoconazole,E423K,1,1.15 μg/mL (EC50),Environment,"Host: Tropical fruits; Drug family: Azole; Also, one mutation at stop codon",Glomerella cingulata,Cyp51,Agricultural,plant,,,,,WDE41094.1,GenBank,JS199,China,soybean
Wang,Pest Management Science,2020,32569396,Colletotrichum gloeosporioides,Cyp51B,Difenoconazole,L189M,1,1.15 μg/mL (EC50),Environment,"Host: Tropical fruits; Drug family: Azole; Also, one mutation at stop codon",Glomerella cingulata,Cyp51,Agricultural,plant,,,,,WDE41094.1,GenBank,JS199,China,soybean
Wang,Pest Management Science,2020,32569396,Colletotrichum gloeosporioides,Cyp51B,Difenoconazole,Q359H,1,1.15 μg/mL (EC50),Environment,"Host: Tropical fruits; Drug family: Azole; Also, one mutation at stop codon",Glomerella cingulata,Cyp51,Agricultural,plant,,,,,WDE41094.1,GenBank,JS199,China,soybean
Wang,Pest Management Science,2020,32569396,Colletotrichum gloeosporioides,Cyp51B,Difenoconazole,T397I,1,1.15 μg/mL (EC50),Environment,"Host: Tropical fruits; Drug family: Azole; Also, one mutation at stop codon",Glomerella cingulata,Cyp51,Agricultural,plant,,,,,WDE41094.1,GenBank,JS199,China,soybean
Wang,Pest Management Science,2020,32569396,Colletotrichum gloeosporioides,Cyp51A,Propiconazole,P10P,1,1.10 μg/mL (EC50),Environment,"Host: Tropical fruits; Drug family: Azole; Also, one mutation at stop codon",Glomerella cingulata,Cyp51,Agricultural,plant,,,,,WDE41094.1,GenBank,JS199,China,soybean
Wang,Pest Management Science,2020,32569396,Colletotrichum gloeosporioides,Cyp51A,Propiconazole,L24V,1,1.10 μg/mL (EC50),Environment,"Host: Tropical fruits; Drug family: Azole; Also, one mutation at stop codon",Glomerella cingulata,Cyp51,Agricultural,plant,,,,,WDE41094.1,GenBank,JS199,China,soybean
Wang,Pest Management Science,2020,32569396,Colletotrichum gloeosporioides,Cyp51A,Propiconazole,L58V,1,1.10 μg/mL (EC50),Environment,"Host: Tropical fruits; Drug family: Azole; Also, one mutation at stop codon",Glomerella cingulata,Cyp51,Agricultural,plant,,,,,WDE41094.1,GenBank,JS199,China,soybean
Wang,Pest Management Science,2020,32569396,Colletotrichum gloeosporioides,Cyp51A,Propiconazole,A73V,1,1.10 μg/mL (EC50),Environment,"Host: Tropical fruits; Drug family: Azole; Also, one mutation at stop codon",Glomerella cingulata,Cyp51,Agricultural,plant,,,,,WDE41094.1,GenBank,JS199,China,soybean
Wang,Pest Management Science,2020,32569396,Colletotrichum gloeosporioides,Cyp51A,Propiconazole,I94L,1,1.10 μg/mL (EC50),Environment,"Host: Tropical fruits; Drug family: Azole; Also, one mutation at stop codon",Glomerella cingulata,Cyp51,Agricultural,plant,,,,,WDE41094.1,GenBank,JS199,China,soybean
Wang,Pest Management Science,2020,32569396,Colletotrichum gloeosporioides,Cyp51A,Propiconazole,S175P,1,1.10 μg/mL (EC50),Environment,"Host: Tropical fruits; Drug family: Azole; Also, one mutation at stop codon",Glomerella cingulata,Cyp51,Agricultural,plant,,,,,WDE41094.1,GenBank,JS199,China,soybean
Wang,Pest Management Science,2020,32569396,Colletotrichum gloeosporioides,Cyp51A,Propiconazole,V387I,1,1.10 μg/mL (EC50),Environment,"Host: Tropical fruits; Drug family: Azole; Also, one mutation at stop codon",Glomerella cingulata,Cyp51,Agricultural,plant,,,,,WDE41094.1,GenBank,JS199,China,soybean
Wang,Pest Management Science,2020,32569396,Colletotrichum gloeosporioides,Cyp51A,Propiconazole,E423K,1,1.10 μg/mL (EC50),Environment,"Host: Tropical fruits; Drug family: Azole; Also, one mutation at stop codon",Glomerella cingulata,Cyp51,Agricultural,plant,,,,,WDE41094.1,GenBank,JS199,China,soybean
Wang,Pest Management Science,2020,32569396,Colletotrichum gloeosporioides,Cyp51B,Propiconazole,L189M,1,1.10 μg/mL (EC50),Environment,"Host: Tropical fruits; Drug family: Azole; Also, one mutation at stop codon",Glomerella cingulata,Cyp51,Agricultural,plant,,,,,WDE41094.1,GenBank,JS199,China,soybean
Wang,Pest Management Science,2020,32569396,Colletotrichum gloeosporioides,Cyp51B,Propiconazole,Q359H,1,1.10 μg/mL (EC50),Environment,"Host: Tropical fruits; Drug family: Azole; Also, one mutation at stop codon",Glomerella cingulata,Cyp51,Agricultural,plant,,,,,WDE41094.1,GenBank,JS199,China,soybean
Wang,Pest Management Science,2020,32569396,Colletotrichum gloeosporioides,Cyp51B,Propiconazole,T397I,1,1.10 μg/mL (EC50),Environment,"Host: Tropical fruits; Drug family: Azole; Also, one mutation at stop codon",Glomerella cingulata,Cyp51,Agricultural,plant,,,,,WDE41094.1,GenBank,JS199,China,soybean
Wang,Pest Management Science,2020,32569396,Colletotrichum gloeosporioides,Cyp51A,Prochloraz,P10P,1,0.087 μg/mL (EC50),Environment,"Host: Tropical fruits; Drug family: Azole; Also, one mutation at stop codon",Glomerella cingulata,Cyp51,Agricultural,plant,,,,,WDE41094.1,GenBank,JS199,China,soybean
Wang,Pest Management Science,2020,32569396,Colletotrichum gloeosporioides,Cyp51A,Prochloraz,L24V,1,0.087 μg/mL (EC50),Environment,"Host: Tropical fruits; Drug family: Azole; Also, one mutation at stop codon",Glomerella cingulata,Cyp51,Agricultural,plant,,,,,WDE41094.1,GenBank,JS199,China,soybean
Wang,Pest Management Science,2020,32569396,Colletotrichum gloeosporioides,Cyp51A,Prochloraz,L58V,1,0.087 μg/mL (EC50),Environment,"Host: Tropical fruits; Drug family: Azole; Also, one mutation at stop codon",Glomerella cingulata,Cyp51,Agricultural,plant,,,,,WDE41094.1,GenBank,JS199,China,soybean
Wang,Pest Management Science,2020,32569396,Colletotrichum gloeosporioides,Cyp51A,Prochloraz,A73V,1,0.087 μg/mL (EC50),Environment,"Host: Tropical fruits; Drug family: Azole; Also, one mutation at stop codon",Glomerella cingulata,Cyp51,Agricultural,plant,,,,,WDE41094.1,GenBank,JS199,China,soybean
Wang,Pest Management Science,2020,32569396,Colletotrichum gloeosporioides,Cyp51A,Prochloraz,I94L,1,0.087 μg/mL (EC50),Environment,"Host: Tropical fruits; Drug family: Azole; Also, one mutation at stop codon",Glomerella cingulata,Cyp51,Agricultural,plant,,,,,WDE41094.1,GenBank,JS199,China,soybean
Wang,Pest Management Science,2020,32569396,Colletotrichum gloeosporioides,Cyp51A,Prochloraz,S175P,1,0.087 μg/mL (EC50),Environment,"Host: Tropical fruits; Drug family: Azole; Also, one mutation at stop codon",Glomerella cingulata,Cyp51,Agricultural,plant,,,,,WDE41094.1,GenBank,JS199,China,soybean
Wang,Pest Management Science,2020,32569396,Colletotrichum gloeosporioides,Cyp51A,Prochloraz,V387I,1,0.087 μg/mL (EC50),Environment,"Host: Tropical fruits; Drug family: Azole; Also, one mutation at stop codon",Glomerella cingulata,Cyp51,Agricultural,plant,,,,,WDE41094.1,GenBank,JS199,China,soybean
Wang,Pest Management Science,2020,32569396,Colletotrichum gloeosporioides,Cyp51A,Prochloraz,E423K,1,0.087 μg/mL (EC50),Environment,"Host: Tropical fruits; Drug family: Azole; Also, one mutation at stop codon",Glomerella cingulata,Cyp51,Agricultural,plant,,,,,WDE41094.1,GenBank,JS199,China,soybean
Wang,Pest Management Science,2020,32569396,Colletotrichum gloeosporioides,Cyp51B,Prochloraz,L189M,1,0.087 μg/mL (EC50),Environment,"Host: Tropical fruits; Drug family: Azole; Also, one mutation at stop codon",Glomerella cingulata,Cyp51,Agricultural,plant,,,,,WDE41094.1,GenBank,JS199,China,soybean
Wang,Pest Management Science,2020,32569396,Colletotrichum gloeosporioides,Cyp51B,Prochloraz,Q359H,1,0.087 μg/mL (EC50),Environment,"Host: Tropical fruits; Drug family: Azole; Also, one mutation at stop codon",Glomerella cingulata,Cyp51,Agricultural,plant,,,,,WDE41094.1,GenBank,JS199,China,soybean
Wang,Pest Management Science,2020,32569396,Colletotrichum gloeosporioides,Cyp51B,Prochloraz,T397I,1,0.087 μg/mL (EC50),Environment,"Host: Tropical fruits; Drug family: Azole; Also, one mutation at stop codon",Glomerella cingulata,Cyp51,Agricultural,plant,,,,,WDE41094.1,GenBank,JS199,China,soybean
Wang,Pest Management Science,2020,32569396,Colletotrichum gloeosporioides,Cyp51A,Difenoconazole,P10P,1,2.11 μg/mL (EC50),Environment,"Host: Tropical fruits; Drug family: Azole; Also, one mutation at stop codon",Glomerella cingulata,Cyp51,Agricultural,plant,,,,,WDE41094.1,GenBank,JS301,China,soybean
Wang,Pest Management Science,2020,32569396,Colletotrichum gloeosporioides,Cyp51A,Difenoconazole,L24V,1,2.11 μg/mL (EC50),Environment,"Host: Tropical fruits; Drug family: Azole; Also, one mutation at stop codon",Glomerella cingulata,Cyp51,Agricultural,plant,,,,,WDE41094.1,GenBank,JS301,China,soybean
Wang,Pest Management Science,2020,32569396,Colletotrichum gloeosporioides,Cyp51A,Difenoconazole,L58V,1,2.11 μg/mL (EC50),Environment,"Host: Tropical fruits; Drug family: Azole; Also, one mutation at stop codon",Glomerella cingulata,Cyp51,Agricultural,plant,,,,,WDE41094.1,GenBank,JS301,China,soybean
Wang,Pest Management Science,2020,32569396,Colletotrichum gloeosporioides,Cyp51A,Difenoconazole,A73V,1,2.11 μg/mL (EC50),Environment,"Host: Tropical fruits; Drug family: Azole; Also, one mutation at stop codon",Glomerella cingulata,Cyp51,Agricultural,plant,,,,,WDE41094.1,GenBank,JS301,China,soybean
Wang,Pest Management Science,2020,32569396,Colletotrichum gloeosporioides,Cyp51A,Difenoconazole,I94L,1,2.11 μg/mL (EC50),Environment,"Host: Tropical fruits; Drug family: Azole; Also, one mutation at stop codon",Glomerella cingulata,Cyp51,Agricultural,plant,,,,,WDE41094.1,GenBank,JS301,China,soybean
Wang,Pest Management Science,2020,32569396,Colletotrichum gloeosporioides,Cyp51A,Difenoconazole,S175P,1,2.11 μg/mL (EC50),Environment,"Host: Tropical fruits; Drug family: Azole; Also, one mutation at stop codon",Glomerella cingulata,Cyp51,Agricultural,plant,,,,,WDE41094.1,GenBank,JS301,China,soybean
Wang,Pest Management Science,2020,32569396,Colletotrichum gloeosporioides,Cyp51A,Difenoconazole,V387I,1,2.11 μg/mL (EC50),Environment,"Host: Tropical fruits; Drug family: Azole; Also, one mutation at stop codon",Glomerella cingulata,Cyp51,Agricultural,plant,,,,,WDE41094.1,GenBank,JS301,China,soybean
Wang,Pest Management Science,2020,32569396,Colletotrichum gloeosporioides,Cyp51A,Difenoconazole,E423K,1,2.11 μg/mL (EC50),Environment,"Host: Tropical fruits; Drug family: Azole; Also, one mutation at stop codon",Glomerella cingulata,Cyp51,Agricultural,plant,,,,,WDE41094.1,GenBank,JS301,China,soybean
Wang,Pest Management Science,2020,32569396,Colletotrichum gloeosporioides,Cyp51A,Difenoconazole,I328V,1,2.11 μg/mL (EC50),Environment,"Host: Tropical fruits; Drug family: Azole; Also, one mutation at stop codon",Glomerella cingulata,Cyp51,Agricultural,plant,,,,,WDE41094.1,GenBank,JS301,China,soybean
Wang,Pest Management Science,2020,32569396,Colletotrichum gloeosporioides,Cyp51A,Difenoconazole,N518K,1,2.11 μg/mL (EC50),Environment,"Host: Tropical fruits; Drug family: Azole; Also, one mutation at stop codon",Glomerella cingulata,Cyp51,Agricultural,plant,,,,,WDE41094.1,GenBank,JS301,China,soybean
Wang,Pest Management Science,2020,32569396,Colletotrichum gloeosporioides,Cyp51B,Difenoconazole,Q359H,1,2.11 μg/mL (EC50),Environment,"Host: Tropical fruits; Drug family: Azole; Also, one mutation at stop codon",Glomerella cingulata,Cyp51,Agricultural,plant,,,,,WDE41094.1,GenBank,JS301,China,soybean
Wang,Pest Management Science,2020,32569396,Colletotrichum gloeosporioides,Cyp51B,Difenoconazole,T397I,1,2.11 μg/mL (EC50),Environment,"Host: Tropical fruits; Drug family: Azole; Also, one mutation at stop codon",Glomerella cingulata,Cyp51,Agricultural,plant,,,,,WDE41094.1,GenBank,JS301,China,soybean
Wang,Pest Management Science,2020,32569396,Colletotrichum gloeosporioides,Cyp51B,Difenoconazole,L189M,1,2.11 μg/mL (EC50),Environment,"Host: Tropical fruits; Drug family: Azole; Also, one mutation at stop codon",Glomerella cingulata,Cyp51,Agricultural,plant,,,,,WDE41094.1,GenBank,JS301,China,soybean
Wang,Pest Management Science,2020,32569396,Colletotrichum gloeosporioides,Cyp51A,Prochloraz,P10P,1,1.40 μg/mL (EC50),Environment,"Host: Tropical fruits; Drug family: Azole; Also, one mutation at stop codon",Glomerella cingulata,Cyp51,Agricultural,plant,,,,,WDE41094.1,GenBank,JS301,China,soybean
Wang,Pest Management Science,2020,32569396,Colletotrichum gloeosporioides,Cyp51A,Prochloraz,L24V,1,1.40 μg/mL (EC50),Environment,"Host: Tropical fruits; Drug family: Azole; Also, one mutation at stop codon",Glomerella cingulata,Cyp51,Agricultural,plant,,,,,WDE41094.1,GenBank,JS301,China,soybean
Wang,Pest Management Science,2020,32569396,Colletotrichum gloeosporioides,Cyp51A,Prochloraz,L58V,1,1.40 μg/mL (EC50),Environment,"Host: Tropical fruits; Drug family: Azole; Also, one mutation at stop codon",Glomerella cingulata,Cyp51,Agricultural,plant,,,,,WDE41094.1,GenBank,JS301,China,soybean
Wang,Pest Management Science,2020,32569396,Colletotrichum gloeosporioides,Cyp51A,Prochloraz,A73V,1,1.40 μg/mL (EC50),Environment,"Host: Tropical fruits; Drug family: Azole; Also, one mutation at stop codon",Glomerella cingulata,Cyp51,Agricultural,plant,,,,,WDE41094.1,GenBank,JS301,China,soybean
Wang,Pest Management Science,2020,32569396,Colletotrichum gloeosporioides,Cyp51A,Prochloraz,I94L,1,1.40 μg/mL (EC50),Environment,"Host: Tropical fruits; Drug family: Azole; Also, one mutation at stop codon",Glomerella cingulata,Cyp51,Agricultural,plant,,,,,WDE41094.1,GenBank,JS301,China,soybean
Wang,Pest Management Science,2020,32569396,Colletotrichum gloeosporioides,Cyp51A,Prochloraz,S175P,1,1.40 μg/mL (EC50),Environment,"Host: Tropical fruits; Drug family: Azole; Also, one mutation at stop codon",Glomerella cingulata,Cyp51,Agricultural,plant,,,,,WDE41094.1,GenBank,JS301,China,soybean
Wang,Pest Management Science,2020,32569396,Colletotrichum gloeosporioides,Cyp51A,Prochloraz,V387I,1,1.40 μg/mL (EC50),Environment,"Host: Tropical fruits; Drug family: Azole; Also, one mutation at stop codon",Glomerella cingulata,Cyp51,Agricultural,plant,,,,,WDE41094.1,GenBank,JS301,China,soybean
Wang,Pest Management Science,2020,32569396,Colletotrichum gloeosporioides,Cyp51A,Prochloraz,E423K,1,1.40 μg/mL (EC50),Environment,"Host: Tropical fruits; Drug family: Azole; Also, one mutation at stop codon",Glomerella cingulata,Cyp51,Agricultural,plant,,,,,WDE41094.1,GenBank,JS301,China,soybean
Wang,Pest Management Science,2020,32569396,Colletotrichum gloeosporioides,Cyp51A,Prochloraz,I328V,1,1.40 μg/mL (EC50),Environment,"Host: Tropical fruits; Drug family: Azole; Also, one mutation at stop codon",Glomerella cingulata,Cyp51,Agricultural,plant,,,,,WDE41094.1,GenBank,JS301,China,soybean
Wang,Pest Management Science,2020,32569396,Colletotrichum gloeosporioides,Cyp51A,Prochloraz,N518K,1,1.40 μg/mL (EC50),Environment,"Host: Tropical fruits; Drug family: Azole; Also, one mutation at stop codon",Glomerella cingulata,Cyp51,Agricultural,plant,,,,,WDE41094.1,GenBank,JS301,China,soybean
Wang,Pest Management Science,2020,32569396,Colletotrichum gloeosporioides,Cyp51B,Prochloraz,Q359H,1,1.40 μg/mL (EC50),Environment,"Host: Tropical fruits; Drug family: Azole; Also, one mutation at stop codon",Glomerella cingulata,Cyp51,Agricultural,plant,,,,,WDE41094.1,GenBank,JS301,China,soybean
Wang,Pest Management Science,2020,32569396,Colletotrichum gloeosporioides,Cyp51B,Prochloraz,T397I,1,1.40 μg/mL (EC50),Environment,"Host: Tropical fruits; Drug family: Azole; Also, one mutation at stop codon",Glomerella cingulata,Cyp51,Agricultural,plant,,,,,WDE41094.1,GenBank,JS301,China,soybean
Wang,Pest Management Science,2020,32569396,Colletotrichum gloeosporioides,Cyp51B,Prochloraz,L189M,1,1.40 μg/mL (EC50),Environment,"Host: Tropical fruits; Drug family: Azole; Also, one mutation at stop codon",Glomerella cingulata,Cyp51,Agricultural,plant,,,,,WDE41094.1,GenBank,JS301,China,soybean
Wang,Pest Management Science,2020,32569396,Colletotrichum gloeosporioides,Cyp51A,Difenoconazole,P10P,1,0.10 μg/mL (EC50),Environment,"Host: Tropical fruits; Drug family: Azole; Also, one mutation at stop codon",Glomerella cingulata,Cyp51,Agricultural,plant,,,,,WDE41094.1,GenBank,JS301,China,soybean
Wang,Pest Management Science,2020,32569396,Colletotrichum gloeosporioides,Cyp51A,Difenoconazole,L24V,1,0.10 μg/mL (EC50),Environment,"Host: Tropical fruits; Drug family: Azole; Also, one mutation at stop codon",Glomerella cingulata,Cyp51,Agricultural,plant,,,,,WDE41094.1,GenBank,JS301,China,soybean
Wang,Pest Management Science,2020,32569396,Colletotrichum gloeosporioides,Cyp51A,Difenoconazole,L58V,1,0.10 μg/mL (EC50),Environment,"Host: Tropical fruits; Drug family: Azole; Also, one mutation at stop codon",Glomerella cingulata,Cyp51,Agricultural,plant,,,,,WDE41094.1,GenBank,JS301,China,soybean
Wang,Pest Management Science,2020,32569396,Colletotrichum gloeosporioides,Cyp51A,Difenoconazole,A73V,1,0.10 μg/mL (EC50),Environment,"Host: Tropical fruits; Drug family: Azole; Also, one mutation at stop codon",Glomerella cingulata,Cyp51,Agricultural,plant,,,,,WDE41094.1,GenBank,JS301,China,soybean
Wang,Pest Management Science,2020,32569396,Colletotrichum gloeosporioides,Cyp51A,Difenoconazole,I94L,1,0.10 μg/mL (EC50),Environment,"Host: Tropical fruits; Drug family: Azole; Also, one mutation at stop codon",Glomerella cingulata,Cyp51,Agricultural,plant,,,,,WDE41094.1,GenBank,JS301,China,soybean
Wang,Pest Management Science,2020,32569396,Colletotrichum gloeosporioides,Cyp51A,Difenoconazole,S175P,1,0.10 μg/mL (EC50),Environment,"Host: Tropical fruits; Drug family: Azole; Also, one mutation at stop codon",Glomerella cingulata,Cyp51,Agricultural,plant,,,,,WDE41094.1,GenBank,JS301,China,soybean
Wang,Pest Management Science,2020,32569396,Colletotrichum gloeosporioides,Cyp51A,Difenoconazole,V387I,1,0.10 μg/mL (EC50),Environment,"Host: Tropical fruits; Drug family: Azole; Also, one mutation at stop codon",Glomerella cingulata,Cyp51,Agricultural,plant,,,,,WDE41094.1,GenBank,JS301,China,soybean
Wang,Pest Management Science,2020,32569396,Colletotrichum gloeosporioides,Cyp51A,Difenoconazole,E423K,1,0.10 μg/mL (EC50),Environment,"Host: Tropical fruits; Drug family: Azole; Also, one mutation at stop codon",Glomerella cingulata,Cyp51,Agricultural,plant,,,,,WDE41094.1,GenBank,JS301,China,soybean
Wang,Pest Management Science,2020,32569396,Colletotrichum gloeosporioides,Cyp51A,Difenoconazole,I328V,1,0.10 μg/mL (EC50),Environment,"Host: Tropical fruits; Drug family: Azole; Also, one mutation at stop codon",Glomerella cingulata,Cyp51,Agricultural,plant,,,,,WDE41094.1,GenBank,JS301,China,soybean
Wang,Pest Management Science,2020,32569396,Colletotrichum gloeosporioides,Cyp51A,Difenoconazole,N518K,1,0.10 μg/mL (EC50),Environment,"Host: Tropical fruits; Drug family: Azole; Also, one mutation at stop codon",Glomerella cingulata,Cyp51,Agricultural,plant,,,,,WDE41094.1,GenBank,JS301,China,soybean
Wang,Pest Management Science,2020,32569396,Colletotrichum gloeosporioides,Cyp51B,Difenoconazole,Q359H,1,0.10 μg/mL (EC50),Environment,"Host: Tropical fruits; Drug family: Azole; Also, one mutation at stop codon",Glomerella cingulata,Cyp51,Agricultural,plant,,,,,WDE41094.1,GenBank,JS301,China,soybean
Wang,Pest Management Science,2020,32569396,Colletotrichum gloeosporioides,Cyp51B,Difenoconazole,T397I,1,0.10 μg/mL (EC50),Environment,"Host: Tropical fruits; Drug family: Azole; Also, one mutation at stop codon",Glomerella cingulata,Cyp51,Agricultural,plant,,,,,WDE41094.1,GenBank,JS301,China,soybean
Wang,Pest Management Science,2020,32569396,Colletotrichum gloeosporioides,Cyp51B,Difenoconazole,L189M,1,0.10 μg/mL (EC50),Environment,"Host: Tropical fruits; Drug family: Azole; Also, one mutation at stop codon",Glomerella cingulata,Cyp51,Agricultural,plant,,,,,WDE41094.1,GenBank,JS301,China,soybean
Wang,Pest Management Science,2020,32569396,Colletotrichum gloeosporioides,Cyp51A,Difenoconazole,L58V,-1,0.4 μg/mL (EC50),Environment,Host: Tropical fruits; Drug family: Azole; Sensitive,Glomerella cingulata,Cyp51,Agricultural,plant,,,,,WDE41095.1,GenBank,JS67,China,soybean
Wang,Pest Management Science,2020,32569396,Colletotrichum gloeosporioides,Cyp51A,Difenoconazole,S175P,-1,0.4 μg/mL (EC50),Environment,Host: Tropical fruits; Drug family: Azole; Sensitive,Glomerella cingulata,Cyp51,Agricultural,plant,,,,,WDE41095.1,GenBank,JS67,China,soybean
Wang,Pest Management Science,2020,32569396,Colletotrichum gloeosporioides,Cyp51A,Difenoconazole,P283S,-1,0.4 μg/mL (EC50),Environment,Host: Tropical fruits; Drug family: Azole; Sensitive,Glomerella cingulata,Cyp51,Agricultural,plant,,,,,WDE41095.1,GenBank,JS67,China,soybean
Wang,Pest Management Science,2020,32569396,Colletotrichum gloeosporioides,Cyp51B,Difenoconazole,T261A,-1,0.4 μg/mL (EC50),Environment,Host: Tropical fruits; Drug family: Azole; Sensitive,Glomerella cingulata,Cyp51,Agricultural,plant,,,,,WDE41095.1,GenBank,JS67,China,soybean
Wang,Pest Management Science,2020,32569396,Colletotrichum gloeosporioides,Cyp51A,Difenoconazole,L24V,1,0.51 μg/mL (EC50),Environment,"Host: Tropical fruits; Drug family: Azole; Also, one mutation at stop codon",Glomerella cingulata,Cyp51,Agricultural,plant,,,,,WDE41095.1,GenBank,JS312,China,soybean
Wang,Pest Management Science,2020,32569396,Colletotrichum gloeosporioides,Cyp51A,Difenoconazole,L58V,1,0.51 μg/mL (EC50),Environment,"Host: Tropical fruits; Drug family: Azole; Also, one mutation at stop codon",Glomerella cingulata,Cyp51,Agricultural,plant,,,,,WDE41095.1,GenBank,JS312,China,soybean
Wang,Pest Management Science,2020,32569396,Colletotrichum gloeosporioides,Cyp51A,Difenoconazole,A73V,1,0.51 μg/mL (EC50),Environment,"Host: Tropical fruits; Drug family: Azole; Also, one mutation at stop codon",Glomerella cingulata,Cyp51,Agricultural,plant,,,,,WDE41095.1,GenBank,JS312,China,soybean
Wang,Pest Management Science,2020,32569396,Colletotrichum gloeosporioides,Cyp51A,Difenoconazole,I94L,1,0.51 μg/mL (EC50),Environment,"Host: Tropical fruits; Drug family: Azole; Also, one mutation at stop codon",Glomerella cingulata,Cyp51,Agricultural,plant,,,,,WDE41095.1,GenBank,JS312,China,soybean
Wang,Pest Management Science,2020,32569396,Colletotrichum gloeosporioides,Cyp51A,Difenoconazole,S175P,1,0.51 μg/mL (EC50),Environment,"Host: Tropical fruits; Drug family: Azole; Also, one mutation at stop codon",Glomerella cingulata,Cyp51,Agricultural,plant,,,,,WDE41095.1,GenBank,JS312,China,soybean
Wang,Pest Management Science,2020,32569396,Colletotrichum gloeosporioides,Cyp51A,Difenoconazole,V387I,1,0.51 μg/mL (EC50),Environment,"Host: Tropical fruits; Drug family: Azole; Also, one mutation at stop codon",Glomerella cingulata,Cyp51,Agricultural,plant,,,,,WDE41095.1,GenBank,JS312,China,soybean
Wang,Pest Management Science,2020,32569396,Colletotrichum gloeosporioides,Cyp51A,Difenoconazole,E423K,1,0.51 μg/mL (EC50),Environment,"Host: Tropical fruits; Drug family: Azole; Also, one mutation at stop codon",Glomerella cingulata,Cyp51,Agricultural,plant,,,,,WDE41095.1,GenBank,JS312,China,soybean
Wang,Pest Management Science,2020,32569396,Colletotrichum gloeosporioides,Cyp51B,Difenoconazole,L189M,1,0.51 μg/mL (EC50),Environment,"Host: Tropical fruits; Drug family: Azole; Also, one mutation at stop codon",Glomerella cingulata,Cyp51,Agricultural,plant,,,,,WDE41095.1,GenBank,JS312,China,soybean
Wang,Pest Management Science,2020,32569396,Colletotrichum gloeosporioides,Cyp51B,Difenoconazole,Q359N,1,0.51 μg/mL (EC50),Environment,"Host: Tropical fruits; Drug family: Azole; Also, one mutation at stop codon",Glomerella cingulata,Cyp51,Agricultural,plant,,,,,WDE41095.1,GenBank,JS312,China,soybean
Wang,Pest Management Science,2020,32569396,Colletotrichum gloeosporioides,Cyp51B,Difenoconazole,T397I,1,0.51 μg/mL (EC50),Environment,"Host: Tropical fruits; Drug family: Azole; Also, one mutation at stop codon",Glomerella cingulata,Cyp51,Agricultural,plant,,,,,WDE41095.1,GenBank,JS312,China,soybean
Wang,Pest Management Science,2020,32569396,Colletotrichum gloeosporioides,Cyp51A,Propiconazole,L24V,1,1.78 μg/mL (EC50),Environment,"Host: Tropical fruits; Drug family: Azole; Also, one mutation at stop codon",Glomerella cingulata,Cyp51,Agricultural,plant,,,,,WDE41095.1,GenBank,JS312,China,soybean
Wang,Pest Management Science,2020,32569396,Colletotrichum gloeosporioides,Cyp51A,Propiconazole,L58V,1,1.78 μg/mL (EC50),Environment,"Host: Tropical fruits; Drug family: Azole; Also, one mutation at stop codon",Glomerella cingulata,Cyp51,Agricultural,plant,,,,,WDE41095.1,GenBank,JS312,China,soybean
Wang,Pest Management Science,2020,32569396,Colletotrichum gloeosporioides,Cyp51A,Propiconazole,A73V,1,1.78 μg/mL (EC50),Environment,"Host: Tropical fruits; Drug family: Azole; Also, one mutation at stop codon",Glomerella cingulata,Cyp51,Agricultural,plant,,,,,WDE41095.1,GenBank,JS312,China,soybean
Wang,Pest Management Science,2020,32569396,Colletotrichum gloeosporioides,Cyp51A,Propiconazole,I94L,1,1.78 μg/mL (EC50),Environment,"Host: Tropical fruits; Drug family: Azole; Also, one mutation at stop codon",Glomerella cingulata,Cyp51,Agricultural,plant,,,,,WDE41095.1,GenBank,JS312,China,soybean
Wang,Pest Management Science,2020,32569396,Colletotrichum gloeosporioides,Cyp51A,Propiconazole,S175P,1,1.78 μg/mL (EC50),Environment,"Host: Tropical fruits; Drug family: Azole; Also, one mutation at stop codon",Glomerella cingulata,Cyp51,Agricultural,plant,,,,,WDE41095.1,GenBank,JS312,China,soybean
Wang,Pest Management Science,2020,32569396,Colletotrichum gloeosporioides,Cyp51A,Propiconazole,V387I,1,1.78 μg/mL (EC50),Environment,"Host: Tropical fruits; Drug family: Azole; Also, one mutation at stop codon",Glomerella cingulata,Cyp51,Agricultural,plant,,,,,WDE41095.1,GenBank,JS312,China,soybean
Wang,Pest Management Science,2020,32569396,Colletotrichum gloeosporioides,Cyp51A,Propiconazole,E423K,1,1.78 μg/mL (EC50),Environment,"Host: Tropical fruits; Drug family: Azole; Also, one mutation at stop codon",Glomerella cingulata,Cyp51,Agricultural,plant,,,,,WDE41095.1,GenBank,JS312,China,soybean
Wang,Pest Management Science,2020,32569396,Colletotrichum gloeosporioides,Cyp51B,Propiconazole,L189M,1,1.78 μg/mL (EC50),Environment,"Host: Tropical fruits; Drug family: Azole; Also, one mutation at stop codon",Glomerella cingulata,Cyp51,Agricultural,plant,,,,,WDE41095.1,GenBank,JS312,China,soybean
Wang,Pest Management Science,2020,32569396,Colletotrichum gloeosporioides,Cyp51B,Propiconazole,Q359N,1,1.78 μg/mL (EC50),Environment,"Host: Tropical fruits; Drug family: Azole; Also, one mutation at stop codon",Glomerella cingulata,Cyp51,Agricultural,plant,,,,,WDE41095.1,GenBank,JS312,China,soybean
Wang,Pest Management Science,2020,32569396,Colletotrichum gloeosporioides,Cyp51B,Propiconazole,T397I,1,1.78 μg/mL (EC50),Environment,"Host: Tropical fruits; Drug family: Azole; Also, one mutation at stop codon",Glomerella cingulata,Cyp51,Agricultural,plant,,,,,WDE41095.1,GenBank,JS312,China,soybean
Wang,Pest Management Science,2020,32569396,Colletotrichum gloeosporioides,Cyp51A,Prochloraz,L24V,1,0.14 μg/mL (EC50),Environment,"Host: Tropical fruits; Drug family: Azole; Also, one mutation at stop codon",Glomerella cingulata,Cyp51,Agricultural,plant,,,,,WDE41095.1,GenBank,JS312,China,soybean
Wang,Pest Management Science,2020,32569396,Colletotrichum gloeosporioides,Cyp51A,Prochloraz,L58V,1,0.14 μg/mL (EC50),Environment,"Host: Tropical fruits; Drug family: Azole; Also, one mutation at stop codon",Glomerella cingulata,Cyp51,Agricultural,plant,,,,,WDE41095.1,GenBank,JS312,China,soybean
Wang,Pest Management Science,2020,32569396,Colletotrichum gloeosporioides,Cyp51A,Prochloraz,A73V,1,0.14 μg/mL (EC50),Environment,"Host: Tropical fruits; Drug family: Azole; Also, one mutation at stop codon",Glomerella cingulata,Cyp51,Agricultural,plant,,,,,WDE41095.1,GenBank,JS312,China,soybean
Wang,Pest Management Science,2020,32569396,Colletotrichum gloeosporioides,Cyp51A,Prochloraz,I94L,1,0.14 μg/mL (EC50),Environment,"Host: Tropical fruits; Drug family: Azole; Also, one mutation at stop codon",Glomerella cingulata,Cyp51,Agricultural,plant,,,,,WDE41095.1,GenBank,JS312,China,soybean
Wang,Pest Management Science,2020,32569396,Colletotrichum gloeosporioides,Cyp51A,Prochloraz,S175P,1,0.14 μg/mL (EC50),Environment,"Host: Tropical fruits; Drug family: Azole; Also, one mutation at stop codon",Glomerella cingulata,Cyp51,Agricultural,plant,,,,,WDE41095.1,GenBank,JS312,China,soybean
Wang,Pest Management Science,2020,32569396,Colletotrichum gloeosporioides,Cyp51A,Prochloraz,V387I,1,0.14 μg/mL (EC50),Environment,"Host: Tropical fruits; Drug family: Azole; Also, one mutation at stop codon",Glomerella cingulata,Cyp51,Agricultural,plant,,,,,WDE41095.1,GenBank,JS312,China,soybean
Wang,Pest Management Science,2020,32569396,Colletotrichum gloeosporioides,Cyp51A,Prochloraz,E423K,1,0.14 μg/mL (EC50),Environment,"Host: Tropical fruits; Drug family: Azole; Also, one mutation at stop codon",Glomerella cingulata,Cyp51,Agricultural,plant,,,,,WDE41095.1,GenBank,JS312,China,soybean
Wang,Pest Management Science,2020,32569396,Colletotrichum gloeosporioides,Cyp51B,Prochloraz,L189M,1,0.14 μg/mL (EC50),Environment,"Host: Tropical fruits; Drug family: Azole; Also, one mutation at stop codon",Glomerella cingulata,Cyp51,Agricultural,plant,,,,,WDE41095.1,GenBank,JS312,China,soybean
Wang,Pest Management Science,2020,32569396,Colletotrichum gloeosporioides,Cyp51B,Prochloraz,Q359N,1,0.14 μg/mL (EC50),Environment,"Host: Tropical fruits; Drug family: Azole; Also, one mutation at stop codon",Glomerella cingulata,Cyp51,Agricultural,plant,,,,,WDE41095.1,GenBank,JS312,China,soybean
Wang,Pest Management Science,2020,32569396,Colletotrichum gloeosporioides,Cyp51B,Prochloraz,T397I,1,0.14 μg/mL (EC50),Environment,"Host: Tropical fruits; Drug family: Azole; Also, one mutation at stop codon",Glomerella cingulata,Cyp51,Agricultural,plant,,,,,WDE41095.1,GenBank,JS312,China,soybean
Wang,Pest Management Science,2020,32569396,Colletotrichum gloeosporioides,Cyp51A,Difenoconazole,L24V,1,0.34 μg/mL (EC50),Environment,"Host: Tropical fruits; Drug family: Azole; Also, one mutation at stop codon",Glomerella cingulata,Cyp51,Agricultural,plant,,,,,WDE41095.1,GenBank,JS43,China,soybean
Wang,Pest Management Science,2020,32569396,Colletotrichum gloeosporioides,Cyp51A,Difenoconazole,L58V,1,0.34 μg/mL (EC50),Environment,"Host: Tropical fruits; Drug family: Azole; Also, one mutation at stop codon",Glomerella cingulata,Cyp51,Agricultural,plant,,,,,WDE41095.1,GenBank,JS43,China,soybean
Wang,Pest Management Science,2020,32569396,Colletotrichum gloeosporioides,Cyp51A,Difenoconazole,A73V,1,0.34 μg/mL (EC50),Environment,"Host: Tropical fruits; Drug family: Azole; Also, one mutation at stop codon",Glomerella cingulata,Cyp51,Agricultural,plant,,,,,WDE41095.1,GenBank,JS43,China,soybean
Wang,Pest Management Science,2020,32569396,Colletotrichum gloeosporioides,Cyp51A,Difenoconazole,I94L,1,0.34 μg/mL (EC50),Environment,"Host: Tropical fruits; Drug family: Azole; Also, one mutation at stop codon",Glomerella cingulata,Cyp51,Agricultural,plant,,,,,WDE41095.1,GenBank,JS43,China,soybean
Wang,Pest Management Science,2020,32569396,Colletotrichum gloeosporioides,Cyp51A,Difenoconazole,S175P,1,0.34 μg/mL (EC50),Environment,"Host: Tropical fruits; Drug family: Azole; Also, one mutation at stop codon",Glomerella cingulata,Cyp51,Agricultural,plant,,,,,WDE41095.1,GenBank,JS43,China,soybean
Wang,Pest Management Science,2020,32569396,Colletotrichum gloeosporioides,Cyp51A,Difenoconazole,V387I,1,0.34 μg/mL (EC50),Environment,"Host: Tropical fruits; Drug family: Azole; Also, one mutation at stop codon",Glomerella cingulata,Cyp51,Agricultural,plant,,,,,WDE41095.1,GenBank,JS43,China,soybean
Wang,Pest Management Science,2020,32569396,Colletotrichum gloeosporioides,Cyp51A,Difenoconazole,E423K,1,0.34 μg/mL (EC50),Environment,"Host: Tropical fruits; Drug family: Azole; Also, one mutation at stop codon",Glomerella cingulata,Cyp51,Agricultural,plant,,,,,WDE41095.1,GenBank,JS43,China,soybean
Wang,Pest Management Science,2020,32569396,Colletotrichum gloeosporioides,Cyp51B,Difenoconazole,L189M,1,0.34 μg/mL (EC50),Environment,"Host: Tropical fruits; Drug family: Azole; Also, one mutation at stop codon",Glomerella cingulata,Cyp51,Agricultural,plant,,,,,WDE41095.1,GenBank,JS43,China,soybean
Wang,Pest Management Science,2020,32569396,Colletotrichum gloeosporioides,Cyp51B,Difenoconazole,Q359N,1,0.34 μg/mL (EC50),Environment,"Host: Tropical fruits; Drug family: Azole; Also, one mutation at stop codon",Glomerella cingulata,Cyp51,Agricultural,plant,,,,,WDE41095.1,GenBank,JS43,China,soybean
Wang,Pest Management Science,2020,32569396,Colletotrichum gloeosporioides,Cyp51B,Difenoconazole,T397I,1,0.34 μg/mL (EC50),Environment,"Host: Tropical fruits; Drug family: Azole; Also, one mutation at stop codon",Glomerella cingulata,Cyp51,Agricultural,plant,,,,,WDE41095.1,GenBank,JS43,China,soybean
Wang,Pest Management Science,2020,32569396,Colletotrichum gloeosporioides,Cyp51A,Propiconazole,L24V,1,0.86 μg/mL (EC50),Environment,"Host: Tropical fruits; Drug family: Azole; Also, one mutation at stop codon",Glomerella cingulata,Cyp51,Agricultural,plant,,,,,WDE41095.1,GenBank,JS43,China,soybean
Wang,Pest Management Science,2020,32569396,Colletotrichum gloeosporioides,Cyp51A,Propiconazole,L58V,1,0.86 μg/mL (EC50),Environment,"Host: Tropical fruits; Drug family: Azole; Also, one mutation at stop codon",Glomerella cingulata,Cyp51,Agricultural,plant,,,,,WDE41095.1,GenBank,JS43,China,soybean
Wang,Pest Management Science,2020,32569396,Colletotrichum gloeosporioides,Cyp51A,Propiconazole,A73V,1,0.86 μg/mL (EC50),Environment,"Host: Tropical fruits; Drug family: Azole; Also, one mutation at stop codon",Glomerella cingulata,Cyp51,Agricultural,plant,,,,,WDE41095.1,GenBank,JS43,China,soybean
Wang,Pest Management Science,2020,32569396,Colletotrichum gloeosporioides,Cyp51A,Propiconazole,I94L,1,0.86 μg/mL (EC50),Environment,"Host: Tropical fruits; Drug family: Azole; Also, one mutation at stop codon",Glomerella cingulata,Cyp51,Agricultural,plant,,,,,WDE41095.1,GenBank,JS43,China,soybean
Wang,Pest Management Science,2020,32569396,Colletotrichum gloeosporioides,Cyp51A,Propiconazole,S175P,1,0.86 μg/mL (EC50),Environment,"Host: Tropical fruits; Drug family: Azole; Also, one mutation at stop codon",Glomerella cingulata,Cyp51,Agricultural,plant,,,,,WDE41095.1,GenBank,JS43,China,soybean
Wang,Pest Management Science,2020,32569396,Colletotrichum gloeosporioides,Cyp51A,Propiconazole,V387I,1,0.86 μg/mL (EC50),Environment,"Host: Tropical fruits; Drug family: Azole; Also, one mutation at stop codon",Glomerella cingulata,Cyp51,Agricultural,plant,,,,,WDE41095.1,GenBank,JS43,China,soybean
Wang,Pest Management Science,2020,32569396,Colletotrichum gloeosporioides,Cyp51A,Propiconazole,E423K,1,0.86 μg/mL (EC50),Environment,"Host: Tropical fruits; Drug family: Azole; Also, one mutation at stop codon",Glomerella cingulata,Cyp51,Agricultural,plant,,,,,WDE41095.1,GenBank,JS43,China,soybean
Wang,Pest Management Science,2020,32569396,Colletotrichum gloeosporioides,Cyp51B,Propiconazole,L189M,1,0.86 μg/mL (EC50),Environment,"Host: Tropical fruits; Drug family: Azole; Also, one mutation at stop codon",Glomerella cingulata,Cyp51,Agricultural,plant,,,,,WDE41095.1,GenBank,JS43,China,soybean
Wang,Pest Management Science,2020,32569396,Colletotrichum gloeosporioides,Cyp51B,Propiconazole,Q359N,1,0.86 μg/mL (EC50),Environment,"Host: Tropical fruits; Drug family: Azole; Also, one mutation at stop codon",Glomerella cingulata,Cyp51,Agricultural,plant,,,,,WDE41095.1,GenBank,JS43,China,soybean
Wang,Pest Management Science,2020,32569396,Colletotrichum gloeosporioides,Cyp51B,Propiconazole,T397I,1,0.86 μg/mL (EC50),Environment,"Host: Tropical fruits; Drug family: Azole; Also, one mutation at stop codon",Glomerella cingulata,Cyp51,Agricultural,plant,,,,,WDE41095.1,GenBank,JS43,China,soybean
Wang,Pest Management Science,2020,32569396,Colletotrichum gloeosporioides,Cyp51A,Prochloraz,L24V,1,0.11 μg/mL (EC50),Environment,"Host: Tropical fruits; Drug family: Azole; Also, one mutation at stop codon",Glomerella cingulata,Cyp51,Agricultural,plant,,,,,WDE41095.1,GenBank,JS43,China,soybean
Wang,Pest Management Science,2020,32569396,Colletotrichum gloeosporioides,Cyp51A,Prochloraz,L58V,1,0.11 μg/mL (EC50),Environment,"Host: Tropical fruits; Drug family: Azole; Also, one mutation at stop codon",Glomerella cingulata,Cyp51,Agricultural,plant,,,,,WDE41095.1,GenBank,JS43,China,soybean
Wang,Pest Management Science,2020,32569396,Colletotrichum gloeosporioides,Cyp51A,Prochloraz,A73V,1,0.11 μg/mL (EC50),Environment,"Host: Tropical fruits; Drug family: Azole; Also, one mutation at stop codon",Glomerella cingulata,Cyp51,Agricultural,plant,,,,,WDE41095.1,GenBank,JS43,China,soybean
Wang,Pest Management Science,2020,32569396,Colletotrichum gloeosporioides,Cyp51A,Prochloraz,I94L,1,0.11 μg/mL (EC50),Environment,"Host: Tropical fruits; Drug family: Azole; Also, one mutation at stop codon",Glomerella cingulata,Cyp51,Agricultural,plant,,,,,WDE41095.1,GenBank,JS43,China,soybean
Wang,Pest Management Science,2020,32569396,Colletotrichum gloeosporioides,Cyp51A,Prochloraz,S175P,1,0.11 μg/mL (EC50),Environment,"Host: Tropical fruits; Drug family: Azole; Also, one mutation at stop codon",Glomerella cingulata,Cyp51,Agricultural,plant,,,,,WDE41095.1,GenBank,JS43,China,soybean
Wang,Pest Management Science,2020,32569396,Colletotrichum gloeosporioides,Cyp51A,Prochloraz,V387I,1,0.11 μg/mL (EC50),Environment,"Host: Tropical fruits; Drug family: Azole; Also, one mutation at stop codon",Glomerella cingulata,Cyp51,Agricultural,plant,,,,,WDE41095.1,GenBank,JS43,China,soybean
Wang,Pest Management Science,2020,32569396,Colletotrichum gloeosporioides,Cyp51A,Prochloraz,E423K,1,0.11 μg/mL (EC50),Environment,"Host: Tropical fruits; Drug family: Azole; Also, one mutation at stop codon",Glomerella cingulata,Cyp51,Agricultural,plant,,,,,WDE41095.1,GenBank,JS43,China,soybean
Wang,Pest Management Science,2020,32569396,Colletotrichum gloeosporioides,Cyp51B,Prochloraz,L189M,1,0.11 μg/mL (EC50),Environment,"Host: Tropical fruits; Drug family: Azole; Also, one mutation at stop codon",Glomerella cingulata,Cyp51,Agricultural,plant,,,,,WDE41095.1,GenBank,JS43,China,soybean
Wang,Pest Management Science,2020,32569396,Colletotrichum gloeosporioides,Cyp51B,Prochloraz,Q359N,1,0.11 μg/mL (EC50),Environment,"Host: Tropical fruits; Drug family: Azole; Also, one mutation at stop codon",Glomerella cingulata,Cyp51,Agricultural,plant,,,,,WDE41095.1,GenBank,JS43,China,soybean
Wang,Pest Management Science,2020,32569396,Colletotrichum gloeosporioides,Cyp51B,Prochloraz,T397I,1,0.11 μg/mL (EC50),Environment,"Host: Tropical fruits; Drug family: Azole; Also, one mutation at stop codon",Glomerella cingulata,Cyp51,Agricultural,plant,,,,,WDE41095.1,GenBank,JS43,China,soybean
Wang,Pest Management Science,2020,32569396,Colletotrichum gloeosporioides,Cyp51A,Difenoconazole,P10P,1,1.15 μg/mL (EC50),Environment,"Host: Tropical fruits; Drug family: Azole; Also, one mutation at stop codon",Glomerella cingulata,Cyp51,Agricultural,plant,,,,,WDE41095.1,GenBank,JS199,China,soybean
Wang,Pest Management Science,2020,32569396,Colletotrichum gloeosporioides,Cyp51A,Difenoconazole,L24V,1,1.15 μg/mL (EC50),Environment,"Host: Tropical fruits; Drug family: Azole; Also, one mutation at stop codon",Glomerella cingulata,Cyp51,Agricultural,plant,,,,,WDE41095.1,GenBank,JS199,China,soybean
Wang,Pest Management Science,2020,32569396,Colletotrichum gloeosporioides,Cyp51A,Difenoconazole,L58V,1,1.15 μg/mL (EC50),Environment,"Host: Tropical fruits; Drug family: Azole; Also, one mutation at stop codon",Glomerella cingulata,Cyp51,Agricultural,plant,,,,,WDE41095.1,GenBank,JS199,China,soybean
Wang,Pest Management Science,2020,32569396,Colletotrichum gloeosporioides,Cyp51A,Difenoconazole,A73V,1,1.15 μg/mL (EC50),Environment,"Host: Tropical fruits; Drug family: Azole; Also, one mutation at stop codon",Glomerella cingulata,Cyp51,Agricultural,plant,,,,,WDE41095.1,GenBank,JS199,China,soybean
Wang,Pest Management Science,2020,32569396,Colletotrichum gloeosporioides,Cyp51A,Difenoconazole,I94L,1,1.15 μg/mL (EC50),Environment,"Host: Tropical fruits; Drug family: Azole; Also, one mutation at stop codon",Glomerella cingulata,Cyp51,Agricultural,plant,,,,,WDE41095.1,GenBank,JS199,China,soybean
Wang,Pest Management Science,2020,32569396,Colletotrichum gloeosporioides,Cyp51A,Difenoconazole,S175P,1,1.15 μg/mL (EC50),Environment,"Host: Tropical fruits; Drug family: Azole; Also, one mutation at stop codon",Glomerella cingulata,Cyp51,Agricultural,plant,,,,,WDE41095.1,GenBank,JS199,China,soybean
Wang,Pest Management Science,2020,32569396,Colletotrichum gloeosporioides,Cyp51A,Difenoconazole,V387I,1,1.15 μg/mL (EC50),Environment,"Host: Tropical fruits; Drug family: Azole; Also, one mutation at stop codon",Glomerella cingulata,Cyp51,Agricultural,plant,,,,,WDE41095.1,GenBank,JS199,China,soybean
Wang,Pest Management Science,2020,32569396,Colletotrichum gloeosporioides,Cyp51A,Difenoconazole,E423K,1,1.15 μg/mL (EC50),Environment,"Host: Tropical fruits; Drug family: Azole; Also, one mutation at stop codon",Glomerella cingulata,Cyp51,Agricultural,plant,,,,,WDE41095.1,GenBank,JS199,China,soybean
Wang,Pest Management Science,2020,32569396,Colletotrichum gloeosporioides,Cyp51B,Difenoconazole,L189M,1,1.15 μg/mL (EC50),Environment,"Host: Tropical fruits; Drug family: Azole; Also, one mutation at stop codon",Glomerella cingulata,Cyp51,Agricultural,plant,,,,,WDE41095.1,GenBank,JS199,China,soybean
Wang,Pest Management Science,2020,32569396,Colletotrichum gloeosporioides,Cyp51B,Difenoconazole,Q359H,1,1.15 μg/mL (EC50),Environment,"Host: Tropical fruits; Drug family: Azole; Also, one mutation at stop codon",Glomerella cingulata,Cyp51,Agricultural,plant,,,,,WDE41095.1,GenBank,JS199,China,soybean
Wang,Pest Management Science,2020,32569396,Colletotrichum gloeosporioides,Cyp51B,Difenoconazole,T397I,1,1.15 μg/mL (EC50),Environment,"Host: Tropical fruits; Drug family: Azole; Also, one mutation at stop codon",Glomerella cingulata,Cyp51,Agricultural,plant,,,,,WDE41095.1,GenBank,JS199,China,soybean
Wang,Pest Management Science,2020,32569396,Colletotrichum gloeosporioides,Cyp51A,Propiconazole,P10P,1,1.10 μg/mL (EC50),Environment,"Host: Tropical fruits; Drug family: Azole; Also, one mutation at stop codon",Glomerella cingulata,Cyp51,Agricultural,plant,,,,,WDE41095.1,GenBank,JS199,China,soybean
Wang,Pest Management Science,2020,32569396,Colletotrichum gloeosporioides,Cyp51A,Propiconazole,L24V,1,1.10 μg/mL (EC50),Environment,"Host: Tropical fruits; Drug family: Azole; Also, one mutation at stop codon",Glomerella cingulata,Cyp51,Agricultural,plant,,,,,WDE41095.1,GenBank,JS199,China,soybean
Wang,Pest Management Science,2020,32569396,Colletotrichum gloeosporioides,Cyp51A,Propiconazole,L58V,1,1.10 μg/mL (EC50),Environment,"Host: Tropical fruits; Drug family: Azole; Also, one mutation at stop codon",Glomerella cingulata,Cyp51,Agricultural,plant,,,,,WDE41095.1,GenBank,JS199,China,soybean
Wang,Pest Management Science,2020,32569396,Colletotrichum gloeosporioides,Cyp51A,Propiconazole,A73V,1,1.10 μg/mL (EC50),Environment,"Host: Tropical fruits; Drug family: Azole; Also, one mutation at stop codon",Glomerella cingulata,Cyp51,Agricultural,plant,,,,,WDE41095.1,GenBank,JS199,China,soybean
Wang,Pest Management Science,2020,32569396,Colletotrichum gloeosporioides,Cyp51A,Propiconazole,I94L,1,1.10 μg/mL (EC50),Environment,"Host: Tropical fruits; Drug family: Azole; Also, one mutation at stop codon",Glomerella cingulata,Cyp51,Agricultural,plant,,,,,WDE41095.1,GenBank,JS199,China,soybean
Wang,Pest Management Science,2020,32569396,Colletotrichum gloeosporioides,Cyp51A,Propiconazole,S175P,1,1.10 μg/mL (EC50),Environment,"Host: Tropical fruits; Drug family: Azole; Also, one mutation at stop codon",Glomerella cingulata,Cyp51,Agricultural,plant,,,,,WDE41095.1,GenBank,JS199,China,soybean
Wang,Pest Management Science,2020,32569396,Colletotrichum gloeosporioides,Cyp51A,Propiconazole,V387I,1,1.10 μg/mL (EC50),Environment,"Host: Tropical fruits; Drug family: Azole; Also, one mutation at stop codon",Glomerella cingulata,Cyp51,Agricultural,plant,,,,,WDE41095.1,GenBank,JS199,China,soybean
Wang,Pest Management Science,2020,32569396,Colletotrichum gloeosporioides,Cyp51A,Propiconazole,E423K,1,1.10 μg/mL (EC50),Environment,"Host: Tropical fruits; Drug family: Azole; Also, one mutation at stop codon",Glomerella cingulata,Cyp51,Agricultural,plant,,,,,WDE41095.1,GenBank,JS199,China,soybean
Wang,Pest Management Science,2020,32569396,Colletotrichum gloeosporioides,Cyp51B,Propiconazole,L189M,1,1.10 μg/mL (EC50),Environment,"Host: Tropical fruits; Drug family: Azole; Also, one mutation at stop codon",Glomerella cingulata,Cyp51,Agricultural,plant,,,,,WDE41095.1,GenBank,JS199,China,soybean
Wang,Pest Management Science,2020,32569396,Colletotrichum gloeosporioides,Cyp51B,Propiconazole,Q359H,1,1.10 μg/mL (EC50),Environment,"Host: Tropical fruits; Drug family: Azole; Also, one mutation at stop codon",Glomerella cingulata,Cyp51,Agricultural,plant,,,,,WDE41095.1,GenBank,JS199,China,soybean
Wang,Pest Management Science,2020,32569396,Colletotrichum gloeosporioides,Cyp51B,Propiconazole,T397I,1,1.10 μg/mL (EC50),Environment,"Host: Tropical fruits; Drug family: Azole; Also, one mutation at stop codon",Glomerella cingulata,Cyp51,Agricultural,plant,,,,,WDE41095.1,GenBank,JS199,China,soybean
Wang,Pest Management Science,2020,32569396,Colletotrichum gloeosporioides,Cyp51A,Prochloraz,P10P,1,0.087 μg/mL (EC50),Environment,"Host: Tropical fruits; Drug family: Azole; Also, one mutation at stop codon",Glomerella cingulata,Cyp51,Agricultural,plant,,,,,WDE41095.1,GenBank,JS199,China,soybean
Wang,Pest Management Science,2020,32569396,Colletotrichum gloeosporioides,Cyp51A,Prochloraz,L24V,1,0.087 μg/mL (EC50),Environment,"Host: Tropical fruits; Drug family: Azole; Also, one mutation at stop codon",Glomerella cingulata,Cyp51,Agricultural,plant,,,,,WDE41095.1,GenBank,JS199,China,soybean
Wang,Pest Management Science,2020,32569396,Colletotrichum gloeosporioides,Cyp51A,Prochloraz,L58V,1,0.087 μg/mL (EC50),Environment,"Host: Tropical fruits; Drug family: Azole; Also, one mutation at stop codon",Glomerella cingulata,Cyp51,Agricultural,plant,,,,,WDE41095.1,GenBank,JS199,China,soybean
Wang,Pest Management Science,2020,32569396,Colletotrichum gloeosporioides,Cyp51A,Prochloraz,A73V,1,0.087 μg/mL (EC50),Environment,"Host: Tropical fruits; Drug family: Azole; Also, one mutation at stop codon",Glomerella cingulata,Cyp51,Agricultural,plant,,,,,WDE41095.1,GenBank,JS199,China,soybean
Wang,Pest Management Science,2020,32569396,Colletotrichum gloeosporioides,Cyp51A,Prochloraz,I94L,1,0.087 μg/mL (EC50),Environment,"Host: Tropical fruits; Drug family: Azole; Also, one mutation at stop codon",Glomerella cingulata,Cyp51,Agricultural,plant,,,,,WDE41095.1,GenBank,JS199,China,soybean
Wang,Pest Management Science,2020,32569396,Colletotrichum gloeosporioides,Cyp51A,Prochloraz,S175P,1,0.087 μg/mL (EC50),Environment,"Host: Tropical fruits; Drug family: Azole; Also, one mutation at stop codon",Glomerella cingulata,Cyp51,Agricultural,plant,,,,,WDE41095.1,GenBank,JS199,China,soybean
Wang,Pest Management Science,2020,32569396,Colletotrichum gloeosporioides,Cyp51A,Prochloraz,V387I,1,0.087 μg/mL (EC50),Environment,"Host: Tropical fruits; Drug family: Azole; Also, one mutation at stop codon",Glomerella cingulata,Cyp51,Agricultural,plant,,,,,WDE41095.1,GenBank,JS199,China,soybean
Wang,Pest Management Science,2020,32569396,Colletotrichum gloeosporioides,Cyp51A,Prochloraz,E423K,1,0.087 μg/mL (EC50),Environment,"Host: Tropical fruits; Drug family: Azole; Also, one mutation at stop codon",Glomerella cingulata,Cyp51,Agricultural,plant,,,,,WDE41095.1,GenBank,JS199,China,soybean
Wang,Pest Management Science,2020,32569396,Colletotrichum gloeosporioides,Cyp51B,Prochloraz,L189M,1,0.087 μg/mL (EC50),Environment,"Host: Tropical fruits; Drug family: Azole; Also, one mutation at stop codon",Glomerella cingulata,Cyp51,Agricultural,plant,,,,,WDE41095.1,GenBank,JS199,China,soybean
Wang,Pest Management Science,2020,32569396,Colletotrichum gloeosporioides,Cyp51B,Prochloraz,Q359H,1,0.087 μg/mL (EC50),Environment,"Host: Tropical fruits; Drug family: Azole; Also, one mutation at stop codon",Glomerella cingulata,Cyp51,Agricultural,plant,,,,,WDE41095.1,GenBank,JS199,China,soybean
Wang,Pest Management Science,2020,32569396,Colletotrichum gloeosporioides,Cyp51B,Prochloraz,T397I,1,0.087 μg/mL (EC50),Environment,"Host: Tropical fruits; Drug family: Azole; Also, one mutation at stop codon",Glomerella cingulata,Cyp51,Agricultural,plant,,,,,WDE41095.1,GenBank,JS199,China,soybean
Wang,Pest Management Science,2020,32569396,Colletotrichum gloeosporioides,Cyp51A,Difenoconazole,P10P,1,2.11 μg/mL (EC50),Environment,"Host: Tropical fruits; Drug family: Azole; Also, one mutation at stop codon",Glomerella cingulata,Cyp51,Agricultural,plant,,,,,WDE41095.1,GenBank,JS301,China,soybean
Wang,Pest Management Science,2020,32569396,Colletotrichum gloeosporioides,Cyp51A,Difenoconazole,L24V,1,2.11 μg/mL (EC50),Environment,"Host: Tropical fruits; Drug family: Azole; Also, one mutation at stop codon",Glomerella cingulata,Cyp51,Agricultural,plant,,,,,WDE41095.1,GenBank,JS301,China,soybean
Wang,Pest Management Science,2020,32569396,Colletotrichum gloeosporioides,Cyp51A,Difenoconazole,L58V,1,2.11 μg/mL (EC50),Environment,"Host: Tropical fruits; Drug family: Azole; Also, one mutation at stop codon",Glomerella cingulata,Cyp51,Agricultural,plant,,,,,WDE41095.1,GenBank,JS301,China,soybean
Wang,Pest Management Science,2020,32569396,Colletotrichum gloeosporioides,Cyp51A,Difenoconazole,A73V,1,2.11 μg/mL (EC50),Environment,"Host: Tropical fruits; Drug family: Azole; Also, one mutation at stop codon",Glomerella cingulata,Cyp51,Agricultural,plant,,,,,WDE41095.1,GenBank,JS301,China,soybean
Wang,Pest Management Science,2020,32569396,Colletotrichum gloeosporioides,Cyp51A,Difenoconazole,I94L,1,2.11 μg/mL (EC50),Environment,"Host: Tropical fruits; Drug family: Azole; Also, one mutation at stop codon",Glomerella cingulata,Cyp51,Agricultural,plant,,,,,WDE41095.1,GenBank,JS301,China,soybean
Wang,Pest Management Science,2020,32569396,Colletotrichum gloeosporioides,Cyp51A,Difenoconazole,S175P,1,2.11 μg/mL (EC50),Environment,"Host: Tropical fruits; Drug family: Azole; Also, one mutation at stop codon",Glomerella cingulata,Cyp51,Agricultural,plant,,,,,WDE41095.1,GenBank,JS301,China,soybean
Wang,Pest Management Science,2020,32569396,Colletotrichum gloeosporioides,Cyp51A,Difenoconazole,V387I,1,2.11 μg/mL (EC50),Environment,"Host: Tropical fruits; Drug family: Azole; Also, one mutation at stop codon",Glomerella cingulata,Cyp51,Agricultural,plant,,,,,WDE41095.1,GenBank,JS301,China,soybean
Wang,Pest Management Science,2020,32569396,Colletotrichum gloeosporioides,Cyp51A,Difenoconazole,E423K,1,2.11 μg/mL (EC50),Environment,"Host: Tropical fruits; Drug family: Azole; Also, one mutation at stop codon",Glomerella cingulata,Cyp51,Agricultural,plant,,,,,WDE41095.1,GenBank,JS301,China,soybean
Wang,Pest Management Science,2020,32569396,Colletotrichum gloeosporioides,Cyp51B,Difenoconazole,L189M,1,2.11 μg/mL (EC50),Environment,"Host: Tropical fruits; Drug family: Azole; Also, one mutation at stop codon",Glomerella cingulata,Cyp51,Agricultural,plant,,,,,WDE41095.1,GenBank,JS301,China,soybean
Wang,Pest Management Science,2020,32569396,Colletotrichum gloeosporioides,Cyp51A,Difenoconazole,I328V,1,2.11 μg/mL (EC50),Environment,"Host: Tropical fruits; Drug family: Azole; Also, one mutation at stop codon",Glomerella cingulata,Cyp51,Agricultural,plant,,,,,WDE41095.1,GenBank,JS301,China,soybean
Wang,Pest Management Science,2020,32569396,Colletotrichum gloeosporioides,Cyp51A,Difenoconazole,Q359H,1,2.11 μg/mL (EC50),Environment,"Host: Tropical fruits; Drug family: Azole; Also, one mutation at stop codon",Glomerella cingulata,Cyp51,Agricultural,plant,,,,,WDE41095.1,GenBank,JS301,China,soybean
Wang,Pest Management Science,2020,32569396,Colletotrichum gloeosporioides,Cyp51B,Difenoconazole,T397I,1,2.11 μg/mL (EC50),Environment,"Host: Tropical fruits; Drug family: Azole; Also, one mutation at stop codon",Glomerella cingulata,Cyp51,Agricultural,plant,,,,,WDE41095.1,GenBank,JS301,China,soybean
Wang,Pest Management Science,2020,32569396,Colletotrichum gloeosporioides,Cyp51B,Prochloraz,N518K,1,1.40 μg/mL (EC50),Environment,"Host: Tropical fruits; Drug family: Azole; Also, one mutation at stop codon",Glomerella cingulata,Cyp51,Agricultural,plant,,,,,WDE41095.1,GenBank,JS301,China,soybean
Wang,Pest Management Science,2020,32569396,Colletotrichum gloeosporioides,Cyp51A,Prochloraz,L24V,1,1.40 μg/mL (EC50),Environment,"Host: Tropical fruits; Drug family: Azole; Also, one mutation at stop codon",Glomerella cingulata,Cyp51,Agricultural,plant,,,,,WDE41095.1,GenBank,JS301,China,soybean
Wang,Pest Management Science,2020,32569396,Colletotrichum gloeosporioides,Cyp51A,Prochloraz,L58V,1,1.40 μg/mL (EC50),Environment,"Host: Tropical fruits; Drug family: Azole; Also, one mutation at stop codon",Glomerella cingulata,Cyp51,Agricultural,plant,,,,,WDE41095.1,GenBank,JS301,China,soybean
Wang,Pest Management Science,2020,32569396,Colletotrichum gloeosporioides,Cyp51A,Prochloraz,A73V,1,1.40 μg/mL (EC50),Environment,"Host: Tropical fruits; Drug family: Azole; Also, one mutation at stop codon",Glomerella cingulata,Cyp51,Agricultural,plant,,,,,WDE41095.1,GenBank,JS301,China,soybean
Wang,Pest Management Science,2020,32569396,Colletotrichum gloeosporioides,Cyp51A,Prochloraz,I94L,1,1.40 μg/mL (EC50),Environment,"Host: Tropical fruits; Drug family: Azole; Also, one mutation at stop codon",Glomerella cingulata,Cyp51,Agricultural,plant,,,,,WDE41095.1,GenBank,JS301,China,soybean
Wang,Pest Management Science,2020,32569396,Colletotrichum gloeosporioides,Cyp51A,Prochloraz,S175P,1,1.40 μg/mL (EC50),Environment,"Host: Tropical fruits; Drug family: Azole; Also, one mutation at stop codon",Glomerella cingulata,Cyp51,Agricultural,plant,,,,,WDE41095.1,GenBank,JS301,China,soybean
Wang,Pest Management Science,2020,32569396,Colletotrichum gloeosporioides,Cyp51A,Prochloraz,V387I,1,1.40 μg/mL (EC50),Environment,"Host: Tropical fruits; Drug family: Azole; Also, one mutation at stop codon",Glomerella cingulata,Cyp51,Agricultural,plant,,,,,WDE41095.1,GenBank,JS301,China,soybean
Wang,Pest Management Science,2020,32569396,Colletotrichum gloeosporioides,Cyp51A,Prochloraz,E423K,1,1.40 μg/mL (EC50),Environment,"Host: Tropical fruits; Drug family: Azole; Also, one mutation at stop codon",Glomerella cingulata,Cyp51,Agricultural,plant,,,,,WDE41095.1,GenBank,JS301,China,soybean
Wang,Pest Management Science,2020,32569396,Colletotrichum gloeosporioides,Cyp51B,Prochloraz,L189M,1,1.40 μg/mL (EC50),Environment,"Host: Tropical fruits; Drug family: Azole; Also, one mutation at stop codon",Glomerella cingulata,Cyp51,Agricultural,plant,,,,,WDE41095.1,GenBank,JS301,China,soybean
Wang,Pest Management Science,2020,32569396,Colletotrichum gloeosporioides,Cyp51A,Prochloraz,I328V,1,1.40 μg/mL (EC50),Environment,"Host: Tropical fruits; Drug family: Azole; Also, one mutation at stop codon",Glomerella cingulata,Cyp51,Agricultural,plant,,,,,WDE41095.1,GenBank,JS301,China,soybean
Wang,Pest Management Science,2020,32569396,Colletotrichum gloeosporioides,Cyp51A,Prochloraz,Q359H,1,1.40 μg/mL (EC50),Environment,"Host: Tropical fruits; Drug family: Azole; Also, one mutation at stop codon",Glomerella cingulata,Cyp51,Agricultural,plant,,,,,WDE41095.1,GenBank,JS301,China,soybean
Wang,Pest Management Science,2020,32569396,Colletotrichum gloeosporioides,Cyp51B,Prochloraz,T397I,1,1.40 μg/mL (EC50),Environment,"Host: Tropical fruits; Drug family: Azole; Also, one mutation at stop codon",Glomerella cingulata,Cyp51,Agricultural,plant,,,,,WDE41095.1,GenBank,JS301,China,soybean
Wang,Pest Management Science,2020,32569396,Colletotrichum gloeosporioides,Cyp51B,Prochloraz,N518K,1,1.40 μg/mL (EC50),Environment,"Host: Tropical fruits; Drug family: Azole; Also, one mutation at stop codon",Glomerella cingulata,Cyp51,Agricultural,plant,,,,,WDE41095.1,GenBank,JS301,China,soybean
Wang,Pest Management Science,2020,32569396,Colletotrichum gloeosporioides,Cyp51A,Difenoconazole,P10P,1,0.10 μg/mL (EC50),Environment,"Host: Tropical fruits; Drug family: Azole; Also, one mutation at stop codon",Glomerella cingulata,Cyp51,Agricultural,plant,,,,,WDE41095.1,GenBank,JS301,China,soybean
Wang,Pest Management Science,2020,32569396,Colletotrichum gloeosporioides,Cyp51A,Difenoconazole,L24V,1,0.10 μg/mL (EC50),Environment,"Host: Tropical fruits; Drug family: Azole; Also, one mutation at stop codon",Glomerella cingulata,Cyp51,Agricultural,plant,,,,,WDE41095.1,GenBank,JS301,China,soybean
Wang,Pest Management Science,2020,32569396,Colletotrichum gloeosporioides,Cyp51A,Difenoconazole,L58V,1,0.10 μg/mL (EC50),Environment,"Host: Tropical fruits; Drug family: Azole; Also, one mutation at stop codon",Glomerella cingulata,Cyp51,Agricultural,plant,,,,,WDE41095.1,GenBank,JS301,China,soybean
Wang,Pest Management Science,2020,32569396,Colletotrichum gloeosporioides,Cyp51A,Difenoconazole,A73V,1,0.10 μg/mL (EC50),Environment,"Host: Tropical fruits; Drug family: Azole; Also, one mutation at stop codon",Glomerella cingulata,Cyp51,Agricultural,plant,,,,,WDE41095.1,GenBank,JS301,China,soybean
Wang,Pest Management Science,2020,32569396,Colletotrichum gloeosporioides,Cyp51A,Difenoconazole,I94L,1,0.10 μg/mL (EC50),Environment,"Host: Tropical fruits; Drug family: Azole; Also, one mutation at stop codon",Glomerella cingulata,Cyp51,Agricultural,plant,,,,,WDE41095.1,GenBank,JS301,China,soybean
Wang,Pest Management Science,2020,32569396,Colletotrichum gloeosporioides,Cyp51A,Difenoconazole,S175P,1,0.10 μg/mL (EC50),Environment,"Host: Tropical fruits; Drug family: Azole; Also, one mutation at stop codon",Glomerella cingulata,Cyp51,Agricultural,plant,,,,,WDE41095.1,GenBank,JS301,China,soybean
Wang,Pest Management Science,2020,32569396,Colletotrichum gloeosporioides,Cyp51A,Difenoconazole,V387I,1,0.10 μg/mL (EC50),Environment,"Host: Tropical fruits; Drug family: Azole; Also, one mutation at stop codon",Glomerella cingulata,Cyp51,Agricultural,plant,,,,,WDE41095.1,GenBank,JS301,China,soybean
Wang,Pest Management Science,2020,32569396,Colletotrichum gloeosporioides,Cyp51A,Difenoconazole,E423K,1,0.10 μg/mL (EC50),Environment,"Host: Tropical fruits; Drug family: Azole; Also, one mutation at stop codon",Glomerella cingulata,Cyp51,Agricultural,plant,,,,,WDE41095.1,GenBank,JS301,China,soybean
Wang,Pest Management Science,2020,32569396,Colletotrichum gloeosporioides,Cyp51B,Difenoconazole,L189M,1,0.10 μg/mL (EC50),Environment,"Host: Tropical fruits; Drug family: Azole; Also, one mutation at stop codon",Glomerella cingulata,Cyp51,Agricultural,plant,,,,,WDE41095.1,GenBank,JS301,China,soybean
Wang,Pest Management Science,2020,32569396,Colletotrichum gloeosporioides,Cyp51A,Difenoconazole,I328V,1,0.10 μg/mL (EC50),Environment,"Host: Tropical fruits; Drug family: Azole; Also, one mutation at stop codon",Glomerella cingulata,Cyp51,Agricultural,plant,,,,,WDE41095.1,GenBank,JS301,China,soybean
Wang,Pest Management Science,2020,32569396,Colletotrichum gloeosporioides,Cyp51A,Difenoconazole,Q359H,1,0.10 μg/mL (EC50),Environment,"Host: Tropical fruits; Drug family: Azole; Also, one mutation at stop codon",Glomerella cingulata,Cyp51,Agricultural,plant,,,,,WDE41095.1,GenBank,JS301,China,soybean
Wang,Pest Management Science,2020,32569396,Colletotrichum gloeosporioides,Cyp51B,Difenoconazole,T397I,1,0.10 μg/mL (EC50),Environment,"Host: Tropical fruits; Drug family: Azole; Also, one mutation at stop codon",Glomerella cingulata,Cyp51,Agricultural,plant,,,,,WDE41095.1,GenBank,JS301,China,soybean
Wang,Pest Management Science,2020,32569396,Colletotrichum gloeosporioides,Cyp51B,Difenoconazole,N518K,1,0.10 μg/mL (EC50),Environment,"Host: Tropical fruits; Drug family: Azole; Also, one mutation at stop codon",Glomerella cingulata,Cyp51,Agricultural,plant,,,,,WDE41095.1,GenBank,JS301,China,soybean
Carolus,mBio,2021,33820824,Candidozyma auris,Erg3,Amphotericin B,L207I,7,0.5 µg/mL,Evolved,"Resistance measured with MIC50. Important, strain exposed to caspofungin and isolated at 20 days. Deletion at 635 in FKS1 previously described in C. glabrata (Johnson et al, AAC, 2011) and C. auris (Alfouzan et al, JFungi, 2020)",Candida auris,Erg3,Clinical,human&animal,,,,,KAK8441599,NCBI,C20,Pakistan,Homo Sapiens
Carolus,mBio,2021,33820824,Candidozyma auris,Fks1,Amphotericin B,F635del,7,0.5 µg/mL,Evolved,"Resistance measured with MIC50. Important, strain exposed to caspofungin and isolated at 20 days. Deletion at 635 in FKS1 previously described in C. glabrata (Johnson et al, AAC, 2011) and C. auris (Alfouzan et al, JFungi, 2020)",Candida auris,Fks,Clinical,human&animal,,,,,KAK8441599,NCBI,C20,Pakistan,Homo Sapiens
Carolus,mBio,2021,33820824,Candidozyma auris,Fks1,Amphotericin B,M690I,7,0.5 µg/mL,Evolved,"Resistance measured with MIC50. Important, strain exposed to caspofungin and isolated at 20 days. Deletion at 635 in FKS1 previously described in C. glabrata (Johnson et al, AAC, 2011) and C. auris (Alfouzan et al, JFungi, 2020)",Candida auris,Fks,Clinical,human&animal,,,,,KAK8441599,NCBI,C20,Pakistan,Homo Sapiens
Carolus,mBio,2021,33820824,Candidozyma auris,Erg3,Caspofungin,L207I,7,>64 µg/mL,Evolved,"Resistance measured with MIC50. Important, strain exposed to caspofungin and isolated at 20 days. Deletion at 635 in FKS1 previously described in C. glabrata (Johnson et al, AAC, 2011) and C. auris (Alfouzan et al, JFungi, 2020)",Candida auris,Erg3,Clinical,human&animal,,,,,KAK8441599,NCBI,C20,Pakistan,Homo Sapiens
Carolus,mBio,2021,33820824,Candidozyma auris,Fks1,Caspofungin,F635del,7,>64 µg/mL,Evolved,"Resistance measured with MIC50. Important, strain exposed to caspofungin and isolated at 20 days. Deletion at 635 in FKS1 previously described in C. glabrata (Johnson et al, AAC, 2011) and C. auris (Alfouzan et al, JFungi, 2020)",Candida auris,Fks,Clinical,human&animal,,,,,KAK8441599,NCBI,C20,Pakistan,Homo Sapiens
Carolus,mBio,2021,33820824,Candidozyma auris,Fks1,Caspofungin,M690I,7,>64 µg/mL,Evolved,"Resistance measured with MIC50. Important, strain exposed to caspofungin and isolated at 20 days. Deletion at 635 in FKS1 previously described in C. glabrata (Johnson et al, AAC, 2011) and C. auris (Alfouzan et al, JFungi, 2020)",Candida auris,Fks,Clinical,human&animal,,,,,KAK8441599,NCBI,C20,Pakistan,Homo Sapiens
Carolus,mBio,2021,33820824,Candidozyma auris,Erg3,Fluconazole,L207I,7,0.5 µg/mL,Evolved,"Resistance measured with MIC50. Important, strain exposed to caspofungin and isolated at 20 days. Deletion at 635 in FKS1 previously described in C. glabrata (Johnson et al, AAC, 2011) and C. auris (Alfouzan et al, JFungi, 2020)",Candida auris,Erg3,Clinical,human&animal,,,,,KAK8441599,NCBI,C20,Pakistan,Homo Sapiens
Carolus,mBio,2021,33820824,Candidozyma auris,Fks1,Fluconazole,F635del,7,0.5 µg/mL,Evolved,"Resistance measured with MIC50. Important, strain exposed to caspofungin and isolated at 20 days. Deletion at 635 in FKS1 previously described in C. glabrata (Johnson et al, AAC, 2011) and C. auris (Alfouzan et al, JFungi, 2020)",Candida auris,Fks,Clinical,human&animal,,,,,KAK8441599,NCBI,C20,Pakistan,Homo Sapiens
Carolus,mBio,2021,33820824,Candidozyma auris,Fks1,Fluconazole,M690I,7,0.5 µg/mL,Evolved,"Resistance measured with MIC50. Important, strain exposed to caspofungin and isolated at 20 days. Deletion at 635 in FKS1 previously described in C. glabrata (Johnson et al, AAC, 2011) and C. auris (Alfouzan et al, JFungi, 2020)",Candida auris,Fks,Clinical,human&animal,,,,,KAK8441599,NCBI,C20,Pakistan,Homo Sapiens
Carolus,mBio,2021,33820824,Candidozyma auris,Erg3,Amphotericin B,L207I,7,0.5 µg/mL,Evolved,"Resistance measured with MIC50. Important, C20 strain (previously exposed to caspofungin for 20 days) exposed to fluconazole, newly evolved strain isolated at 16 days. Duplication of chr5 contains TAC1b. Deletion at 635 in FKS1 previously described in C. glabrata (Johnson et al, AAC, 2011) and C. auris (Alfouzan et al, JFungi, 2020)",Candida auris,Erg3,Clinical,human&animal,,,,,KAK8441599,NCBI,CF16,Pakistan,Homo Sapiens
Carolus,mBio,2021,33820824,Candidozyma auris,tac1B,Amphotericin B,Duplication,7,0.5 µg/mL,Evolved,"Resistance measured with MIC50. Important, C20 strain (previously exposed to caspofungin for 20 days) exposed to fluconazole, newly evolved strain isolated at 16 days. Duplication of chr5 contains TAC1b. Deletion at 635 in FKS1 previously described in C. glabrata (Johnson et al, AAC, 2011) and C. auris (Alfouzan et al, JFungi, 2020)",Candida auris,Tac1,Clinical,human&animal,,,,,KAK8441599,NCBI,CF16,Pakistan,Homo Sapiens
Carolus,mBio,2021,33820824,Candidozyma auris,Fks1,Amphotericin B,F635del,7,0.5 µg/mL,Evolved,"Resistance measured with MIC50. Important, C20 strain (previously exposed to caspofungin for 20 days) exposed to fluconazole, newly evolved strain isolated at 16 days. Duplication of chr5 contains TAC1b. Deletion at 635 in FKS1 previously described in C. glabrata (Johnson et al, AAC, 2011) and C. auris (Alfouzan et al, JFungi, 2020)",Candida auris,Fks,Clinical,human&animal,,,,,KAK8441599,NCBI,CF16,Pakistan,Homo Sapiens
Carolus,mBio,2021,33820824,Candidozyma auris,Fks1,Amphotericin B,M690I,7,0.5 µg/mL,Evolved,"Resistance measured with MIC50. Important, C20 strain (previously exposed to caspofungin for 20 days) exposed to fluconazole, newly evolved strain isolated at 16 days. Duplication of chr5 contains TAC1b. Deletion at 635 in FKS1 previously described in C. glabrata (Johnson et al, AAC, 2011) and C. auris (Alfouzan et al, JFungi, 2020)",Candida auris,Fks,Clinical,human&animal,,,,,KAK8441599,NCBI,CF16,Pakistan,Homo Sapiens
Carolus,mBio,2021,33820824,Candidozyma auris,Erg3,Caspofungin,L207I,7,64 µg/mL,Evolved,"Resistance measured with MIC50. Important, C20 strain (previously exposed to caspofungin for 20 days) exposed to fluconazole, newly evolved strain isolated at 16 days. Duplication of chr5 contains TAC1b. Deletion at 635 in FKS1 previously described in C. glabrata (Johnson et al, AAC, 2011) and C. auris (Alfouzan et al, JFungi, 2020)",Candida auris,Erg3,Clinical,human&animal,,,,,KAK8441599,NCBI,CF16,Pakistan,Homo Sapiens
Carolus,mBio,2021,33820824,Candidozyma auris,tac1B,Caspofungin,Duplication,7,64 µg/mL,Evolved,"Resistance measured with MIC50. Important, C20 strain (previously exposed to caspofungin for 20 days) exposed to fluconazole, newly evolved strain isolated at 16 days. Duplication of chr5 contains TAC1b. Deletion at 635 in FKS1 previously described in C. glabrata (Johnson et al, AAC, 2011) and C. auris (Alfouzan et al, JFungi, 2020)",Candida auris,Tac1,Clinical,human&animal,,,,,KAK8441599,NCBI,CF16,Pakistan,Homo Sapiens
Carolus,mBio,2021,33820824,Candidozyma auris,Fks1,Caspofungin,F635del,7,64 µg/mL,Evolved,"Resistance measured with MIC50. Important, C20 strain (previously exposed to caspofungin for 20 days) exposed to fluconazole, newly evolved strain isolated at 16 days. Duplication of chr5 contains TAC1b. Deletion at 635 in FKS1 previously described in C. glabrata (Johnson et al, AAC, 2011) and C. auris (Alfouzan et al, JFungi, 2020)",Candida auris,Fks,Clinical,human&animal,,,,,KAK8441599,NCBI,CF16,Pakistan,Homo Sapiens
Carolus,mBio,2021,33820824,Candidozyma auris,Fks1,Caspofungin,M690I,7,64 µg/mL,Evolved,"Resistance measured with MIC50. Important, C20 strain (previously exposed to caspofungin for 20 days) exposed to fluconazole, newly evolved strain isolated at 16 days. Duplication of chr5 contains TAC1b. Deletion at 635 in FKS1 previously described in C. glabrata (Johnson et al, AAC, 2011) and C. auris (Alfouzan et al, JFungi, 2020)",Candida auris,Fks,Clinical,human&animal,,,,,KAK8441599,NCBI,CF16,Pakistan,Homo Sapiens
Carolus,mBio,2021,33820824,Candidozyma auris,Erg3,Fluconazole,L207I,7,16 µg/mL,Evolved,"Resistance measured with MIC50. Important, C20 strain (previously exposed to caspofungin for 20 days) exposed to fluconazole, newly evolved strain isolated at 16 days. Duplication of chr5 contains TAC1b. Deletion at 635 in FKS1 previously described in C. glabrata (Johnson et al, AAC, 2011) and C. auris (Alfouzan et al, JFungi, 2020)",Candida auris,Erg3,Clinical,human&animal,,,,,KAK8441599,NCBI,CF16,Pakistan,Homo Sapiens
Carolus,mBio,2021,33820824,Candidozyma auris,tac1B,Fluconazole,Duplication,7,16 µg/mL,Evolved,"Resistance measured with MIC50. Important, C20 strain (previously exposed to caspofungin for 20 days) exposed to fluconazole, newly evolved strain isolated at 16 days. Duplication of chr5 contains TAC1b. Deletion at 635 in FKS1 previously described in C. glabrata (Johnson et al, AAC, 2011) and C. auris (Alfouzan et al, JFungi, 2020)",Candida auris,Tac1,Clinical,human&animal,,,,,KAK8441599,NCBI,CF16,Pakistan,Homo Sapiens
Carolus,mBio,2021,33820824,Candidozyma auris,Fks1,Fluconazole,F635del,7,16 µg/mL,Evolved,"Resistance measured with MIC50. Important, C20 strain (previously exposed to caspofungin for 20 days) exposed to fluconazole, newly evolved strain isolated at 16 days. Duplication of chr5 contains TAC1b. Deletion at 635 in FKS1 previously described in C. glabrata (Johnson et al, AAC, 2011) and C. auris (Alfouzan et al, JFungi, 2020)",Candida auris,Fks,Clinical,human&animal,,,,,KAK8441599,NCBI,CF16,Pakistan,Homo Sapiens
Carolus,mBio,2021,33820824,Candidozyma auris,Fks1,Fluconazole,M690I,7,16 µg/mL,Evolved,"Resistance measured with MIC50. Important, C20 strain (previously exposed to caspofungin for 20 days) exposed to fluconazole, newly evolved strain isolated at 16 days. Duplication of chr5 contains TAC1b. Deletion at 635 in FKS1 previously described in C. glabrata (Johnson et al, AAC, 2011) and C. auris (Alfouzan et al, JFungi, 2020)",Candida auris,Fks,Clinical,human&animal,,,,,KAK8441599,NCBI,CF16,Pakistan,Homo Sapiens
Carolus,mBio,2021,33820824,Candidozyma auris,Cis2,Caspofungin,A27T,7,>64 µg/mL,Evolved,"Resistance measured with MIC50. Important, F30 strain (previously exposed to fluconazole for 30 days) exposed to caspofungin, newly evolved strain isolated at 16 days. Partial duplication in chrI (161kb) contains ERG11",Candida auris,Cis2,Clinical,human&animal,,,,, KAK8441599,NCBI,FC16,Pakistan,Homo Sapiens
Carolus,mBio,2021,33820824,Candidozyma auris,Erg11,Caspofungin,Duplication,7,>64 µg/mL,Evolved,"Resistance measured with MIC50. Important, F30 strain (previously exposed to fluconazole for 30 days) exposed to caspofungin, newly evolved strain isolated at 16 days. Partial duplication in chrI (161kb) contains ERG11",Candida auris,Cyp51,Clinical,human&animal,,,,, KAK8441599,NCBI,FC16,Pakistan,Homo Sapiens
Carolus,mBio,2021,33820824,Candidozyma auris,Fks1,Caspofungin,F635del,7,>64 µg/mL,Evolved,"Resistance measured with MIC50. Important, F30 strain (previously exposed to fluconazole for 30 days) exposed to caspofungin, newly evolved strain isolated at 16 days. Partial duplication in chrI (161kb) contains ERG11",Candida auris,Fks,Clinical,human&animal,,,,, KAK8441599,NCBI,FC16,Pakistan,Homo Sapiens
Carolus,mBio,2021,33820824,Candidozyma auris,Tac1B,Caspofungin,F191del,7,>64 µg/mL,Evolved,"Resistance measured with MIC50. Important, F30 strain (previously exposed to fluconazole for 30 days) exposed to caspofungin, newly evolved strain isolated at 16 days. Partial duplication in chrI (161kb) contains ERG11",Candida auris,Tac1,Clinical,human&animal,,,,, KAK8441599,NCBI,FC16,Pakistan,Homo Sapiens
Carolus,mBio,2021,33820824,Candidozyma auris,Cis2,Fluconazole,A27T,7,>64 µg/mL,Evolved,"Resistance measured with MIC50. Important, F30 strain (previously exposed to fluconazole for 30 days) exposed to caspofungin, newly evolved strain isolated at 16 days. Partial duplication in chrI (161kb) contains ERG11",Candida auris,Cis2,Clinical,human&animal,,,,, KAK8441599,NCBI,FC16,Pakistan,Homo Sapiens
Carolus,mBio,2021,33820824,Candidozyma auris,Erg11,Fluconazole,Duplication,7,>64 µg/mL,Evolved,"Resistance measured with MIC50. Important, F30 strain (previously exposed to fluconazole for 30 days) exposed to caspofungin, newly evolved strain isolated at 16 days. Partial duplication in chrI (161kb) contains ERG11",Candida auris,Cyp51,Clinical,human&animal,,,,, KAK8441599,NCBI,FC16,Pakistan,Homo Sapiens
Carolus,mBio,2021,33820824,Candidozyma auris,Fks1,Fluconazole,F635del,7,>64 µg/mL,Evolved,"Resistance measured with MIC50. Important, F30 strain (previously exposed to fluconazole for 30 days) exposed to caspofungin, newly evolved strain isolated at 16 days. Partial duplication in chrI (161kb) contains ERG11",Candida auris,Fks,Clinical,human&animal,,,,, KAK8441599,NCBI,FC16,Pakistan,Homo Sapiens
Carolus,mBio,2021,33820824,Candidozyma auris,Tac1B,Fluconazole,F191del,7,>64 µg/mL,Evolved,"Resistance measured with MIC50. Important, F30 strain (previously exposed to fluconazole for 30 days) exposed to caspofungin, newly evolved strain isolated at 16 days. Partial duplication in chrI (161kb) contains ERG11",Candida auris,Tac1,Clinical,human&animal,,,,, KAK8441599,NCBI,FC16,Pakistan,Homo Sapiens
Carolus,mBio,2021,33820824,Candidozyma auris,Cis2,Amphotericin B,A27T,7,1 µg/mL,Evolved,"Resistance measured with MIC50. Important, F30 strain (previously exposed to fluconazole for 30 days) exposed to caspofungin, newly evolved strain isolated at 17 days. Partial duplication in chrI (161kb) contains ERG11",Candida auris,Cis2,Clinical,human&animal,,,,, KAK8441599,NCBI,FC17,Pakistan,Homo Sapiens
Carolus,mBio,2021,33820824,Candidozyma auris,Erg11,Amphotericin B,Duplication,7,1 µg/mL,Evolved,"Resistance measured with MIC50. Important, F30 strain (previously exposed to fluconazole for 30 days) exposed to caspofungin, newly evolved strain isolated at 17 days. Partial duplication in chrI (161kb) contains ERG11",Candida auris,Cyp51,Clinical,human&animal,,,,, KAK8441599,NCBI,FC17,Pakistan,Homo Sapiens
Carolus,mBio,2021,33820824,Candidozyma auris,Fks1,Amphotericin B,F635del,7,1 µg/mL,Evolved,"Resistance measured with MIC50. Important, F30 strain (previously exposed to fluconazole for 30 days) exposed to caspofungin, newly evolved strain isolated at 17 days. Partial duplication in chrI (161kb) contains ERG11",Candida auris,Fks,Clinical,human&animal,,,,, KAK8441599,NCBI,FC17,Pakistan,Homo Sapiens
Carolus,mBio,2021,33820824,Candidozyma auris,Pea2,Amphotericin B,D367V,7,1 µg/mL,Evolved,"Resistance measured with MIC50. Important, F30 strain (previously exposed to fluconazole for 30 days) exposed to caspofungin, newly evolved strain isolated at 17 days. Partial duplication in chrI (161kb) contains ERG11",Candida auris,Pea2,Clinical,human&animal,,,,, KAK8441599,NCBI,FC17,Pakistan,Homo Sapiens
Carolus,mBio,2021,33820824,Candidozyma auris,Tac1B,Amphotericin B,F191del,7,1 µg/mL,Evolved,"Resistance measured with MIC50. Important, F30 strain (previously exposed to fluconazole for 30 days) exposed to caspofungin, newly evolved strain isolated at 17 days. Partial duplication in chrI (161kb) contains ERG11",Candida auris,Tac1,Clinical,human&animal,,,,, KAK8441599,NCBI,FC17,Pakistan,Homo Sapiens
Carolus,mBio,2021,33820824,Candidozyma auris,Cis2,Caspofungin,A27T,7,>64 µg/mL,Evolved,"Resistance measured with MIC50. Important, F30 strain (previously exposed to fluconazole for 30 days) exposed to caspofungin, newly evolved strain isolated at 17 days. Partial duplication in chrI (161kb) contains ERG11",Candida auris,Cis2,Clinical,human&animal,,,,, KAK8441599,NCBI,FC17,Pakistan,Homo Sapiens
Carolus,mBio,2021,33820824,Candidozyma auris,Erg11,Caspofungin,Duplication,7,>64 µg/mL,Evolved,"Resistance measured with MIC50. Important, F30 strain (previously exposed to fluconazole for 30 days) exposed to caspofungin, newly evolved strain isolated at 17 days. Partial duplication in chrI (161kb) contains ERG11",Candida auris,Cyp51,Clinical,human&animal,,,,, KAK8441599,NCBI,FC17,Pakistan,Homo Sapiens
Carolus,mBio,2021,33820824,Candidozyma auris,Fks1,Caspofungin,F635del,7,>64 µg/mL,Evolved,"Resistance measured with MIC50. Important, F30 strain (previously exposed to fluconazole for 30 days) exposed to caspofungin, newly evolved strain isolated at 17 days. Partial duplication in chrI (161kb) contains ERG11",Candida auris,Fks,Clinical,human&animal,,,,, KAK8441599,NCBI,FC17,Pakistan,Homo Sapiens
Carolus,mBio,2021,33820824,Candidozyma auris,Pea2,Caspofungin,D367V,7,>64 µg/mL,Evolved,"Resistance measured with MIC50. Important, F30 strain (previously exposed to fluconazole for 30 days) exposed to caspofungin, newly evolved strain isolated at 17 days. Partial duplication in chrI (161kb) contains ERG11",Candida auris,Pea2,Clinical,human&animal,,,,, KAK8441599,NCBI,FC17,Pakistan,Homo Sapiens
Carolus,mBio,2021,33820824,Candidozyma auris,Tac1B,Caspofungin,F191del,7,>64 µg/mL,Evolved,"Resistance measured with MIC50. Important, F30 strain (previously exposed to fluconazole for 30 days) exposed to caspofungin, newly evolved strain isolated at 17 days. Partial duplication in chrI (161kb) contains ERG11",Candida auris,Tac1,Clinical,human&animal,,,,, KAK8441599,NCBI,FC17,Pakistan,Homo Sapiens
Carolus,mBio,2021,33820824,Candidozyma auris,Cis2,Fluconazole,A27T,7,>64 µg/mL,Evolved,"Resistance measured with MIC50. Important, F30 strain (previously exposed to fluconazole for 30 days) exposed to caspofungin, newly evolved strain isolated at 17 days. Partial duplication in chrI (161kb) contains ERG11",Candida auris,Cis2,Clinical,human&animal,,,,, KAK8441599,NCBI,FC17,Pakistan,Homo Sapiens
Carolus,mBio,2021,33820824,Candidozyma auris,Erg11,Fluconazole,Duplication,7,>64 µg/mL,Evolved,"Resistance measured with MIC50. Important, F30 strain (previously exposed to fluconazole for 30 days) exposed to caspofungin, newly evolved strain isolated at 17 days. Partial duplication in chrI (161kb) contains ERG11",Candida auris,Cyp51,Clinical,human&animal,,,,, KAK8441599,NCBI,FC17,Pakistan,Homo Sapiens
Carolus,mBio,2021,33820824,Candidozyma auris,Fks1,Fluconazole,F635del,7,>64 µg/mL,Evolved,"Resistance measured with MIC50. Important, F30 strain (previously exposed to fluconazole for 30 days) exposed to caspofungin, newly evolved strain isolated at 17 days. Partial duplication in chrI (161kb) contains ERG11",Candida auris,Fks,Clinical,human&animal,,,,, KAK8441599,NCBI,FC17,Pakistan,Homo Sapiens
Carolus,mBio,2021,33820824,Candidozyma auris,Pea2,Fluconazole,D367V,7,>64 µg/mL,Evolved,"Resistance measured with MIC50. Important, F30 strain (previously exposed to fluconazole for 30 days) exposed to caspofungin, newly evolved strain isolated at 17 days. Partial duplication in chrI (161kb) contains ERG11",Candida auris,Pea2,Clinical,human&animal,,,,, KAK8441599,NCBI,FC17,Pakistan,Homo Sapiens
Carolus,mBio,2021,33820824,Candidozyma auris,Tac1B,Fluconazole,F191del,7,>64 µg/mL,Evolved,"Resistance measured with MIC50. Important, F30 strain (previously exposed to fluconazole for 30 days) exposed to caspofungin, newly evolved strain isolated at 17 days. Partial duplication in chrI (161kb) contains ERG11",Candida auris,Tac1,Clinical,human&animal,,,,, KAK8441599,NCBI,FC17,Pakistan,Homo Sapiens
Zhu,Pesticide Biochemistry and Physiology,2022,35973770,Corynespora cassiicola,SdhB,Boscalid,I280V,7,0.7 μg/mL (logEC50),Environment,Host: Curcubits; Drug family: SDHI (succinate dehydrogenase inhibitor); ,,Sdh,Agricultural,human&plant,,,,,BAJ07111.1,GenBank,Not indicated,Japan:ibaraki,Cucumus sativus
Zhu,Pesticide Biochemistry and Physiology,2022,35973770,Corynespora cassiicola,SdhC,Boscalid,S73P,7,0.7 μg/mL (logEC50),Environment,Host: Curcubits; Drug family: SDHI (succinate dehydrogenase inhibitor); ,,Sdh,Agricultural,human&plant,,,,,BAJ07111.1,GenBank,Not indicated,Japan:ibaraki,Cucumus sativus
Zhu,Pesticide Biochemistry and Physiology,2022,35973770,Corynespora cassiicola,SdhB,Fluopyram,I280V,7,0.5 μg/mL (logEC50),Environment,Host: Curcubits; Drug family: SDHI (succinate dehydrogenase inhibitor); ,,Sdh,Agricultural,human&plant,,,,,BAJ07111.1,GenBank,Not indicated,Japan:ibaraki,Cucumus sativus
Zhu,Pesticide Biochemistry and Physiology,2022,35973770,Corynespora cassiicola,SdhC,Fluopyram,S73P,7,0.5 μg/mL (logEC50),Environment,Host: Curcubits; Drug family: SDHI (succinate dehydrogenase inhibitor); ,,Sdh,Agricultural,human&plant,,,,,BAJ07111.1,GenBank,Not indicated,Japan:ibaraki,Cucumus sativus
Zhu,Pesticide Biochemistry and Physiology,2022,35973770,Corynespora cassiicola,SdhB,Fluxapyroxad,I280V,7,-0.2 μg/mL (logEC50),Environment,Host: Curcubits; Drug family: SDHI (succinate dehydrogenase inhibitor); ,,Sdh,Agricultural,human&plant,,,,,BAJ07111.1,GenBank,Not indicated,Japan:ibaraki,Cucumus sativus
Zhu,Pesticide Biochemistry and Physiology,2022,35973770,Corynespora cassiicola,SdhC,Fluxapyroxad,S73P,7,-0.2 μg/mL (logEC50),Environment,Host: Curcubits; Drug family: SDHI (succinate dehydrogenase inhibitor); ,,Sdh,Agricultural,human&plant,,,,,BAJ07111.1,GenBank,Not indicated,Japan:ibaraki,Cucumus sativus
Zhu,Pesticide Biochemistry and Physiology,2022,35973770,Corynespora cassiicola,SdhB,Isopyrazam,I280V,7,0.2 μg/mL (logEC50),Environment,Host: Curcubits; Drug family: SDHI (succinate dehydrogenase inhibitor); ,,Sdh,Agricultural,human&plant,,,,,BAJ07111.1,GenBank,Not indicated,Japan:ibaraki,Cucumus sativus
Zhu,Pesticide Biochemistry and Physiology,2022,35973770,Corynespora cassiicola,SdhC,Isopyrazam,S73P,7,0.2 μg/mL (logEC50),Environment,Host: Curcubits; Drug family: SDHI (succinate dehydrogenase inhibitor); ,,Sdh,Agricultural,human&plant,,,,,BAJ07111.1,GenBank,Not indicated,Japan:ibaraki,Cucumus sativus
Zhu,Pesticide Biochemistry and Physiology,2022,35973770,Corynespora cassiicola,SdhB,Boscalid,I280V,7,0.5 μg/mL (logEC50),Environment,Host: Curcubits; Drug family: SDHI (succinate dehydrogenase inhibitor); ,,Sdh,Agricultural,human&plant,,,,,BAJ07111.1,GenBank,Not indicated,Japan:ibaraki,Cucumus sativus
Zhu,Pesticide Biochemistry and Physiology,2022,35973770,Corynespora cassiicola,SdhC,Boscalid,N75S,7,0.5 μg/mL (logEC50),Environment,Host: Curcubits; Drug family: SDHI (succinate dehydrogenase inhibitor); ,,Sdh,Agricultural,human&plant,,,,,BAJ07111.1,GenBank,Not indicated,Japan:ibaraki,Cucumus sativus
Zhu,Pesticide Biochemistry and Physiology,2022,35973770,Corynespora cassiicola,SdhB,Fluopyram,I280V,7,1.7 μg/mL (logEC50),Environment,Host: Curcubits; Drug family: SDHI (succinate dehydrogenase inhibitor); ,,Sdh,Agricultural,human&plant,,,,,BAJ07111.1,GenBank,Not indicated,Japan:ibaraki,Cucumus sativus
Zhu,Pesticide Biochemistry and Physiology,2022,35973770,Corynespora cassiicola,SdhC,Fluopyram,N75S,7,1.7 μg/mL (logEC50),Environment,Host: Curcubits; Drug family: SDHI (succinate dehydrogenase inhibitor); ,,Sdh,Agricultural,human&plant,,,,,BAJ07111.1,GenBank,Not indicated,Japan:ibaraki,Cucumus sativus
Zhu,Pesticide Biochemistry and Physiology,2022,35973770,Corynespora cassiicola,SdhB,Fluxapyroxad,I280V,7,0.9 μg/mL (logEC50),Environment,Host: Curcubits; Drug family: SDHI (succinate dehydrogenase inhibitor); ,,Sdh,Agricultural,human&plant,,,,,BAJ07111.1,GenBank,Not indicated,Japan:ibaraki,Cucumus sativus
Zhu,Pesticide Biochemistry and Physiology,2022,35973770,Corynespora cassiicola,SdhC,Fluxapyroxad,N75S,7,0.9 μg/mL (logEC50),Environment,Host: Curcubits; Drug family: SDHI (succinate dehydrogenase inhibitor); ,,Sdh,Agricultural,human&plant,,,,,BAJ07111.1,GenBank,Not indicated,Japan:ibaraki,Cucumus sativus
Zhu,Pesticide Biochemistry and Physiology,2022,35973770,Corynespora cassiicola,SdhB,Isopyrazam,I280V,7,1.4 μg/mL (logEC50),Environment,Host: Curcubits; Drug family: SDHI (succinate dehydrogenase inhibitor); ,,Sdh,Agricultural,human&plant,,,,,BAJ07111.1,GenBank,Not indicated,Japan:ibaraki,Cucumus sativus
Zhu,Pesticide Biochemistry and Physiology,2022,35973770,Corynespora cassiicola,SdhC,Isopyrazam,N75S,7,1.4 μg/mL (logEC50),Environment,Host: Curcubits; Drug family: SDHI (succinate dehydrogenase inhibitor); ,,Sdh,Agricultural,human&plant,,,,,BAJ07111.1,GenBank,Not indicated,Japan:ibaraki,Cucumus sativus
Matsuzaki,Plant Pathology,2020,https://doi.org/10.1111/ppa.13298,Puccinia horiana,Cytb,Azoxystrobin,L275F,7,0.61 μg/mL (EC50),Lab,Host: Chrysanthemum; Drug family: Quinone-outside inhibitor; L275F and L299F confers resistance to Qol,,Cytochrome b,Agricultural,plant,,,,,BCT98157.1,GenBank,CWR1,Japan:Hyogo,Chrysanthemum morifolium
Matsuzaki,Plant Pathology,2020,https://doi.org/10.1111/ppa.13298,Puccinia horiana,Cytb,Azoxystrobin,L299F,7,0.61 μg/mL (EC50),Lab,Host: Chrysanthemum; Drug family: Quinone-outside inhibitor; L275F and L299F confers resistance to Qol,,Cytochrome b,Agricultural,plant,,,,,BCT98157.1,GenBank,CWR1,Japan:Hyogo,Chrysanthemum morifolium
Matsuzaki,Plant Pathology,2020,https://doi.org/10.1111/ppa.13298,Puccinia horiana,SdhC,Azoxystrobin,I88F,7,0.61 μg/mL (EC50),Lab,Host: Chrysanthemum; Drug family: Quinone-outside inhibitor; L275F and L299F confers resistance to Qol,,Sdh,Agricultural,plant,,,,,BCT98157.1,GenBank,CWR1,Japan:Hyogo,Chrysanthemum morifolium
Matsuzaki,Plant Pathology,2020,https://doi.org/10.1111/ppa.13298,Puccinia horiana,Cytb,Kresoxim-methyl,L275F,7,0.0466 μg/mL (EC50),Lab,Host: Chrysanthemum; Drug family: Quinone-outside inhibitor; L275F and L299F confers resistance to Qol,,Cytochrome b,Agricultural,plant,,,,,BCT98157.1,GenBank,CWR1,Japan:Hyogo,Chrysanthemum morifolium
Matsuzaki,Plant Pathology,2020,https://doi.org/10.1111/ppa.13298,Puccinia horiana,Cytb,Kresoxim-methyl,L299F,7,0.0466 μg/mL (EC50),Lab,Host: Chrysanthemum; Drug family: Quinone-outside inhibitor; L275F and L299F confers resistance to Qol,,Cytochrome b,Agricultural,plant,,,,,BCT98157.1,GenBank,CWR1,Japan:Hyogo,Chrysanthemum morifolium
Matsuzaki,Plant Pathology,2020,https://doi.org/10.1111/ppa.13298,Puccinia horiana,SdhC,Kresoxim-methyl,I88F,7,0.0466 μg/mL (EC50),Lab,Host: Chrysanthemum; Drug family: Quinone-outside inhibitor; L275F and L299F confers resistance to Qol,,Sdh,Agricultural,plant,,,,,BCT98157.1,GenBank,CWR1,Japan:Hyogo,Chrysanthemum morifolium
Matsuzaki,Plant Pathology,2020,https://doi.org/10.1111/ppa.13298,Puccinia horiana,Cytb,Oxycarboxin,L275F,7,59.8 μg/mL (EC50),Lab,Host: Chrysanthemum; Drug family: SDHI (succinate dehydrogenase inhibitor); I88F confers resistance to SHDI,,Cytochrome b,Agricultural,plant,,,,,BCT98157.1,GenBank,CWR1,Japan:Hyogo,Chrysanthemum morifolium
Matsuzaki,Plant Pathology,2020,https://doi.org/10.1111/ppa.13298,Puccinia horiana,Cytb,Oxycarboxin,L299F,7,59.8 μg/mL (EC50),Lab,Host: Chrysanthemum; Drug family: SDHI (succinate dehydrogenase inhibitor); I88F confers resistance to SHDI,,Cytochrome b,Agricultural,plant,,,,,BCT98157.1,GenBank,CWR1,Japan:Hyogo,Chrysanthemum morifolium
Matsuzaki,Plant Pathology,2020,https://doi.org/10.1111/ppa.13298,Puccinia horiana,SdhC,Oxycarboxin,I88F,7,59.8 μg/mL (EC50),Lab,Host: Chrysanthemum; Drug family: SDHI (succinate dehydrogenase inhibitor); I88F confers resistance to SHDI,,Sdh,Agricultural,plant,,,,,BCT98157.1,GenBank,CWR1,Japan:Hyogo,Chrysanthemum morifolium
Zhu,Pesticide Biochemistry and Physiology,2022,35973770,Corynespora cassiicola,SdhB,Boscalid,I280V,7,0.7 μg/mL (logEC50),Environment,Host: Curcubits; Drug family: SDHI (succinate dehydrogenase inhibitor); ,,Sdh,Agricultural,human&plant,,,,,BAJ07114.1,GenBank,Not indicated,Japan:ibaraki,Cucumus sativus
Zhu,Pesticide Biochemistry and Physiology,2022,35973770,Corynespora cassiicola,SdhC,Boscalid,S73P,7,0.7 μg/mL (logEC50),Environment,Host: Curcubits; Drug family: SDHI (succinate dehydrogenase inhibitor); ,,Sdh,Agricultural,human&plant,,,,,BAJ07114.1,GenBank,Not indicated,Japan:ibaraki,Cucumus sativus
Zhu,Pesticide Biochemistry and Physiology,2022,35973770,Corynespora cassiicola,SdhB,Fluopyram,I280V,7,0.5 μg/mL (logEC50),Environment,Host: Curcubits; Drug family: SDHI (succinate dehydrogenase inhibitor); ,,Sdh,Agricultural,human&plant,,,,,BAJ07114.1,GenBank,Not indicated,Japan:ibaraki,Cucumus sativus
Zhu,Pesticide Biochemistry and Physiology,2022,35973770,Corynespora cassiicola,SdhC,Fluopyram,S73P,7,0.5 μg/mL (logEC50),Environment,Host: Curcubits; Drug family: SDHI (succinate dehydrogenase inhibitor); ,,Sdh,Agricultural,human&plant,,,,,BAJ07114.1,GenBank,Not indicated,Japan:ibaraki,Cucumus sativus
Zhu,Pesticide Biochemistry and Physiology,2022,35973770,Corynespora cassiicola,SdhB,Fluxapyroxad,I280V,7,-0.2 μg/mL (logEC50),Environment,Host: Curcubits; Drug family: SDHI (succinate dehydrogenase inhibitor); ,,Sdh,Agricultural,human&plant,,,,,BAJ07114.1,GenBank,Not indicated,Japan:ibaraki,Cucumus sativus
Zhu,Pesticide Biochemistry and Physiology,2022,35973770,Corynespora cassiicola,SdhC,Fluxapyroxad,S73P,7,-0.2 μg/mL (logEC50),Environment,Host: Curcubits; Drug family: SDHI (succinate dehydrogenase inhibitor); ,,Sdh,Agricultural,human&plant,,,,,BAJ07114.1,GenBank,Not indicated,Japan:ibaraki,Cucumus sativus
Zhu,Pesticide Biochemistry and Physiology,2022,35973770,Corynespora cassiicola,SdhB,Isopyrazam,I280V,7,0.2 μg/mL (logEC50),Environment,Host: Curcubits; Drug family: SDHI (succinate dehydrogenase inhibitor); ,,Sdh,Agricultural,human&plant,,,,,BAJ07114.1,GenBank,Not indicated,Japan:ibaraki,Cucumus sativus
Zhu,Pesticide Biochemistry and Physiology,2022,35973770,Corynespora cassiicola,SdhC,Isopyrazam,S73P,7,0.2 μg/mL (logEC50),Environment,Host: Curcubits; Drug family: SDHI (succinate dehydrogenase inhibitor); ,,Sdh,Agricultural,human&plant,,,,,BAJ07114.1,GenBank,Not indicated,Japan:ibaraki,Cucumus sativus
Zhu,Pesticide Biochemistry and Physiology,2022,35973770,Corynespora cassiicola,SdhB,Boscalid,I280V,7,0.5 μg/mL (logEC50),Environment,Host: Curcubits; Drug family: SDHI (succinate dehydrogenase inhibitor); ,,Sdh,Agricultural,human&plant,,,,,BAJ07114.1,GenBank,Not indicated,Japan:ibaraki,Cucumus sativus
Zhu,Pesticide Biochemistry and Physiology,2022,35973770,Corynespora cassiicola,SdhC,Boscalid,N75S,7,0.5 μg/mL (logEC50),Environment,Host: Curcubits; Drug family: SDHI (succinate dehydrogenase inhibitor); ,,Sdh,Agricultural,human&plant,,,,,BAJ07114.1,GenBank,Not indicated,Japan:ibaraki,Cucumus sativus
Zhu,Pesticide Biochemistry and Physiology,2022,35973770,Corynespora cassiicola,SdhB,Fluopyram,I280V,7,1.7 μg/mL (logEC50),Environment,Host: Curcubits; Drug family: SDHI (succinate dehydrogenase inhibitor); ,,Sdh,Agricultural,human&plant,,,,,BAJ07114.1,GenBank,Not indicated,Japan:ibaraki,Cucumus sativus
Zhu,Pesticide Biochemistry and Physiology,2022,35973770,Corynespora cassiicola,SdhC,Fluopyram,N75S,7,1.7 μg/mL (logEC50),Environment,Host: Curcubits; Drug family: SDHI (succinate dehydrogenase inhibitor); ,,Sdh,Agricultural,human&plant,,,,,BAJ07114.1,GenBank,Not indicated,Japan:ibaraki,Cucumus sativus
Zhu,Pesticide Biochemistry and Physiology,2022,35973770,Corynespora cassiicola,SdhB,Fluxapyroxad,I280V,7,0.9 μg/mL (logEC50),Environment,Host: Curcubits; Drug family: SDHI (succinate dehydrogenase inhibitor); ,,Sdh,Agricultural,human&plant,,,,,BAJ07114.1,GenBank,Not indicated,Japan:ibaraki,Cucumus sativus
Zhu,Pesticide Biochemistry and Physiology,2022,35973770,Corynespora cassiicola,SdhC,Fluxapyroxad,N75S,7,0.9 μg/mL (logEC50),Environment,Host: Curcubits; Drug family: SDHI (succinate dehydrogenase inhibitor); ,,Sdh,Agricultural,human&plant,,,,,BAJ07114.1,GenBank,Not indicated,Japan:ibaraki,Cucumus sativus
Zhu,Pesticide Biochemistry and Physiology,2022,35973770,Corynespora cassiicola,SdhB,Isopyrazam,I280V,7,1.4 μg/mL (logEC50),Environment,Host: Curcubits; Drug family: SDHI (succinate dehydrogenase inhibitor); ,,Sdh,Agricultural,human&plant,,,,,BAJ07114.1,GenBank,Not indicated,Japan:ibaraki,Cucumus sativus
Zhu,Pesticide Biochemistry and Physiology,2022,35973770,Corynespora cassiicola,SdhC,Isopyrazam,N75S,7,1.4 μg/mL (logEC50),Environment,Host: Curcubits; Drug family: SDHI (succinate dehydrogenase inhibitor); ,,Sdh,Agricultural,human&plant,,,,,BAJ07114.1,GenBank,Not indicated,Japan:ibaraki,Cucumus sativus
Matsuzaki,Plant Pathology,2020,https://doi.org/10.1111/ppa.13298,Puccinia horiana,Cytb,Azoxystrobin,L275F,7,0.61 μg/mL (EC50),Lab,Host: Chrysanthemum; Drug family: Quinone-outside inhibitor; L275F and L299F confers resistance to Qol,,Cytochrome b,Agricultural,plant,,,,,BCL56287.1,GenBank,CWR1,Japan:Nara,Chrysanthemum indicum
Matsuzaki,Plant Pathology,2020,https://doi.org/10.1111/ppa.13298,Puccinia horiana,Cytb,Azoxystrobin,L299F,7,0.61 μg/mL (EC50),Lab,Host: Chrysanthemum; Drug family: Quinone-outside inhibitor; L275F and L299F confers resistance to Qol,,Cytochrome b,Agricultural,plant,,,,,BCL56287.1,GenBank,CWR1,Japan:Nara,Chrysanthemum indicum
Matsuzaki,Plant Pathology,2020,https://doi.org/10.1111/ppa.13298,Puccinia horiana,SdhC,Azoxystrobin,I88F,7,0.61 μg/mL (EC50),Lab,Host: Chrysanthemum; Drug family: Quinone-outside inhibitor; L275F and L299F confers resistance to Qol,,Sdh,Agricultural,plant,,,,,BCL56287.1,GenBank,CWR1,Japan:Nara,Chrysanthemum indicum
Matsuzaki,Plant Pathology,2020,https://doi.org/10.1111/ppa.13298,Puccinia horiana,Cytb,Kresoxim-methyl,L275F,7,0.0466 μg/mL (EC50),Lab,Host: Chrysanthemum; Drug family: Quinone-outside inhibitor; L275F and L299F confers resistance to Qol,,Cytochrome b,Agricultural,plant,,,,,BCL56287.1,GenBank,CWR1,Japan:Nara,Chrysanthemum indicum
Matsuzaki,Plant Pathology,2020,https://doi.org/10.1111/ppa.13298,Puccinia horiana,Cytb,Kresoxim-methyl,L299F,7,0.0466 μg/mL (EC50),Lab,Host: Chrysanthemum; Drug family: Quinone-outside inhibitor; L275F and L299F confers resistance to Qol,,Cytochrome b,Agricultural,plant,,,,,BCL56287.1,GenBank,CWR1,Japan:Nara,Chrysanthemum indicum
Matsuzaki,Plant Pathology,2020,https://doi.org/10.1111/ppa.13298,Puccinia horiana,SdhC,Kresoxim-methyl,I88F,7,0.0466 μg/mL (EC50),Lab,Host: Chrysanthemum; Drug family: Quinone-outside inhibitor; L275F and L299F confers resistance to Qol,,Sdh,Agricultural,plant,,,,,BCL56287.1,GenBank,CWR1,Japan:Nara,Chrysanthemum indicum
Matsuzaki,Plant Pathology,2020,https://doi.org/10.1111/ppa.13298,Puccinia horiana,Cytb,Oxycarboxin,L275F,7,59.8 μg/mL (EC50),Lab,Host: Chrysanthemum; Drug family: SDHI (succinate dehydrogenase inhibitor); I88F confers resistance to SHDI,,Cytochrome b,Agricultural,plant,,,,,BCL56287.1,GenBank,CWR1,Japan:Nara,Chrysanthemum indicum
Matsuzaki,Plant Pathology,2020,https://doi.org/10.1111/ppa.13298,Puccinia horiana,Cytb,Oxycarboxin,L299F,7,59.8 μg/mL (EC50),Lab,Host: Chrysanthemum; Drug family: SDHI (succinate dehydrogenase inhibitor); I88F confers resistance to SHDI,,Cytochrome b,Agricultural,plant,,,,,BCL56287.1,GenBank,CWR1,Japan:Nara,Chrysanthemum indicum
Matsuzaki,Plant Pathology,2020,https://doi.org/10.1111/ppa.13298,Puccinia horiana,SdhC,Oxycarboxin,I88F,7,59.8 μg/mL (EC50),Lab,Host: Chrysanthemum; Drug family: SDHI (succinate dehydrogenase inhibitor); I88F confers resistance to SHDI,,Sdh,Agricultural,plant,,,,,BCL56287.1,GenBank,CWR1,Japan:Nara,Chrysanthemum indicum
Hu,Plant disease,2015,30699530,Colletotrichum siamense,Beta-tubulin,Thiophanate-methyl,E198A,7,>100 μg/mL (EC50),Environment,,,Beta-tubulin,Agricultural,plant,,,,,AKC42429.1,GenBank,OD13-4,USA,Peach
Hu,Plant disease,2015,30699530,Colletotrichum siamense,Cytb ,Thiophanate-methyl,G143A,7,>100 μg/mL (EC50),Environment,,,Cytochrome b,Agricultural,plant,,,,,AKC42429.1,GenBank,OD13-4,USA,Peach
Omrane,Environmental microbiology,2015,25627815,Zymoseptoria tritici,Cyp51,Trifloxystrobin,I381V,8,0.01 μg/mL,Environment,"Insertion in position -383. Gen MFS1 80-fold more expressed in resistant strains. Multidrug resistance, some of the fungicides were used just to mesaure the genes' expression. Other fungicides tested: terbinafine, bixafen, tebuconazole, pyrifenox, triflumizole, metconazole and azoxystrobin.",Mycosphaerella graminicola,Cyp51,Agricultural,plant,,,,,AKA94187.1,GenBank,09-ASA-3a pz 3a.pz (MDR6),USA:Oregon,
Omrane,Environmental microbiology,2015,25627815,Zymoseptoria tritici,Cyp51,Trifloxystrobin,Y461H,8,0.01 μg/mL,Environment,"Insertion in position -383. Gen MFS1 80-fold more expressed in resistant strains. Multidrug resistance, some of the fungicides were used just to mesaure the genes' expression. Other fungicides tested: terbinafine, bixafen, tebuconazole, pyrifenox, triflumizole, metconazole and azoxystrobin.",Mycosphaerella graminicola,Cyp51,Agricultural,plant,,,,,AKA94187.1,GenBank,09-ASA-3a pz 3a.pz (MDR6),USA:Oregon,
Omrane,Environmental microbiology,2015,25627815,Zymoseptoria tritici,Mfs1 promoter,Trifloxystrobin,519 bp promoter insert,8,0.01 μg/mL,Environment,"Insertion in position -383. Gen MFS1 80-fold more expressed in resistant strains. Multidrug resistance, some of the fungicides were used just to mesaure the genes' expression. Other fungicides tested: terbinafine, bixafen, tebuconazole, pyrifenox, triflumizole, metconazole and azoxystrobin.",Mycosphaerella graminicola,Mfs1 promoter,Agricultural,plant,,,,,AKA94187.1,GenBank,09-ASA-3a pz 3a.pz (MDR6),USA:Oregon,
Omrane,Environmental microbiology,2015,25627815,Zymoseptoria tritici,Cyp51,Prochloraz,I381V,8,0.01 μg/mL,Environment,"Insertion in position -383. Gen MFS1 80-fold more expressed in resistant strains. Multidrug resistance, some of the fungicides were used just to mesaure the genes' expression. Other fungicides tested: terbinafine, bixafen, tebuconazole, pyrifenox, triflumizole, metconazole and azoxystrobin.",Mycosphaerella graminicola,Cyp51,Agricultural,plant,,,,,AKA94187.1,GenBank,09-ASA-3a pz 3a.pz (MDR6),USA:Oregon,
Omrane,Environmental microbiology,2015,25627815,Zymoseptoria tritici,Cyp51,Prochloraz,Y461H,8,0.01 μg/mL,Environment,"Insertion in position -383. Gen MFS1 80-fold more expressed in resistant strains. Multidrug resistance, some of the fungicides were used just to mesaure the genes' expression. Other fungicides tested: terbinafine, bixafen, tebuconazole, pyrifenox, triflumizole, metconazole and azoxystrobin.",Mycosphaerella graminicola,Cyp51,Agricultural,plant,,,,,AKA94187.1,GenBank,09-ASA-3a pz 3a.pz (MDR6),USA:Oregon,
Omrane,Environmental microbiology,2015,25627815,Zymoseptoria tritici,Mfs1 promoter,Prochloraz,519 bp promoter insert,8,0.01 μg/mL,Environment,"Insertion in position -383. Gen MFS1 80-fold more expressed in resistant strains. Multidrug resistance, some of the fungicides were used just to mesaure the genes' expression. Other fungicides tested: terbinafine, bixafen, tebuconazole, pyrifenox, triflumizole, metconazole and azoxystrobin.",Mycosphaerella graminicola,Mfs1 promoter,Agricultural,plant,,,,,AKA94187.1,GenBank,09-ASA-3a pz 3a.pz (MDR6),USA:Oregon,
Omrane,Environmental microbiology,2015,25627815,Zymoseptoria tritici,Cyp51,Tolnaftate,I381V,8,0.155 μg/mL (EC50),Environment,"Insertion in position -383. Gen MFS1 80-fold more expressed in resistant strains. Multidrug resistance, some of the fungicides were used just to mesaure the genes' expression. Other fungicides tested: terbinafine, bixafen, tebuconazole, pyrifenox, triflumizole, metconazole and azoxystrobin.",Mycosphaerella graminicola,Cyp51,Clinical,plant,,,,,AKA94187.1,GenBank,09-ASA-3a pz 3a.pz (MDR6),USA:Oregon,
Omrane,Environmental microbiology,2015,25627815,Zymoseptoria tritici,Cyp51,Tolnaftate,Y461H,8,0.155 μg/mL (EC50),Environment,"Insertion in position -383. Gen MFS1 80-fold more expressed in resistant strains. Multidrug resistance, some of the fungicides were used just to mesaure the genes' expression. Other fungicides tested: terbinafine, bixafen, tebuconazole, pyrifenox, triflumizole, metconazole and azoxystrobin.",Mycosphaerella graminicola,Cyp51,Clinical,plant,,,,,AKA94187.1,GenBank,09-ASA-3a pz 3a.pz (MDR6),USA:Oregon,
Omrane,Environmental microbiology,2015,25627815,Zymoseptoria tritici,Mfs1 promoter,Tolnaftate,519 bp promoter insert,8,0.155 μg/mL (EC50),Environment,"Insertion in position -383. Gen MFS1 80-fold more expressed in resistant strains. Multidrug resistance, some of the fungicides were used just to mesaure the genes' expression. Other fungicides tested: terbinafine, bixafen, tebuconazole, pyrifenox, triflumizole, metconazole and azoxystrobin.",Mycosphaerella graminicola,Mfs1 promoter,Clinical,plant,,,,,AKA94187.1,GenBank,09-ASA-3a pz 3a.pz (MDR6),USA:Oregon,
Omrane,Environmental microbiology,2015,25627815,Zymoseptoria tritici,Cyp51,Epoxiconazole,I381V,8,0.357 μg/mL (EC50),Environment,"Insertion in position -383. Gen MFS1 80-fold more expressed in resistant strains. Multidrug resistance, some of the fungicides were used just to mesaure the genes' expression. Other fungicides tested: terbinafine, bixafen, tebuconazole, pyrifenox, triflumizole, metconazole and azoxystrobin.",Mycosphaerella graminicola,Cyp51,Agricultural,plant,,,,,AKA94187.1,GenBank,09-ASA-3a pz 3a.pz (MDR6),USA:Oregon,
Omrane,Environmental microbiology,2015,25627815,Zymoseptoria tritici,Cyp51,Epoxiconazole,Y461H,8,0.357 μg/mL (EC50),Environment,"Insertion in position -383. Gen MFS1 80-fold more expressed in resistant strains. Multidrug resistance, some of the fungicides were used just to mesaure the genes' expression. Other fungicides tested: terbinafine, bixafen, tebuconazole, pyrifenox, triflumizole, metconazole and azoxystrobin.",Mycosphaerella graminicola,Cyp51,Agricultural,plant,,,,,AKA94187.1,GenBank,09-ASA-3a pz 3a.pz (MDR6),USA:Oregon,
Omrane,Environmental microbiology,2015,25627815,Zymoseptoria tritici,Mfs1 promoter,Epoxiconazole,519 bp promoter insert,8,0.357 μg/mL (EC50),Environment,"Insertion in position -383. Gen MFS1 80-fold more expressed in resistant strains. Multidrug resistance, some of the fungicides were used just to mesaure the genes' expression. Other fungicides tested: terbinafine, bixafen, tebuconazole, pyrifenox, triflumizole, metconazole and azoxystrobin.",Mycosphaerella graminicola,Mfs1 promoter,Agricultural,plant,,,,,AKA94187.1,GenBank,09-ASA-3a pz 3a.pz (MDR6),USA:Oregon,
Omrane,Environmental microbiology,2015,25627815,Zymoseptoria tritici,Cyp51,Boscalid,I381V,8,1.07 μg/mL (EC50),Environment,"Insertion in position -383. Gen MFS1 80-fold more expressed in resistant strains. Multidrug resistance, some of the fungicides were used just to mesaure the genes' expression. Other fungicides tested: terbinafine, bixafen, tebuconazole, pyrifenox, triflumizole, metconazole and azoxystrobin.",Mycosphaerella graminicola,Cyp51,Agricultural,plant,,,,,AKA94187.1,GenBank,09-ASA-3a pz 3a.pz (MDR6),USA:Oregon,
Omrane,Environmental microbiology,2015,25627815,Zymoseptoria tritici,Cyp51,Boscalid,Y461H,8,1.07 μg/mL (EC50),Environment,"Insertion in position -383. Gen MFS1 80-fold more expressed in resistant strains. Multidrug resistance, some of the fungicides were used just to mesaure the genes' expression. Other fungicides tested: terbinafine, bixafen, tebuconazole, pyrifenox, triflumizole, metconazole and azoxystrobin.",Mycosphaerella graminicola,Cyp51,Agricultural,plant,,,,,AKA94187.1,GenBank,09-ASA-3a pz 3a.pz (MDR6),USA:Oregon,
Omrane,Environmental microbiology,2015,25627815,Zymoseptoria tritici,Mfs1 promoter,Boscalid,519 bp promoter insert,8,1.07 μg/mL (EC50),Environment,"Insertion in position -383. Gen MFS1 80-fold more expressed in resistant strains. Multidrug resistance, some of the fungicides were used just to mesaure the genes' expression. Other fungicides tested: terbinafine, bixafen, tebuconazole, pyrifenox, triflumizole, metconazole and azoxystrobin.",Mycosphaerella graminicola,Mfs1 promoter,Agricultural,plant,,,,,AKA94187.1,GenBank,09-ASA-3a pz 3a.pz (MDR6),USA:Oregon,
Omrane,Environmental microbiology,2015,25627815,Zymoseptoria tritici,Cyp51,Trifloxystrobin,I381V,8,0.01 μg/mL,Environment,"Insertion in position -383. Gen MFS1 80-fold more expressed in resistant strains. Multidrug resistance, some of the fungicides were used just to mesaure the genes' expression. Other fungicides tested: terbinafine, bixafen, tebuconazole, pyrifenox, triflumizole, metconazole and azoxystrobin.",Mycosphaerella graminicola,Cyp51,Agricultural,plant,,,,,AKA94187.1,GenBank,09-CB1 (MDR7),USA:Oregon,
Omrane,Environmental microbiology,2015,25627815,Zymoseptoria tritici,Cyp51,Trifloxystrobin,Y459del,8,0.01 μg/mL,Environment,"Insertion in position -383. Gen MFS1 80-fold more expressed in resistant strains. Multidrug resistance, some of the fungicides were used just to mesaure the genes' expression. Other fungicides tested: terbinafine, bixafen, tebuconazole, pyrifenox, triflumizole, metconazole and azoxystrobin.",Mycosphaerella graminicola,Cyp51,Agricultural,plant,,,,,AKA94187.1,GenBank,09-CB1 (MDR7),USA:Oregon,
Omrane,Environmental microbiology,2015,25627815,Zymoseptoria tritici,Cyp51,Trifloxystrobin,G460del,8,0.01 μg/mL,Environment,"Insertion in position -383. Gen MFS1 80-fold more expressed in resistant strains. Multidrug resistance, some of the fungicides were used just to mesaure the genes' expression. Other fungicides tested: terbinafine, bixafen, tebuconazole, pyrifenox, triflumizole, metconazole and azoxystrobin.",Mycosphaerella graminicola,Cyp51,Agricultural,plant,,,,,AKA94187.1,GenBank,09-CB1 (MDR7),USA:Oregon,
Omrane,Environmental microbiology,2015,25627815,Zymoseptoria tritici,Mfs1 promoter,Trifloxystrobin,519 bp promoter insert,8,0.01 μg/mL,Environment,"Insertion in position -383. Gen MFS1 80-fold more expressed in resistant strains. Multidrug resistance, some of the fungicides were used just to mesaure the genes' expression. Other fungicides tested: terbinafine, bixafen, tebuconazole, pyrifenox, triflumizole, metconazole and azoxystrobin.",Mycosphaerella graminicola,Mfs1 promoter,Agricultural,plant,,,,,AKA94187.1,GenBank,09-CB1 (MDR7),USA:Oregon,
Omrane,Environmental microbiology,2015,25627815,Zymoseptoria tritici,Cyp51,Prochloraz,I381V,8,0.01 μg/mL,Environment,"Insertion in position -383. Gen MFS1 80-fold more expressed in resistant strains. Multidrug resistance, some of the fungicides were used just to mesaure the genes' expression. Other fungicides tested: terbinafine, bixafen, tebuconazole, pyrifenox, triflumizole, metconazole and azoxystrobin.",Mycosphaerella graminicola,Cyp51,Agricultural,plant,,,,,AKA94187.1,GenBank,09-CB1 (MDR7),USA:Oregon,
Omrane,Environmental microbiology,2015,25627815,Zymoseptoria tritici,Cyp51,Prochloraz,Y459del,8,0.01 μg/mL,Environment,"Insertion in position -383. Gen MFS1 80-fold more expressed in resistant strains. Multidrug resistance, some of the fungicides were used just to mesaure the genes' expression. Other fungicides tested: terbinafine, bixafen, tebuconazole, pyrifenox, triflumizole, metconazole and azoxystrobin.",Mycosphaerella graminicola,Cyp51,Agricultural,plant,,,,,AKA94187.1,GenBank,09-CB1 (MDR7),USA:Oregon,
Omrane,Environmental microbiology,2015,25627815,Zymoseptoria tritici,Cyp51,Prochloraz,G460del,8,0.01 μg/mL,Environment,"Insertion in position -383. Gen MFS1 80-fold more expressed in resistant strains. Multidrug resistance, some of the fungicides were used just to mesaure the genes' expression. Other fungicides tested: terbinafine, bixafen, tebuconazole, pyrifenox, triflumizole, metconazole and azoxystrobin.",Mycosphaerella graminicola,Cyp51,Agricultural,plant,,,,,AKA94187.1,GenBank,09-CB1 (MDR7),USA:Oregon,
Omrane,Environmental microbiology,2015,25627815,Zymoseptoria tritici,Mfs1 promoter,Prochloraz,519 bp promoter insert,8,0.01 μg/mL,Environment,"Insertion in position -383. Gen MFS1 80-fold more expressed in resistant strains. Multidrug resistance, some of the fungicides were used just to mesaure the genes' expression. Other fungicides tested: terbinafine, bixafen, tebuconazole, pyrifenox, triflumizole, metconazole and azoxystrobin.",Mycosphaerella graminicola,Mfs1 promoter,Agricultural,plant,,,,,AKA94187.1,GenBank,09-CB1 (MDR7),USA:Oregon,
Omrane,Environmental microbiology,2015,25627815,Zymoseptoria tritici,Cyp51,Tolnaftate,I381V,8,1  μg/mL,Environment,"Insertion in position -383. Gen MFS1 80-fold more expressed in resistant strains. Multidrug resistance, some of the fungicides were used just to mesaure the genes' expression. Other fungicides tested: terbinafine, bixafen, tebuconazole, pyrifenox, triflumizole, metconazole and azoxystrobin.",Mycosphaerella graminicola,Cyp51,Clinical,plant,,,,,AKA94187.1,GenBank,09-CB1 (MDR7),USA:Oregon,
Omrane,Environmental microbiology,2015,25627815,Zymoseptoria tritici,Cyp51,Tolnaftate,Y459del,8,1  μg/mL,Environment,"Insertion in position -383. Gen MFS1 80-fold more expressed in resistant strains. Multidrug resistance, some of the fungicides were used just to mesaure the genes' expression. Other fungicides tested: terbinafine, bixafen, tebuconazole, pyrifenox, triflumizole, metconazole and azoxystrobin.",Mycosphaerella graminicola,Cyp51,Clinical,plant,,,,,AKA94187.1,GenBank,09-CB1 (MDR7),USA:Oregon,
Omrane,Environmental microbiology,2015,25627815,Zymoseptoria tritici,Cyp51,Tolnaftate,G460del,8,1  μg/mL,Environment,"Insertion in position -383. Gen MFS1 80-fold more expressed in resistant strains. Multidrug resistance, some of the fungicides were used just to mesaure the genes' expression. Other fungicides tested: terbinafine, bixafen, tebuconazole, pyrifenox, triflumizole, metconazole and azoxystrobin.",Mycosphaerella graminicola,Cyp51,Clinical,plant,,,,,AKA94187.1,GenBank,09-CB1 (MDR7),USA:Oregon,
Omrane,Environmental microbiology,2015,25627815,Zymoseptoria tritici,Mfs1 promoter,Tolnaftate,519 bp promoter insert,8,1  μg/mL,Environment,"Insertion in position -383. Gen MFS1 80-fold more expressed in resistant strains. Multidrug resistance, some of the fungicides were used just to mesaure the genes' expression. Other fungicides tested: terbinafine, bixafen, tebuconazole, pyrifenox, triflumizole, metconazole and azoxystrobin.",Mycosphaerella graminicola,Mfs1 promoter,Clinical,plant,,,,,AKA94187.1,GenBank,09-CB1 (MDR7),USA:Oregon,
Giordana Rimoldi,Infection,2024,38557967,Candidozyma auris,Dhps,5-fluorocytosine,T55A,8,32 µg/mL,Clinical,MICs performed following EUCAST,Candida auris,Dhps,Clinical,human&animal,,,,,PIS48695.1,GenBank,MILITA-2023,Pakistan,Homo Sapiens
Giordana Rimoldi,Infection,2024,38557967,Candidozyma auris,Erg11,5-fluorocytosine,Y132F,8,32 µg/mL,Clinical,MICs performed following EUCAST,Candida auris,Cyp51,Clinical,human&animal,,,,,PIS48695.1,GenBank,MILITA-2023,Pakistan,Homo Sapiens
Giordana Rimoldi,Infection,2024,38557967,Candidozyma auris,Erg11,5-fluorocytosine,M220L,8,32 µg/mL,Clinical,MICs performed following EUCAST,Candida auris,Cyp51,Clinical,human&animal,,,,,PIS48695.1,GenBank,MILITA-2023,Pakistan,Homo Sapiens
Giordana Rimoldi,Infection,2024,38557967,Candidozyma auris,Erg11,5-fluorocytosine,G54W,8,32 µg/mL,Clinical,MICs performed following EUCAST,Candida auris,Cyp51,Clinical,human&animal,,,,,PIS48695.1,GenBank,MILITA-2023,Pakistan,Homo Sapiens
Giordana Rimoldi,Infection,2024,38557967,Candidozyma auris,Erg11,5-fluorocytosine,I440V,8,32 µg/mL,Clinical,MICs performed following EUCAST,Candida auris,Cyp51,Clinical,human&animal,,,,,PIS48695.1,GenBank,MILITA-2023,Pakistan,Homo Sapiens
Giordana Rimoldi,Infection,2024,38557967,Candidozyma auris,Fcy1,5-fluorocytosine,S70R,8,32 µg/mL,Clinical,MICs performed following EUCAST,Candida auris,Fcy1,Clinical,human&animal,,,,,PIS48695.1,GenBank,MILITA-2023,Pakistan,Homo Sapiens
Giordana Rimoldi,Infection,2024,38557967,Candidozyma auris,Dhps,Fluconazole,T55A,8,>32 µg/mL,Clinical,MICs performed following EUCAST,Candida auris,Dhps,Clinical,human&animal,,,,,PIS56902.1,GenBank,MILITA-2023,Pakistan,Homo Sapiens
Giordana Rimoldi,Infection,2024,38557967,Candidozyma auris,Erg11,Fluconazole,Y132F,8,>32 µg/mL,Clinical,MICs performed following EUCAST,Candida auris,Cyp51,Clinical,human&animal,,,,,PIS56902.1,GenBank,MILITA-2023,Pakistan,Homo Sapiens
Giordana Rimoldi,Infection,2024,38557967,Candidozyma auris,Erg11,Fluconazole,M220L,8,>32 µg/mL,Clinical,MICs performed following EUCAST,Candida auris,Cyp51,Clinical,human&animal,,,,,PIS56902.1,GenBank,MILITA-2023,Pakistan,Homo Sapiens
Giordana Rimoldi,Infection,2024,38557967,Candidozyma auris,Erg11,Fluconazole,G54W,8,>32 µg/mL,Clinical,MICs performed following EUCAST,Candida auris,Cyp51,Clinical,human&animal,,,,,PIS56902.1,GenBank,MILITA-2023,Pakistan,Homo Sapiens
Giordana Rimoldi,Infection,2024,38557967,Candidozyma auris,Erg11,Fluconazole,I440V,8,>32 µg/mL,Clinical,MICs performed following EUCAST,Candida auris,Cyp51,Clinical,human&animal,,,,,PIS56902.1,GenBank,MILITA-2023,Pakistan,Homo Sapiens
Giordana Rimoldi,Infection,2024,38557967,Candidozyma auris,Fcy1,Fluconazole,S70R,8,>32 µg/mL,Clinical,MICs performed following EUCAST,Candida auris,Fcy1,Clinical,human&animal,,,,,PIS56902.1,GenBank,MILITA-2023,Pakistan,Homo Sapiens
Tucker,Pest Management Science,2019,31595590,Blumeria graminis f. sp. hordei,Cyp51,Propiconazole,S509T,1,12.4 _g/mL (EC50),Environment,Host: Wheat; Drug family: Azole; ,,Cyp51,Agricultural,plant,1,,3854,242,CAE18105.1,Genbak,pYES-Bgh51_S524T,France,Hordeum vulgare
Tucker,Pest Management Science,2019,31595590,Blumeria graminis f. sp. hordei,Cyp51,Fluquinconazole,Y136F,1,10 _g/mL (EC50),Environment,Host: Wheat; Drug family: Azole; ,,Cyp51,Agricultural,plant,1,,1016,75,CAE18105.1,Genbak,pYES-Bgh51_Y137F,France,Hordeum vulgare
Tucker,Pest Management Science,2019,31595590,Blumeria graminis f. sp. hordei,Cyp51,Epoxiconazole,Y136F,1,4 _g/mL (EC50),Environment,Host: Wheat; Drug family: Azole; ,,Cyp51,Agricultural,plant,1,,1016,75,CAE18105.1,Genbak,pYES-Bgh51_Y137F,France,Hordeum vulgare
Rehfus,Journal of Plant Diseases and Protection,2019,https://doi.org/10.1007/s41348-019-00246-4,Ramularia collo-cygni,SdhC,Fluxapyroxad,H146L,7,7.6 _g/mL (EC50),Environment,Host: Barley; Drug family: SDHI (succinate dehydrogenase inhibitor); ,,SdhC,Agricultural,plant,7,,,,AQT27053.1,GenBank,Not indicated,Denmark,barley cv. Braemar
Rehfus,Journal of Plant Diseases and Protection,2019,https://doi.org/10.1007/s41348-019-00246-4,Ramularia collo-cygni,SdhC,Fluxapyroxad,G171D,7,5.5. _g/mL (EC50),Environment,Host: Barley; Drug family: SDHI (succinate dehydrogenase inhibitor); ,,SdhC,Agricultural,plant,7,,,,AQT27053.1,GenBank,Not indicated,Denmark,barley cv. Braemar
Rehfus,Journal of Plant Diseases and Protection,2019,https://doi.org/10.1007/s41348-019-00246-4,Ramularia collo-cygni,SdhC,Fluxapyroxad,G91R,7,8.5 _g/mL (EC50),Environment,Host: Barley; Drug family: SDHI (succinate dehydrogenase inhibitor); ,,SdhC,Agricultural,plant,7,,,,AQT27053.1,GenBank,Not indicated,Denmark,barley cv. Braemar
Rehfus,Journal of Plant Diseases and Protection,2019,https://doi.org/10.1007/s41348-019-00246-4,Ramularia collo-cygni,SdhC,Fluxapyroxad,H153R,7,5.7 _g/mL (EC50),Environment,Host: Barley; Drug family: SDHI (succinate dehydrogenase inhibitor); ,,SdhC,Agricultural,plant,7,,,,AQT27053.1,GenBank,Not indicated,Denmark,barley cv. Braemar
Rehfus,Journal of Plant Diseases and Protection,2019,https://doi.org/10.1007/s41348-019-00246-4,Ramularia collo-cygni,SdhC,Fluxapyroxad,H146R,7,5.4 _g/mL (EC50),Environment,Host: Barley; Drug family: SDHI (succinate dehydrogenase inhibitor); ,,SdhC,Agricultural,plant,7,,,,AQT27053.1,GenBank,Not indicated,Denmark,barley cv. Braemar
Rehfus,Journal of Plant Diseases and Protection,2019,https://doi.org/10.1007/s41348-019-00246-4,Ramularia collo-cygni,SdhC,Fluxapyroxad,N87S,7,1.7 _g/mL (EC50),Environment,Host: Barley; Drug family: SDHI (succinate dehydrogenase inhibitor); ,,SdhC,Agricultural,plant,7,,,,AQT27053.1,GenBank,Not indicated,Denmark,barley cv. Braemar
Rehfus,Journal of Plant Diseases and Protection,2019,https://doi.org/10.1007/s41348-019-00246-4,Ramularia collo-cygni,SdhC,Fluxapyroxad,R152M,7,1.6 _g/mL (EC50),Environment,Host: Barley; Drug family: SDHI (succinate dehydrogenase inhibitor); ,,SdhC,Agricultural,plant,7,,,,AQT27053.1,GenBank,Not indicated,Denmark,barley cv. Braemar
Erreguerena,Journal of Plant Diseases and Protection,2022,https://doi.org/10.1007/s41348-022-00645-0,Ramularia collo-cygni,SdhC,Fluxapyroxad,N87S,7,0.55 _g/mL (EC50),Environment,Host: Barley; Drug family: SDHI (succinate dehydrogenase inhibitor); ,,SdhC,Agricultural,plant,7,,,,AQT27053.1,GenBank,Not indicated,Denmark,barley cv. Braemar
Erreguerena,Journal of Plant Diseases and Protection,2022,https://doi.org/10.1007/s41348-022-00645-0,Ramularia collo-cygni,SdhC,Isopyrazam,N87S,7,0.8 _g/mL (EC50),Environment,Host: Barley; Drug family: SDHI (succinate dehydrogenase inhibitor); ,,SdhC,Agricultural,plant,7,,,,AQT27053.1,GenBank,Not indicated,Denmark,barley cv. Braemar
Helweg-Larsen,The Lancet,1999,10533864,Pneumocystis jirovecii,Dhps,Trimethoprim-sulfamethoxazole,T55A,7,Not determined,Clinical,Host: Human; Drug family: Dihydropyrimidine-Sulfonamide antibiotics; Partial gene,,Dhps,Clinical,human&animal,7,,,,QBZ39416.1,GenBank,Not indicated,Iran,Homo sapiens
Helweg-Larsen,The Lancet,1999,10533864,Pneumocystis jirovecii,Dhps,Trimethoprim-sulfamethoxazole,P57S,7,Not determined,Clinical,Host: Human; Drug family: Dihydropyrimidine-Sulfonamide antibiotics; Partial gene,,Dhps,Clinical,human&animal,7,,,,QBZ39416.1,GenBank,Not indicated,Iran,Homo sapiens
Helweg-Larsen,The Lancet,1999,10533864,Pneumocystis jirovecii,Dhps,Trimethoprim-sulfamethoxazole,H60A,7,Not determined,Clinical,Host: Human; Drug family: Dihydropyrimidine-Sulfonamide antibiotics; Partial gene,,Dhps,Clinical,human&animal,7,,,,QBZ39416.1,GenBank,Not indicated,Iran,Homo sapiens
Rodero,Antimicrobial Agents and Chemotherapy,2003,14576140,Cryptococcus neoformans,Erg11,Fluconazole,G484S,7,16 _g/mL,Clinical,Host: Human; Drug family: Azole; ,,Cyp51,Clinical,human&animal,7,,3357,215,WIV42398.1,GenBank,Strain 5,Colombia,
Ohyama,Antimicrobial Agents and Chemotherapy,2004,14693557,Saccharomyces cerevisiae,Fks1,Arborcandin C,N470K,1,50 _g/mL (IC50),Lab,"Host: Human; Drug family: Cyclic lipopeptides (1,3-_-Glucan Synthase Inhibitor); ",,Fks,Experimental,human&animal,1,,3907,428,KZV09586.1,GenBank,ACR79-5,Costa Rica,banana
Ohyama,Antimicrobial Agents and Chemotherapy,2004,14693557,Saccharomyces cerevisiae,Fks1,Arborcandin C,L642S,1,9.2 _g/mL (IC50),Lab,"Host: Human; Drug family: Cyclic lipopeptides (1,3-_-Glucan Synthase Inhibitor); ",,Fks,Experimental,human&animal,1,,3987,435,KZV09586.1,GenBank,ACR1A3,Costa Rica,banana
Wyand,Fungal Genetics and Biology,2005,15916909,Blumeria graminis f. sp. hordei,Cyp51,Triadimenol,K147Q,4,3 g/kg (ED50),Environment,Host: Wheat; Drug family: Azole; ,,Cyp51,Agricultural,plant,4,,1233,86,CAE18105.1,Genbak,CC212,France,Hordeum vulgare
Sierotzki,Pest Management Science,2007,17212344,Pyrenophora tritici-repentis,Cytb,Azoxystrobin,G143A,7,2-100 _g/mL (logEC50),Environment,Host: Wheat; Drug family: Quinone-outside inhibitor; ,,Cytochrome b,Agricultural,plant,7,,3878,246,WPB15229.1,GenBank,Not indicated,Germany,Triticum aestivum
Sierotzki,Pest Management Science,2007,17212344,Pyrenophora tritici-repentis,Cytb,Azoxystrobin,F129L,7,0.2-10 _g/mL (logEC50),Environment,Host: Wheat; Drug family: Quinone-outside inhibitor; ,,Cytochrome b,Agricultural,plant,7,,3876,244,WPB15229.1,GenBank,Not indicated,Germany,Triticum aestivum
Sierotzki,Pest Management Science,2007,17212344,Pyrenophora tritici-repentis,Cytb,Azoxystrobin,G137R,7,0.2-10 _g/mL (logEC50),Environment,Host: Wheat; Drug family: Quinone-outside inhibitor; ,,Cytochrome b,Agricultural,plant,7,,3877,245,WPB15229.1,GenBank,Not indicated,Germany,Triticum aestivum
Bolton,Pest Management Science,2013,22761173,Cercospora beticola,Cytochrome b,Pyraclostrobin,G143A,8,39 _g/mL (EC50),Environment,Host: Beta plants; Drug family: Quinone-outside inhibitor; ,,Cytochrome b,Agricultural,plant,8,,3878,246,AUD10669.1,Genbak,11-1038-1,Poland,
Bolton,Pest Management Science,2013,22761173,Cercospora beticola,Cytochrome b,Trifloxystrobin,G143A,8,19 _g/mL (EC50),Environment,Host: Beta plants; Drug family: Quinone-outside inhibitor; ,,Cytochrome b,Agricultural,plant,8,,3878,246,AUD10669.1,Genbak,11-1038-1,Poland,
Schmitz,Pest Management Science,2014,23589453,Phakopsora pachyrhizi,Cyp51,Cyproconazole,I145F,7,0.3-4 _g/mL (ED50),Environment,Host: Soybean; Drug family: Azole; Protein: eburicol 14 alpha demethylase,,Cyp51,Agricultural,plant,7,,1281,89,KAI8452430.1,GenBank,Not indicated,Brazil: Mate Grosso,
Schmitz,Pest Management Science,2014,23589453,Phakopsora pachyrhizi,Cyp51,Epoxiconazole,I145F,7,0.3-4 _g/mL (ED50),Environment,Host: Soybean; Drug family: Azole; Protein: eburicol 14 alpha demethylase,,Cyp51,Agricultural,plant,7,,1281,89,KAI8452430.1,GenBank,Not indicated,Brazil: Mate Grosso,
Schmitz,Pest Management Science,2014,23589453,Phakopsora pachyrhizi,Cyp51,Metconazole,I145F,7,0.3-4 _g/mL (ED50),Environment,Host: Soybean; Drug family: Azole; Protein: eburicol 14 alpha demethylase,,Cyp51,Agricultural,plant,7,,1281,89,KAI8452430.1,GenBank,Not indicated,Brazil: Mate Grosso,
Schmitz,Pest Management Science,2014,23589453,Phakopsora pachyrhizi,Cyp51,Tebuconazole,I145F,7,0.3-4 _g/mL (ED50),Environment,Host: Soybean; Drug family: Azole; Protein: eburicol 14 alpha demethylase,,Cyp51,Agricultural,plant,7,,1281,89,KAI8452430.1,GenBank,Not indicated,Brazil: Mate Grosso,
Mallik,Phytopathology,2014,23901829,Alternaria solani,SdhB,Boscalid,H278R,8,6-8 _g/mL (EC50),Environment,Host: Potato; Drug family: SDHI (succinate dehydrogenase inhibitor); ,,SdhB,Agricultural,plant,8,,4531,680,AGS56261.1,Genbak,1229-19,USA:ND,Solanum tuberosum
Mallik,Phytopathology,2014,23901829,Alternaria solani,SdhB,Boscalid,H278Y,8,15-18 _g/mL (EC50),Environment,Host: Potato; Drug family: SDHI (succinate dehydrogenase inhibitor); ,,SdhB,Agricultural,plant,8,,4532,680,AGS56261.1,Genbak,1226-12,USA:ND,Solanum tuberosum
Wang,Molecular Plant Pathology,2015,25441450,Sclerotinia sclerotiorum,SdhB,Boscalid,A11V,4,13.5 _g/mL (EC50),Lab,Host: Wide range; Drug family: SDHI (succinate dehydrogenase inhibitor); ,,SdhB,Agricultural,plant,4,,,,UGY75365.1,GenBank,JK19R2,Mexico: SIN,
Wang,Molecular Plant Pathology,2015,25441450,Sclerotinia sclerotiorum,SdhB,Carboxin,A11V,4,4.34 _g/mL (EC50),Lab,Host: Wide range; Drug family: SDHI (succinate dehydrogenase inhibitor); ,,SdhB,Agricultural,plant,4,,,,UGY75365.1,GenBank,JK19R2,Mexico: SIN,
Wang,Molecular Plant Pathology,2015,25441450,Sclerotinia sclerotiorum,SdhB,Fluopyram,A11V,4,3.42 _g/mL (EC50),Lab,Host: Wide range; Drug family: SDHI (succinate dehydrogenase inhibitor); ,,SdhB,Agricultural,plant,4,,,,UGY75365.1,GenBank,JK19R2,Mexico: SIN,
Rehfus,Pest Management Science,2016,26823120,Pyrenophora teres,SdhB,Penthiopyrad,H277Y,7,0.35 _g/mL (EC50),Environment,"Host: Barley; Drug family: SDHI (succinate dehydrogenase inhibitor); Fungicides tested in this study: penthiopyrad, isopyrazam, benzovindiflupyr, fluxapyroxad, bixafen",,SdhB,Agricultural,plant,7,,4532,680,WHS68156.1,GenBank,Not indicated,Uruguay,barley 
Rehfus,Pest Management Science,2016,26823120,Pyrenophora teres,SdhB,Isopyrazam,H277Y,7,0.2 _g/mL (EC50),Environment,"Host: Barley; Drug family: SDHI (succinate dehydrogenase inhibitor); Fungicides tested in this study: penthiopyrad, isopyrazam, benzovindiflupyr, fluxapyroxad, bixafen",,SdhB,Agricultural,plant,7,,4532,680,WHS68156.1,GenBank,Not indicated,Uruguay,barley 
Rehfus,Pest Management Science,2016,26823120,Pyrenophora teres,SdhB,Benzovindiflupyr,H277Y,7,0.2 _g/mL (EC50),Environment,"Host: Barley; Drug family: SDHI (succinate dehydrogenase inhibitor); Fungicides tested in this study: penthiopyrad, isopyrazam, benzovindiflupyr, fluxapyroxad, bixafen",,SdhB,Agricultural,plant,7,,4532,680,WHS68156.1,GenBank,Not indicated,Uruguay,barley 
Rehfus,Pest Management Science,2016,26823120,Pyrenophora teres,SdhC,Penthiopyrad,N75S,7,1 _g/mL (EC50),Environment,"Host: Barley; Drug family: SDHI (succinate dehydrogenase inhibitor); Fungicides tested in this study: penthiopyrad, isopyrazam, benzovindiflupyr, fluxapyroxad, bixafen",,SdhC,Agricultural,plant,7,,4540,686,WHS68178.1,GenBank,Not indicated,Uruguay,Barley   
Rehfus,Pest Management Science,2016,26823120,Pyrenophora teres,SdhC,Isopyrazam,N75S,7,0.5 _g/mL (EC50),Environment,"Host: Barley; Drug family: SDHI (succinate dehydrogenase inhibitor); Fungicides tested in this study: penthiopyrad, isopyrazam, benzovindiflupyr, fluxapyroxad, bixafen",,SdhC,Agricultural,plant,7,,4540,686,WHS68178.1,GenBank,Not indicated,Uruguay,Barley   
Rehfus,Pest Management Science,2016,26823120,Pyrenophora teres,SdhC,Benzovindiflupyr,N75S,7,0.40 _g/mL (EC50),Environment,"Host: Barley; Drug family: SDHI (succinate dehydrogenase inhibitor); Fungicides tested in this study: penthiopyrad, isopyrazam, benzovindiflupyr, fluxapyroxad, bixafen",,SdhC,Agricultural,plant,7,,4540,686,WHS68178.1,GenBank,Not indicated,Uruguay,Barley   
Rehfus,Pest Management Science,2016,26823120,Pyrenophora teres,SdhC,Fluxapyroxad,G79R,7,0.440 _g/mL (EC50),Environment,"Host: Barley; Drug family: SDHI (succinate dehydrogenase inhibitor); Fungicides tested in this study: penthiopyrad, isopyrazam, benzovindiflupyr, fluxapyroxad, bixafen",,SdhC,Agricultural,plant,7,,4541,687,WHS68178.1,GenBank,Not indicated,Uruguay,Barley   
Rehfus,Pest Management Science,2016,26823120,Pyrenophora teres,SdhC,Bixafen,G79R,7,0.396 _g/mL (EC50),Environment,"Host: Barley; Drug family: SDHI (succinate dehydrogenase inhibitor); Fungicides tested in this study: penthiopyrad, isopyrazam, benzovindiflupyr, fluxapyroxad, bixafen",,SdhC,Agricultural,plant,7,,4541,687,WHS68178.1,GenBank,Not indicated,Uruguay,Barley   
Rehfus,Pest Management Science,2016,26823120,Pyrenophora teres,SdhC,Penthiopyrad,G79R,7,5.9 _g/mL (EC50),Environment,"Host: Barley; Drug family: SDHI (succinate dehydrogenase inhibitor); Fungicides tested in this study: penthiopyrad, isopyrazam, benzovindiflupyr, fluxapyroxad, bixafen",,SdhC,Agricultural,plant,7,,4541,687,WHS68178.1,GenBank,Not indicated,Uruguay,Barley   
Rehfus,Pest Management Science,2016,26823120,Pyrenophora teres,SdhC,Isopyrazam,G79R,7,1 _g/mL (EC50),Environment,"Host: Barley; Drug family: SDHI (succinate dehydrogenase inhibitor); Fungicides tested in this study: penthiopyrad, isopyrazam, benzovindiflupyr, fluxapyroxad, bixafen",,SdhC,Agricultural,plant,7,,4541,687,WHS68178.1,GenBank,Not indicated,Uruguay,Barley   
Rehfus,Pest Management Science,2016,26823120,Pyrenophora teres,SdhC,Fluxapyroxad,H134R,7,0.441 _g/mL (EC50),Environment,"Host: Barley; Drug family: SDHI (succinate dehydrogenase inhibitor); Fungicides tested in this study: penthiopyrad, isopyrazam, benzovindiflupyr, fluxapyroxad, bixafen",,SdhC,Agricultural,plant,7,,4542,688,WHS68178.1,GenBank,Not indicated,Uruguay,Barley   
Rehfus,Pest Management Science,2016,26823120,Pyrenophora teres,SdhC,Bixafen,H134R,7,0.460 _g/mL (EC50),Environment,"Host: Barley; Drug family: SDHI (succinate dehydrogenase inhibitor); Fungicides tested in this study: penthiopyrad, isopyrazam, benzovindiflupyr, fluxapyroxad, bixafen",,SdhC,Agricultural,plant,7,,4542,688,WHS68178.1,GenBank,Not indicated,Uruguay,Barley   
Rehfus,Pest Management Science,2016,26823120,Pyrenophora teres,SdhC,Benzovindiflupyr,H134R,7,0.751 _g/mL (EC50),Environment,"Host: Barley; Drug family: SDHI (succinate dehydrogenase inhibitor); Fungicides tested in this study: penthiopyrad, isopyrazam, benzovindiflupyr, fluxapyroxad, bixafen",,SdhC,Agricultural,plant,7,,4542,688,WHS68178.1,GenBank,Not indicated,Uruguay,Barley   
Rehfus,Pest Management Science,2016,26823120,Pyrenophora teres,SdhC,Isopyrazam,H134R,7,2.5 _g/mL (EC50),Environment,"Host: Barley; Drug family: SDHI (succinate dehydrogenase inhibitor); Fungicides tested in this study: penthiopyrad, isopyrazam, benzovindiflupyr, fluxapyroxad, bixafen",,SdhC,Agricultural,plant,7,,4542,688,WHS68178.1,GenBank,Not indicated,Uruguay,Barley   
Rehfus,Pest Management Science,2016,26823120,Pyrenophora teres,SdhC,Penthiopyrad,H134R,7,5.755 _g/mL (EC50),Environment,"Host: Barley; Drug family: SDHI (succinate dehydrogenase inhibitor); Fungicides tested in this study: penthiopyrad, isopyrazam, benzovindiflupyr, fluxapyroxad, bixafen",,SdhC,Agricultural,plant,7,,4542,688,WHS68178.1,GenBank,Not indicated,Uruguay,Barley   
Rehfus,Pest Management Science,2016,26823120,Pyrenophora teres,SdhC,Benzovindiflupyr,S135R,7,0.612 _g/mL (EC50),Environment,"Host: Barley; Drug family: SDHI (succinate dehydrogenase inhibitor); Fungicides tested in this study: penthiopyrad, isopyrazam, benzovindiflupyr, fluxapyroxad, bixafen",,SdhC,Agricultural,plant,7,,4544,689,WHS68178.1,GenBank,Not indicated,Uruguay,Barley   
Rehfus,Pest Management Science,2016,26823120,Pyrenophora teres,SdhC,Isopyrazam,S135R,7,1.478 _g/mL (EC50),Environment,"Host: Barley; Drug family: SDHI (succinate dehydrogenase inhibitor); Fungicides tested in this study: penthiopyrad, isopyrazam, benzovindiflupyr, fluxapyroxad, bixafen",,SdhC,Agricultural,plant,7,,4544,689,WHS68178.1,GenBank,Not indicated,Uruguay,Barley   
Rehfus,Pest Management Science,2016,26823120,Pyrenophora teres,SdhC,Penthiopyrad,S135R,7,2 _g/mL (EC50),Environment,"Host: Barley; Drug family: SDHI (succinate dehydrogenase inhibitor); Fungicides tested in this study: penthiopyrad, isopyrazam, benzovindiflupyr, fluxapyroxad, bixafen",,SdhC,Agricultural,plant,7,,4544,689,WHS68178.1,GenBank,Not indicated,Uruguay,Barley   
Rehfus,Pest Management Science,2016,26823120,Pyrenophora teres,SdhD,Fluxapyroxad,D124E,7,0.054 _g/mL (EC50),Environment,"Host: Barley; Drug family: SDHI (succinate dehydrogenase inhibitor); Fungicides tested in this study: penthiopyrad, isopyrazam, benzovindiflupyr, fluxapyroxad, bixafen",,SdhD,Agricultural,plant,7,,4547,692,WHS68200.1,GenBank,Not indicated,Uruguay,Barley   
Rehfus,Pest Management Science,2016,26823120,Pyrenophora teres,SdhD,Bixafen,D124E,7,0.045 _g/mL (EC50),Environment,"Host: Barley; Drug family: SDHI (succinate dehydrogenase inhibitor); Fungicides tested in this study: penthiopyrad, isopyrazam, benzovindiflupyr, fluxapyroxad, bixafen",,SdhD,Agricultural,plant,7,,4547,692,WHS68200.1,GenBank,Not indicated,Uruguay,Barley   
Rehfus,Pest Management Science,2016,26823120,Pyrenophora teres,SdhD,Benzovindiflupyr,D124E,7,0.073 _g/mL (EC50),Environment,"Host: Barley; Drug family: SDHI (succinate dehydrogenase inhibitor); Fungicides tested in this study: penthiopyrad, isopyrazam, benzovindiflupyr, fluxapyroxad, bixafen",,SdhD,Agricultural,plant,7,,4547,692,WHS68200.1,GenBank,Not indicated,Uruguay,Barley   
Rehfus,Pest Management Science,2016,26823120,Pyrenophora teres,SdhD,Isopyrazam,D124E,7,0.159 _g/mL (EC50),Environment,"Host: Barley; Drug family: SDHI (succinate dehydrogenase inhibitor); Fungicides tested in this study: penthiopyrad, isopyrazam, benzovindiflupyr, fluxapyroxad, bixafen",,SdhD,Agricultural,plant,7,,4547,692,WHS68200.1,GenBank,Not indicated,Uruguay,Barley   
Rehfus,Pest Management Science,2016,26823120,Pyrenophora teres,SdhD,Penthiopyrad,D124E,7,0.299 _g/mL (EC50),Environment,"Host: Barley; Drug family: SDHI (succinate dehydrogenase inhibitor); Fungicides tested in this study: penthiopyrad, isopyrazam, benzovindiflupyr, fluxapyroxad, bixafen",,SdhD,Agricultural,plant,7,,4547,692,WHS68200.1,GenBank,Not indicated,Uruguay,Barley   
Rehfus,Pest Management Science,2016,26823120,Pyrenophora teres,SdhD,Penthiopyrad,D124N,7,0.2 _g/mL (EC50),Environment,"Host: Barley; Drug family: SDHI (succinate dehydrogenase inhibitor); Fungicides tested in this study: penthiopyrad, isopyrazam, benzovindiflupyr, fluxapyroxad, bixafen",,SdhD,Agricultural,plant,7,,,692,WHS68200.1,GenBank,Not indicated,Uruguay,Barley   
Rehfus,Pest Management Science,2016,26823120,Pyrenophora teres,SdhD,Penthiopyrad,H134R,7,1.1 _g/mL (EC50),Environment,"Host: Barley; Drug family: SDHI (succinate dehydrogenase inhibitor); Fungicides tested in this study: penthiopyrad, isopyrazam, benzovindiflupyr, fluxapyroxad, bixafen",,SdhD,Agricultural,plant,7,,4548,693,WHS68200.1,GenBank,Not indicated,Uruguay,Barley   
Rehfus,Pest Management Science,2016,26823120,Pyrenophora teres,SdhD,Isopyrazam,H134R,7,0.6 _g/mL (EC50),Environment,"Host: Barley; Drug family: SDHI (succinate dehydrogenase inhibitor); Fungicides tested in this study: penthiopyrad, isopyrazam, benzovindiflupyr, fluxapyroxad, bixafen",,SdhD,Agricultural,plant,7,,4548,693,WHS68200.1,GenBank,Not indicated,Uruguay,Barley   
Rehfus,Pest Management Science,2016,26823120,Pyrenophora teres,SdhD,Benzovindiflupyr,H134R,7,0.4 _g/mL (EC50),Environment,"Host: Barley; Drug family: SDHI (succinate dehydrogenase inhibitor); Fungicides tested in this study: penthiopyrad, isopyrazam, benzovindiflupyr, fluxapyroxad, bixafen",,SdhD,Agricultural,plant,7,,4548,693,WHS68200.1,GenBank,Not indicated,Uruguay,Barley   
Rehfus,Pest Management Science,2016,26823120,Pyrenophora teres,SdhD,Isopyrazam,D145G,7,0.2 _g/mL (EC50),Environment,"Host: Barley; Drug family: SDHI (succinate dehydrogenase inhibitor); Fungicides tested in this study: penthiopyrad, isopyrazam, benzovindiflupyr, fluxapyroxad, bixafen",,SdhD,Agricultural,plant,7,,4551,695,WHS68200.1,GenBank,Not indicated,Uruguay,Barley   
Rehfus,Pest Management Science,2016,26823120,Pyrenophora teres,SdhD,Benzovindiflupyr,D145G,7,0.2 _g/mL (EC50),Environment,"Host: Barley; Drug family: SDHI (succinate dehydrogenase inhibitor); Fungicides tested in this study: penthiopyrad, isopyrazam, benzovindiflupyr, fluxapyroxad, bixafen",,SdhD,Agricultural,plant,7,,4551,695,WHS68200.1,GenBank,Not indicated,Uruguay,Barley   
Sun,Pest Management Science,2017,27415408,Rhizoctonia cerealis,SdhB,Thifluzamide,H246Y,8,0.55 _g/mL (EC50),Lab,Host: Cereals; Drug family: SDHI (succinate dehydrogenase inhibitor); EC50 = effective concentration that results in 50% mycelial growth inhibition,,SdhB,Agricultural,plant,8,,4532,680,ANG58741.1,GenBank,R1410-T2,"China,Nanjing,Jiangsu",wheat
Sun,Pest Management Science,2017,27415408,Rhizoctonia cerealis,SdhB,Boscalid,H246Y,4,3.9 _g/mL (EC50),Lab,Host: Cereals; Drug family: SDHI (succinate dehydrogenase inhibitor); EC50 = effective concentration that results in 50% mycelial growth inhibition,,SdhB,Agricultural,plant,4,,4532,680,ANG58741.1,GenBank,R1410-T2,"China,Nanjing,Jiangsu",wheat
Sun,Pest Management Science,2017,27415408,Rhizoctonia cerealis,SdhB,Bixafen,H246Y,4,0.29 _g/mL (EC50),Lab,Host: Cereals; Drug family: SDHI (succinate dehydrogenase inhibitor); EC50 = effective concentration that results in 50% mycelial growth inhibition,,SdhB,Agricultural,plant,4,,4532,680,ANG58741.1,GenBank,R1410-T2,"China,Nanjing,Jiangsu",wheat
Sun,Pest Management Science,2017,27415408,Rhizoctonia cerealis,SdhB,Penflufen,H246Y,4,0.138 _g/mL (EC50),Lab,Host: Cereals; Drug family: SDHI (succinate dehydrogenase inhibitor); EC50 = effective concentration that results in 50% mycelial growth inhibition,,SdhB,Agricultural,plant,4,,4532,680,ANG58741.1,GenBank,R1410-T2,"China,Nanjing,Jiangsu",wheat
Sun,Pest Management Science,2017,27415408,Rhizoctonia cerealis,SdhC,Thifluzamide,H139Y,4,1.22-1.94 _g/mL (EC50),Lab,Host: Cereals; Drug family: SDHI (succinate dehydrogenase inhibitor); EC50 = effective concentration that results in 50% mycelial growth inhibition,,SdhC,Agricultural,plant,4,,4543,688,ANG58742.1,GenBank,R1404-T1,"China,Nanjing,Jiangsu",wheat
Sun,Pest Management Science,2017,27415408,Rhizoctonia cerealis,SdhC,Boscalid,H139Y,4,0.29-0.42 _g/mL (EC50),Lab,Host: Cereals; Drug family: SDHI (succinate dehydrogenase inhibitor); EC50 = effective concentration that results in 50% mycelial growth inhibition,,SdhC,Agricultural,plant,4,,4543,688,ANG58742.1,GenBank,R1404-T1,"China,Nanjing,Jiangsu",wheat
Sun,Pest Management Science,2017,27415408,Rhizoctonia cerealis,SdhC,Bixafen,H139Y,4,0.39-0.56 _g/mL (EC50),Lab,Host: Cereals; Drug family: SDHI (succinate dehydrogenase inhibitor); EC50 = effective concentration that results in 50% mycelial growth inhibition,,SdhC,Agricultural,plant,4,,4543,688,ANG58742.1,GenBank,R1404-T1,"China,Nanjing,Jiangsu",wheat
Sun,Pest Management Science,2017,27415408,Rhizoctonia cerealis,SdhC,Penflufen,H139Y,4,0.056-0.085 _g/mL (EC50),Lab,Host: Cereals; Drug family: SDHI (succinate dehydrogenase inhibitor); EC50 = effective concentration that results in 50% mycelial growth inhibition,,SdhC,Agricultural,plant,4,,4543,688,ANG58742.1,GenBank,R1404-T1,"China,Nanjing,Jiangsu",wheat
Sun,Pest Management Science,2017,27415408,Rhizoctonia cerealis,SdhD,Thifluzamide,H116Y,4,0.77-1.41 _g/mL (EC50),Lab,Host: Cereals; Drug family: SDHI (succinate dehydrogenase inhibitor); EC50 = effective concentration that results in 50% mycelial growth inhibition,,SdhD,Agricultural,plant,4,,4549,693,ANG58743.1,GenBank,R1404-T2,"China,Nanjing,Jiangsu",wheat
Sun,Pest Management Science,2017,27415408,Rhizoctonia cerealis,SdhD,Boscalid,H116Y,4,0.18-0.42 _g/mL (EC50),Lab,Host: Cereals; Drug family: SDHI (succinate dehydrogenase inhibitor); EC50 = effective concentration that results in 50% mycelial growth inhibition,,SdhD,Agricultural,plant,4,,4549,693,ANG58743.1,GenBank,R1404-T2,"China,Nanjing,Jiangsu",wheat
Sun,Pest Management Science,2017,27415408,Rhizoctonia cerealis,SdhD,Bixafen,H116Y,4,0.20-0.50 _g/mL (EC50),Lab,Host: Cereals; Drug family: SDHI (succinate dehydrogenase inhibitor); EC50 = effective concentration that results in 50% mycelial growth inhibition,,SdhD,Agricultural,plant,4,,4549,693,ANG58743.1,GenBank,R1404-T2,"China,Nanjing,Jiangsu",wheat
Sun,Pest Management Science,2017,27415408,Rhizoctonia cerealis,SdhD,Penflufen,H116Y,4,0.054-0.134 _g/mL (EC50),Lab,Host: Cereals; Drug family: SDHI (succinate dehydrogenase inhibitor); EC50 = effective concentration that results in 50% mycelial growth inhibition,,SdhD,Agricultural,plant,4,,4549,693,ANG58743.1,GenBank,R1404-T2,"China,Nanjing,Jiangsu",wheat
Gago,Mycoses,2017,27633849,Cryptococcus neoformans/Cryptococcus deneoformans,Erg11,Voriconazole,G470R,8,4 �g/mL,Clinical,"MIC determined using CLSI, all strains (CNM-CL 4840-45) isolated from the same patient and identified as hybrids C. neoformans / C.deneoformans. Detected mutation is homozygous.",,Cyp51,Clinical,human&animal,8,-8,3185,206, AF225914,NCBI,CNM-CL 4843,Kenya:Busia district,Eleucine coracana
Wei,Antimicrobial Agents and Chemotherapy,2016,27799210,Aspergillus fumigatus,Cox10,Itraconazole,R243Q,1,8 _g/mL,"Clinical, Lab",Host: Human; Drug family: Azole; ,,Cox10,Clinical,human&animal,1,,,,KAH1577257.1,Genbak,W048,Germany: Saxony-Anhalt,
Yamada,Antimicrobial Agents and Chemotherapy,2017,28416557,Arthroderma vanbreuseghemii,Sqle,Terbinafine,F397I,1,1.6 �g/mL,Lab,,Trichophyton tonsurans,Squalene epoxidase,Clinical,human&animal,1,,4554,697,EZF33561,genbank,,Brazil,Homo Sapiens
Yamada,Antimicrobial Agents and Chemotherapy,2017,28416557,Arthroderma vanbreuseghemii,Sqle,Terbinafine,F397L,1,3.2 �g/mL,Lab,,Trichophyton tonsurans,Squalene epoxidase,Clinical,human&animal,1,,4555,697,EZF33561,genbank,,Brazil,Homo Sapiens
Yamada,Antimicrobial Agents and Chemotherapy,2017,28416557,Arthroderma vanbreuseghemii,Sqle,Terbinafine,F415V,1,0.4 �g/mL,Lab,,Trichophyton tonsurans,Squalene epoxidase,Clinical,human&animal,1,,4557,698,EZF33561,genbank,,Brazil,Homo Sapiens
Yamada,Antimicrobial Agents and Chemotherapy,2017,28416557,Arthroderma vanbreuseghemii,Sqle,Terbinafine,H440Y,-1,0.2 �g/mL,Lab,,Trichophyton tonsurans,Squalene epoxidase,Clinical,human&animal,,-1,4558,699,EZF33561,genbank,,Brazil,Homo Sapiens
Yamada,Antimicrobial Agents and Chemotherapy,2017,28416557,Arthroderma vanbreuseghemii,Sqle,Terbinafine,L393F,1,1.6 �g/mL,Lab,,Trichophyton tonsurans,Squalene epoxidase,Clinical,human&animal,1,,4552,696,EZF33561,genbank,,Brazil,Homo Sapiens
Yamada,Antimicrobial Agents and Chemotherapy,2017,28416557,Arthroderma vanbreuseghemii,Sqle,Terbinafine,L393S,1,0.4 �g/mL,Lab,,Trichophyton tonsurans,Squalene epoxidase,Clinical,human&animal,1,,4553,696,EZF33561,genbank,,Brazil,Homo Sapiens
Yamada,Antimicrobial Agents and Chemotherapy,2017,28416557,Trichophyton interdigitale,Sqle,Terbinafine,F397I,2,1.6 �g/mL,Lab,Arthroderma vanbreuseghemii and Trichosporon interdigitales SQLE sequences are identical,,Squalene epoxidase,Clinical,human&animal,2,,4554,697,EZF33561,genbank,,Brazil,Homo Sapiens
Yamada,Antimicrobial Agents and Chemotherapy,2017,28416557,Trichophyton interdigitale,Sqle,Terbinafine,F397L,8,3.2 �g/mL,Clinical,,,Squalene epoxidase,Clinical,human&animal,2,,4555,697,EZF33561,genbank,,Brazil,Homo Sapiens
Yamada,Antimicrobial Agents and Chemotherapy,2017,28416557,Trichophyton interdigitale,Sqle,Terbinafine,F397L,2,3.2 �g/mL,Lab,Arthroderma vanbreuseghemii and Trichosporon interdigitales SQLE sequences are identical,,Squalene epoxidase,Clinical,human&animal,2,,4555,697,EZF33561,genbank,,Brazil,Homo Sapiens
Yamada,Antimicrobial Agents and Chemotherapy,2017,28416557,Trichophyton interdigitale,Sqle,Terbinafine,F415V,2,0.4 �g/mL,Lab,Arthroderma vanbreuseghemii and Trichosporon interdigitales SQLE sequences are identical,,Squalene epoxidase,Clinical,human&animal,2,,4557,698,EZF33561,genbank,,Brazil,Homo Sapiens
Yamada,Antimicrobial Agents and Chemotherapy,2017,28416557,Trichophyton interdigitale,Sqle,Terbinafine,H440Y,-2,0.2 �g/mL,Lab,Arthroderma vanbreuseghemii and Trichosporon interdigitales SQLE sequences are identical,,Squalene epoxidase,Clinical,human&animal,,-2,4558,699,EZF33561,genbank,,Brazil,Homo Sapiens
Yamada,Antimicrobial Agents and Chemotherapy,2017,28416557,Trichophyton interdigitale,Sqle,Terbinafine,L393F,2,1.6 �g/mL,Lab,Arthroderma vanbreuseghemii and Trichosporon interdigitales SQLE sequences are identical,,Squalene epoxidase,Clinical,human&animal,2,,4552,696,EZF33561,genbank,,Brazil,Homo Sapiens
Yamada,Antimicrobial Agents and Chemotherapy,2017,28416557,Trichophyton interdigitale,Sqle,Terbinafine,L393S,2,0.4 �g/mL,Lab,Arthroderma vanbreuseghemii and Trichosporon interdigitales SQLE sequences are identical,,Squalene epoxidase,Clinical,human&animal,2,,4553,696,EZF33561,genbank,,Brazil,Homo Sapiens
Yamashita,Pest Management Science,2018,29024365,Zymoseptoria tritici,SdhC,Isofetamid,A84V,7,>32 _M (IC50),Environment,Host: Wheat; Drug family: SDHI (succinate dehydrogenase inhibitor); ,Mycosphaerella graminicola,SdhC,Agricultural,plant,7,,4539,685,AFV73771.1,GenBank,Flu6,"USA: Georgetown, Minnessota",
Berkow,Diagnostic Microbiology and Infectious Disease,2018,29307565,Candida auris,Fks1,CD101,S639P,8,4 _g/mL,Unknown,Host: Human; Drug family: Echinocandin; ,,Fks,Experimental,human&animal,8,,4005,436,WHL58497.1,Genbak,B11211,Brazil,
Berkow,Diagnostic Microbiology and Infectious Disease,2018,29307565,Candida auris,Fks1,Anidulafungin,S639P,8,8 _g/mL,Unknown,Host: Human; Drug family: Echinocandin; ,,Fks,Clinical,human&animal,8,,4005,436,WHL58497.1,Genbak,B11211,Brazil,
Chowdhary,Journal of Antimicrobial Chemotherapy,2018,29325167,Candida auris,Fks1,Micafungin,S639F,8,64 _g/mL,Clinical,Host: Human; Drug family: Echinocandin; ,,Fks,Clinical,human&animal,8,-8,3997,436,WHL58497.1,Genbak,VPCI 45/13,Brazil,
Chowdhary,Journal of Antimicrobial Chemotherapy,2018,29325167,Candida auris,Fks1,Caspofungin,S639F,8,64 _g/mL,Clinical,Host: Human; Drug family: Echinocandin; ,,Fks,Clinical,human&animal,8,-8,3997,436,WHL58497.1,Genbak,VPCI 45/13,Brazil,
Chowdhary,Journal of Antimicrobial Chemotherapy,2018,29325167,Candida auris,Fks1,Anidulafungin,S639F,8,64 _g/mL,Clinical,Host: Human; Drug family: Echinocandin; ,,Fks,Clinical,human&animal,8,-8,3997,436,WHL58497.1,Genbak,VPCI 45/13,Brazil,
Rhodes,Emerging Microbes & Infections,2018,29593275,Candida auris,Fur1,5-fluorocytosine,F211I,7,Not determined,Clinical,Host: Human; Drug family: Fluorinated pyrimidine analogue; ,,Fur1,Clinical,human&animal,7,,4376,542,KNE02673.2,Genbak,Not indicated,India:Bengaluru,Homo Sapiens
Zulak,Frontiers in Microbiology,2018,29706938,Blumeria graminis,Cyp51,Triadimenol,Y136F,8,Not determined,Environment,Host: Barley; Drug family: Azole; ,,Cyp51,Agricultural,plant,7,,1016,75,CAE18105.1,Genbak,Not indicated,France,Hordeum vulgare
Cherrad,Microbiological Research,2018,30269859,Erysiphe necator,SdhB,Boscalid,H242R,7,>100 _g/mL (EC50),Environment,Host: Grapevine; Drug family: SDHI (succinate dehydrogenase inhibitor); ,,SdhB,Agricultural,plant,7,,4531,680,WLK77905.1,GenBank,15O067-7,Hungary: Badacsony wine region,Vitis vinifera
Cherrad,Microbiological Research,2018,30269859,Erysiphe necator,SdhB,Boscalid,H242Y,7,>100 _g/mL (EC50),Environment,Host: Grapevine; Drug family: SDHI (succinate dehydrogenase inhibitor); ,,SdhB,Agricultural,plant,7,,4532,680,WLK77905.1,GenBank,15O090-1,Hungary: Badacsony wine region,Vitis vinifera
McDonald,Applied and Environmental Microbiology,2019,30530713,Zymoseptoria tritici,Cyp51,Tebuconazole,Y137F,7,0.9 _g/mL (EC50),Environment,Host: Wheat; Drug family: Azole; With isolates genome sequencing,Mycosphaerella graminicola,Cyp51,Agricultural,plant,7,,1016,75,AKA94187.1,GenBank,A3,USA:Oregon,
McDonald,Applied and Environmental Microbiology,2019,30530713,Zymoseptoria tritici,Cyp51,Epoxiconazole,Y137F,7,0.3 _g/mL (EC50),Environment,Host: Wheat; Drug family: Azole; With isolates genome sequencing,Mycosphaerella graminicola,Cyp51,Agricultural,plant,7,,1016,75,AKA94187.1,GenBank,A3,USA:Oregon,
Chechi,Pesticide Biochemistry and Physiology,2019,31378355,Colletotrichum siamense,Cytb,Azoxystrobin,G143A,7,>100 _g/mL (EC50),Environment,Host: Fruit trees; Drug family: Quinone-outside inhibitor; ,,Cytochrome b,Agricultural,plant,7,,3878,246,AKC42429.1,GenBank,IL_AO1,USA,Peach
Chechi,Pesticide Biochemistry and Physiology,2019,31378355,Colletotrichum siamense,Beta-tubulin 2,Azoxystrobin,E198A,7,>100 _g/mL (EC50),Environment,Host: Fruit trees; Drug family: Quinone-outside inhibitor; partial gene,,Beta-tubulin,Agricultural,plant,7,,6,6,AXL97629.1,GenBank,IL_AO3,India,Capsicum annuum
Chechi,Pesticide Biochemistry and Physiology,2019,31378355,Colletotrichum siamense,Beta-tubulin 2,Thiophanate-methyl,E198A,7,>100 _g/mL (EC50),Environment,Host: Fruit trees; Drug family: Methyl benzimidazole carbamates (MBCs); partial gene,,Beta-tubulin,Agricultural,plant,7,,6,6,AXL97629.1,GenBank,IL_AO3,India,Capsicum annuum
J MacKenzie,Plant Disease,2020,31891552,Corynespora cassiicola,Cytb,Azoxystrobin (with SHAM),F129L,7,>50 _g/mL (EC50),Environment,"Host: Curcubits; Drug family: Quinone-outside inhibitor; partial gene, moderate resitance",,Cytochrome b,Agricultural,human&plant,7,,3876,244,QGN59619.1,GenBank,GEV3142,"USA: shorer, AL",soybean
Luo,Plant Disease,2021,33206015,Colletotrichum nymphaeae,Cytb,Azoxystrobin,G143A,7,>100 _g/mL (EC50),Environment,Host: Strawberry; Drug family: Quinone-outside inhibitor; Partial gene,,Cytochrome b,Agricultural,plant,7,,3878,246,UAM96415.1,GenBank,Not indicated,USA,Strawberry cv. Chandler
Luo,Plant Disease,2021,33206015,Colletotrichum nymphaeae,Cytb,Azoxystrobin,F129L,7,7.8 _g/mL (EC50),Environment,Host: Strawberry; Drug family: Quinone-outside inhibitor; Partial gene,,Cytochrome b,Agricultural,plant,7,,3876,244,UAM96415.1,GenBank,Not indicated,USA,peach
Luo,Plant Disease,2021,33206015,Colletotrichum siamense,Beta-tubulin,Thiophanate-methyl,E198A,7,>100 _g/mL (EC50),Environment,Host: Wide range; Drug family: Methyl benzimidazole carbamates (MBCs); Partial gene,,Beta-tubulin,Agricultural,plant,7,,6,6,AFP34674.1,GenBank,Not indicated,USA,Strawberry cv. Chandler
Won,Emerging Infectious Diseases,2021,33624581,Nakaseomyces glabrata,Pdr1,Fluconazole,S316I,8,Not available,Unknown,Categorized as fluconazole resistant by CLSI M60,,Pdr1,Clinical,human&animal,8,-8,4429,592, NC_088951,NCBI,Not available,USA,Malus domestica
Cowger,Phytopathology,2022,34156265,Blumeria graminis f. sp. tritici,Cytochrome b,Pyraclostrobin,G143A,2,11.2 _g/mL (EC50),Environment,Host: Wheat; Drug family: Quinone-outside inhibitor; ,,Cytochrome b,Agricultural,plant,2,,3878,246,CAC06397.1,Genbak,Fel09,Germany,
Cowger,Phytopathology,2022,34156265,Blumeria graminis f. sp. tritici,Cytochrome b,Picoxystrobin,G143A,2,5.3 _g/mL (EC50),Environment,Host: Wheat; Drug family: Quinone-outside inhibitor; ,,Cytochrome b,Agricultural,plant,2,,3878,246,CAC06397.1,Genbak,Fel09,Germany,
Malandrakis,Pesticide Biochemistry and Physiology,2022,35430062,Botrytis cinerea,SdhB,Boscalid,I274V,7,75 _g/mL (EC50),Environment,Host: Grapevine; Drug family: SDHI (succinate dehydrogenase inhibitor); ,,SdhB,Agricultural,human&plant,7,,4535,682,WDY79009.1,Genbak,_14.6,China ,Fragaria ananassa
Malandrakis,Pesticide Biochemistry and Physiology,2022,35430062,Botrytis cinerea,SdhB,Fluopyram,I274V,7,10 _g/mL (EC50),Environment,Host: Grapevine; Drug family: SDHI (succinate dehydrogenase inhibitor); ,,SdhB,Agricultural,human&plant,7,,4535,682,WDY79009.1,Genbak,_14.6,China ,Fragaria ananassa
Malandrakis,Pesticide Biochemistry and Physiology,2022,35430062,Botrytis cinerea,SdhB,Boscalid,I274I,7,75 _g/mL (EC50),Environment,Host: Grapevine; Drug family: SDHI (succinate dehydrogenase inhibitor); ,,SdhB,Agricultural,human&plant,7,,4534,682,WDY79009.1,Genbak,B.16.1,China ,Fragaria ananassa
Malandrakis,Pesticide Biochemistry and Physiology,2022,35430062,Botrytis cinerea,SdhB,Fluopyram,I274I,7,10 _g/mL (EC50),Environment,Host: Grapevine; Drug family: SDHI (succinate dehydrogenase inhibitor); ,,SdhB,Agricultural,human&plant,7,,4534,682,WDY79009.1,Genbak,B.16.1,China ,Fragaria ananassa
Mao,Pest Management Science,2022,35514230,Fusarium incarnatum,Myosin-5,Phenamacril,S217P,1,>160 _g/mL (EC50),Lab,Host: Cucumber; Drug family: Cyanoacrylate; ,,Myosin-5,Agricultural,plant,1,,,575,UQE90557.1,GenBank,HA3-1,China,cucumber
Mao,Pest Management Science,2022,35514230,Fusarium incarnatum,Myosin-5,Phenamacril,I424S,1,>160 _g/mL (EC50),Lab,Host: Cucumber; Drug family: Cyanoacrylate; ,,Myosin-5,Agricultural,plant,1,,,,UQE90557.1,GenBank,HA14-3,China,cucumber
Zhu,Pesticide Biochemistry and Physiology,2022,35973770,Corynespora cassiicola,SdhB,Boscalid,H278Y,7,1.8 _g/mL (logEC50),Environment,Host: Curcubits; Drug family: SDHI (succinate dehydrogenase inhibitor); ,,SdhB,Agricultural,human&plant,7,,4532,680,BAJ07111.1,GenBank,Not indicated,Japan:ibaraki,Cucumus sativus
Zhu,Pesticide Biochemistry and Physiology,2022,35973770,Corynespora cassiicola,SdhB,Fluxapyroxad,H278Y,7,0.1 _g/mL (logEC50),Environment,Host: Curcubits; Drug family: SDHI (succinate dehydrogenase inhibitor); ,,SdhB,Agricultural,human&plant,7,,4532,680,BAJ07111.1,GenBank,Not indicated,Japan:ibaraki,Cucumus sativus
Zhu,Pesticide Biochemistry and Physiology,2022,35973770,Corynespora cassiicola,SdhB,Isopyrazam,H278Y,7,0.5 _g/mL (logEC50),Environment,Host: Curcubits; Drug family: SDHI (succinate dehydrogenase inhibitor); ,,SdhB,Agricultural,human&plant,7,,4532,680,BAJ07111.1,GenBank,Not indicated,Japan:ibaraki,Cucumus sativus
Zhu,Pesticide Biochemistry and Physiology,2022,35973770,Corynespora cassiicola,SdhB,Boscalid,H278L,7,1.9 _g/mL (logEC50),Environment,Host: Curcubits; Drug family: SDHI (succinate dehydrogenase inhibitor); ,,SdhB,Agricultural,human&plant,7,,4529,680,BAJ07111.1,GenBank,Not indicated,Japan:ibaraki,Cucumus sativus
Zhu,Pesticide Biochemistry and Physiology,2022,35973770,Corynespora cassiicola,SdhB,Fluopyram,H278L,7,1 _g/mL (logEC50),Environment,Host: Curcubits; Drug family: SDHI (succinate dehydrogenase inhibitor); ,,SdhB,Agricultural,human&plant,7,,4529,680,BAJ07111.1,GenBank,Not indicated,Japan:ibaraki,Cucumus sativus
Zhu,Pesticide Biochemistry and Physiology,2022,35973770,Corynespora cassiicola,SdhB,Fluxapyroxad,H278L,7,0.5 _g/mL (logEC50),Environment,Host: Curcubits; Drug family: SDHI (succinate dehydrogenase inhibitor); ,,SdhB,Agricultural,human&plant,7,,4529,680,BAJ07111.1,GenBank,Not indicated,Japan:ibaraki,Cucumus sativus
Zhu,Pesticide Biochemistry and Physiology,2022,35973770,Corynespora cassiicola,SdhB,Isopyrazam,H278L,7,0.6 _g/mL (logEC50),Environment,Host: Curcubits; Drug family: SDHI (succinate dehydrogenase inhibitor); ,,SdhB,Agricultural,human&plant,7,,4529,680,BAJ07111.1,GenBank,Not indicated,Japan:ibaraki,Cucumus sativus
Zhu,Pesticide Biochemistry and Physiology,2022,35973770,Corynespora cassiicola,SdhB,Boscalid,I280V,7,0.5 _g/mL (logEC50),Environment,Host: Curcubits; Drug family: SDHI (succinate dehydrogenase inhibitor); ,,SdhB,Agricultural,human&plant,7,,4535,682,BAJ07111.1,GenBank,Not indicated,Japan:ibaraki,Cucumus sativus
Zhu,Pesticide Biochemistry and Physiology,2022,35973770,Corynespora cassiicola,SdhB,Fluopyram,I280V,7,1 _g/mL (logEC50),Environment,Host: Curcubits; Drug family: SDHI (succinate dehydrogenase inhibitor); ,,SdhB,Agricultural,human&plant,7,,4535,682,BAJ07111.1,GenBank,Not indicated,Japan:ibaraki,Cucumus sativus
Zhu,Pesticide Biochemistry and Physiology,2022,35973770,Corynespora cassiicola,SdhB,Fluxapyroxad,I280V,7,-0.5 _g/mL (logEC50),Environment,Host: Curcubits; Drug family: SDHI (succinate dehydrogenase inhibitor); ,,SdhB,Agricultural,human&plant,7,,4535,682,BAJ07111.1,GenBank,Not indicated,Japan:ibaraki,Cucumus sativus
Zhu,Pesticide Biochemistry and Physiology,2022,35973770,Corynespora cassiicola,SdhB,Isopyrazam,I280V,7,0.1 _g/mL (logEC50),Environment,Host: Curcubits; Drug family: SDHI (succinate dehydrogenase inhibitor); ,,SdhB,Agricultural,human&plant,7,,4535,682,BAJ07111.1,GenBank,Not indicated,Japan:ibaraki,Cucumus sativus
Zhu,Pesticide Biochemistry and Physiology,2022,35973770,Corynespora cassiicola,SdhC,Boscalid,S73P,7,0.9 _g/mL (logEC50),Environment,Host: Curcubits; Drug family: SDHI (succinate dehydrogenase inhibitor); ,,SdhC,Agricultural,human&plant,7,,4538,685,BAJ07114.1,GenBank,Not indicated,Japan:ibaraki,Cucumus sativus
Zhu,Pesticide Biochemistry and Physiology,2022,35973770,Corynespora cassiicola,SdhC,Fluopyram,S73P,7,0.8 _g/mL (logEC50),Environment,Host: Curcubits; Drug family: SDHI (succinate dehydrogenase inhibitor); ,,SdhC,Agricultural,human&plant,7,,4538,685,BAJ07114.1,GenBank,Not indicated,Japan:ibaraki,Cucumus sativus
Zhu,Pesticide Biochemistry and Physiology,2022,35973770,Corynespora cassiicola,SdhC,Fluxapyroxad,S73P,7,-0.2 _g/mL (logEC50),Environment,Host: Curcubits; Drug family: SDHI (succinate dehydrogenase inhibitor); ,,SdhC,Agricultural,human&plant,7,,4538,685,BAJ07114.1,GenBank,Not indicated,Japan:ibaraki,Cucumus sativus
Zhu,Pesticide Biochemistry and Physiology,2022,35973770,Corynespora cassiicola,SdhC,Isopyrazam,S73P,7,-0.2 _g/mL (logEC50),Environment,Host: Curcubits; Drug family: SDHI (succinate dehydrogenase inhibitor); ,,SdhC,Agricultural,human&plant,7,,4538,685,BAJ07114.1,GenBank,Not indicated,Japan:ibaraki,Cucumus sativus
Zhu,Pesticide Biochemistry and Physiology,2022,35973770,Corynespora cassiicola,SdhC,Boscalid,N75S,7,0.6 _g/mL (logEC50),Environment,Host: Curcubits; Drug family: SDHI (succinate dehydrogenase inhibitor); ,,SdhC,Agricultural,human&plant,7,,4540,686,BAJ07114.1,GenBank,Not indicated,Japan:ibaraki,Cucumus sativus
Zhu,Pesticide Biochemistry and Physiology,2022,35973770,Corynespora cassiicola,SdhC,Fluopyram,N75S,7,0.6 _g/mL (logEC50),Environment,Host: Curcubits; Drug family: SDHI (succinate dehydrogenase inhibitor); ,,SdhC,Agricultural,human&plant,7,,4540,686,BAJ07114.1,GenBank,Not indicated,Japan:ibaraki,Cucumus sativus
Zhu,Pesticide Biochemistry and Physiology,2022,35973770,Corynespora cassiicola,SdhC,Fluxapyroxad,N75S,7,0.5 _g/mL (logEC50),Environment,Host: Curcubits; Drug family: SDHI (succinate dehydrogenase inhibitor); ,,SdhC,Agricultural,human&plant,7,,4540,686,BAJ07114.1,GenBank,Not indicated,Japan:ibaraki,Cucumus sativus
Zhu,Pesticide Biochemistry and Physiology,2022,35973770,Corynespora cassiicola,SdhC,Isopyrazam,N75S,7,0.3 _g/mL (logEC50),Environment,Host: Curcubits; Drug family: SDHI (succinate dehydrogenase inhibitor); ,,SdhC,Agricultural,human&plant,7,,4540,686,BAJ07114.1,GenBank,Not indicated,Japan:ibaraki,Cucumus sativus
Zhu,Pesticide Biochemistry and Physiology,2022,35973770,Corynespora cassiicola,SdhC,Boscalid,H134R,7,1.9 _g/mL (logEC50),Environment,Host: Curcubits; Drug family: SDHI (succinate dehydrogenase inhibitor); ,,SdhC,Agricultural,human&plant,7,,4542,688,BAJ07114.1,GenBank,Not indicated,Japan:ibaraki,Cucumus sativus
Zhu,Pesticide Biochemistry and Physiology,2022,35973770,Corynespora cassiicola,SdhC,Fluopyram,H134R,7,0.8 _g/mL (logEC50),Environment,Host: Curcubits; Drug family: SDHI (succinate dehydrogenase inhibitor); ,,SdhC,Agricultural,human&plant,7,,4542,688,BAJ07114.1,GenBank,Not indicated,Japan:ibaraki,Cucumus sativus
Zhu,Pesticide Biochemistry and Physiology,2022,35973770,Corynespora cassiicola,SdhC,Fluxapyroxad,H134R,7,0.6 _g/mL (logEC50),Environment,Host: Curcubits; Drug family: SDHI (succinate dehydrogenase inhibitor); ,,SdhC,Agricultural,human&plant,7,,4542,688,BAJ07114.1,GenBank,Not indicated,Japan:ibaraki,Cucumus sativus
Zhu,Pesticide Biochemistry and Physiology,2022,35973770,Corynespora cassiicola,SdhC,Isopyrazam,H134R,7,1 _g/mL (logEC50),Environment,Host: Curcubits; Drug family: SDHI (succinate dehydrogenase inhibitor); ,,SdhC,Agricultural,human&plant,7,,4542,688,BAJ07114.1,GenBank,Not indicated,Japan:ibaraki,Cucumus sativus
Zhu,Pesticide Biochemistry and Physiology,2022,35973770,Corynespora cassiicola,SdhD,Boscalid,D95E,7,0.8 _g/mL (logEC50),Environment,Host: Curcubits; Drug family: SDHI (succinate dehydrogenase inhibitor); ,,SdhD,Agricultural,human&plant,7,,4547,692,BAJ07117.1,GenBank,Not indicated,Japan:ibaraki,Cucumus sativus
Zhu,Pesticide Biochemistry and Physiology,2022,35973770,Corynespora cassiicola,SdhD,Fluopyram,D95E,7,0.5 _g/mL (logEC50),Environment,Host: Curcubits; Drug family: SDHI (succinate dehydrogenase inhibitor); ,,SdhD,Agricultural,human&plant,7,,4547,692,BAJ07117.1,GenBank,Not indicated,Japan:ibaraki,Cucumus sativus
Zhu,Pesticide Biochemistry and Physiology,2022,35973770,Corynespora cassiicola,SdhD,Fluxapyroxad,D95E,7,-0.4 _g/mL (logEC50),Environment,Host: Curcubits; Drug family: SDHI (succinate dehydrogenase inhibitor); ,,SdhD,Agricultural,human&plant,7,,4547,692,BAJ07117.1,GenBank,Not indicated,Japan:ibaraki,Cucumus sativus
Zhu,Pesticide Biochemistry and Physiology,2022,35973770,Corynespora cassiicola,SdhD,Isopyrazam,D95E,7,0.5 _g/mL (logEC50),Environment,Host: Curcubits; Drug family: SDHI (succinate dehydrogenase inhibitor); ,,SdhD,Agricultural,human&plant,7,,4547,692,BAJ07117.1,GenBank,Not indicated,Japan:ibaraki,Cucumus sativus
Zhu,Pesticide Biochemistry and Physiology,2022,35973770,Corynespora cassiicola,SdhD,Boscalid,G109V,7,1.1 _g/mL (logEC50),Environment,Host: Curcubits; Drug family: SDHI (succinate dehydrogenase inhibitor); ,,SdhD,Agricultural,human&plant,7,,4550,694,BAJ07117.1,GenBank,Not indicated,Japan:ibaraki,Cucumus sativus
Zhu,Pesticide Biochemistry and Physiology,2022,35973770,Corynespora cassiicola,SdhD,Fluopyram,G109V,7,0.9 _g/mL (logEC50),Environment,Host: Curcubits; Drug family: SDHI (succinate dehydrogenase inhibitor); ,,SdhD,Agricultural,human&plant,7,,4550,694,BAJ07117.1,GenBank,Not indicated,Japan:ibaraki,Cucumus sativus
Zhu,Pesticide Biochemistry and Physiology,2022,35973770,Corynespora cassiicola,SdhD,Fluxapyroxad,G109V,7,0.2 _g/mL (logEC50),Environment,Host: Curcubits; Drug family: SDHI (succinate dehydrogenase inhibitor); ,,SdhD,Agricultural,human&plant,7,,4550,694,BAJ07117.1,GenBank,Not indicated,Japan:ibaraki,Cucumus sativus
Zhu,Pesticide Biochemistry and Physiology,2022,35973770,Corynespora cassiicola,SdhD,Isopyrazam,G109V,7,0.5 _g/mL (logEC50),Environment,Host: Curcubits; Drug family: SDHI (succinate dehydrogenase inhibitor); ,,SdhD,Agricultural,human&plant,7,,4550,694,BAJ07117.1,GenBank,Not indicated,Japan:ibaraki,Cucumus sativus
Wei,Journal of Agricultural and Food Chemistry,2022,36102348,Colletotrichum acutatum,Cyp51A,Tebuconazole,Y128H,1,0.53 _g/mL (EC50),Lab,Host: Lupinus; Drug family: Azole; ,,Cyp51,Agricultural,plant,1,,1018,75,AVT56116.1,GenBank,CaCYP51AY128H,Brazil: Sao Paulo,Fragaria ananassa
Wei,Journal of Agricultural and Food Chemistry,2022,36102348,Colletotrichum acutatum,Cyp51A,Tebuconazole,T207M,1,0.83 _g/mL (EC50),Lab,Host: Lupinus; Drug family: Azole; ,,Cyp51,Agricultural,plant,1,,,,AVT56116.1,GenBank,CaCYP51AT207M,Brazil: Sao Paulo,Fragaria ananassa
Hirayama,Antimicrobial Agents and Chemotherapy,2023,36920237,Candida auris,Fks1,Micafungin,S639Y,7,8 _g/mL,Clinical,Host: Human; Drug family: Echinocandin; ,,Fks,Clinical,human&animal,7,,4013,436,WHL58497.1,Genbak,1,Brazil,
Hirayama,Antimicrobial Agents and Chemotherapy,2023,36920237,Candida auris,Fks1,Caspofungin,S639Y,7,>8 _g/mL,Clinical,Host: Human; Drug family: Echinocandin; ,,Fks,Clinical,human&animal,7,,4013,436,WHL58497.1,Genbak,1,Brazil,
Hirayama,Antimicrobial Agents and Chemotherapy,2023,36920237,Candida auris,Fks1,Anidulafungin,S639Y,7,>8 _g/mL,Clinical,Host: Human; Drug family: Echinocandin; ,,Fks,Clinical,human&animal,7,,4013,436,WHL58497.1,Genbak,1,Brazil,
Zhou,Crop Protection,2019,http://dx.doi.org/10.1016/j.cropro.2019.104942,Cercospora sojina,Cytb,Azoxystrobin,G143A,7,18 ppm (EC50),Environment,Host: Soybean; Drug family: Quinone-outside inhibitor; Pyrosequencing. Accession number of partial gene,,Cytochrome b,Agricultural,plant,7,,3878,246,UUJ36756.1,Genbak,Not indicated,USA,Glycine max
Sierotzki,Pest Management Science,2000,https://doi.org/10.1002/1526-4998(200010)56:10%3C833::AID-PS200%3E3.0.CO;2-Q,Mycosphaerella fijiensis,Cytb,Azoxystrobin,G143A,7,20.41 _M (IC50),Environment,Host: Banana tree; Drug family: Quinone-outside inhibitor; ,Pseudocercospora fijiensis,Cytochrome b,Agricultural,plant,7,,3878,246,QDO71962.1,GenBank,Not indicated,Colombia,
Rehfus,Journal of Plant Diseases and Protection,2019,https://doi.org/10.1007/s41348-019-00246-4,Ramularia collo-cygni,SdhB,Fluxapyroxad,H266Y,7,2 _g/mL (EC50),Environment,Host: Barley; Drug family: SDHI (succinate dehydrogenase inhibitor); ,,SdhB,Agricultural,plant,7,,4532,680,AQT27052.1,GenBank,Not indicated,Denmark,barley cv Braemar
Rehfus,Journal of Plant Diseases and Protection,2019,https://doi.org/10.1007/s41348-019-00246-4,Ramularia collo-cygni,SdhB,Fluxapyroxad,N224T,7,0.7 _g/mL (EC50),Environment,Host: Barley; Drug family: SDHI (succinate dehydrogenase inhibitor); ,,SdhB,Agricultural,plant,7,,,679,AQT27052.1,GenBank,Not indicated,Denmark,barley cv Braemar
Erreguerena,Journal of Plant Diseases and Protection,2022,https://doi.org/10.1007/s41348-022-00645-0,Ramularia collo-cygni,Cytb,Azoxystrobin,G143A,7,4.6 _g/mL (EC50),Environment,Host: Barley; Drug family: Quinone-outside inhibitor; Partial gene,,Cytochrome b,Agricultural,plant,7,,3878,246,CBF42297.1,GenBank,Not indicated,"UK:Scotland,Edinburgh",Hordeum vulgare
Gi,Crop Protection,2022,https://doi.org/10.1016/j.cropro.2022.106016,Diaporthe eres,Beta-tubulin,Thiophanate-methyl,F200Y,7,<1000 ppm (EC50),Environment,Host: Wide range; Drug family: Methyl benzimidazole carbamates (MBCs); Partial gene,,Beta-tubulin,Agricultural,plant,7,,10,7,AWT23850.1,GenBank,D-2,Hungary,Vitis vinifera
Gi,Crop Protection,2022,https://doi.org/10.1016/j.cropro.2022.106016,Diaporthe eres,Beta-tubulin,Thiophanate-methyl,E198A,7,<1000 ppm (EC50),Environment,Host: Wide range; Drug family: Methyl benzimidazole carbamates (MBCs); Partial gene,,Beta-tubulin,Agricultural,plant,7,,6,6,AWT23850.1,GenBank,D-3,Hungary,Vitis vinifera
Gi,Crop Protection,2022,https://doi.org/10.1016/j.cropro.2022.106016,Diaporthe unshiuensis,Beta-tubulin,Thiophanate-methyl,F200Y,7,<1000 ppm (EC50),Environment,Host: Wide range; Drug family: Methyl benzimidazole carbamates (MBCs); Partial gene,,Beta-tubulin,Agricultural,plant,7,,10,7,WHM53209.1,GenBank,D-46,China,Citrus sinensis
Gi,Crop Protection,2022,https://doi.org/10.1016/j.cropro.2022.106016,Diaporthe unshiuensis,Beta-tubulin,Thiophanate-methyl,E198A,7,<10 ppm (EC50),Environment,Host: Wide range; Drug family: Methyl benzimidazole carbamates (MBCs); Partial gene,,Beta-tubulin,Agricultural,plant,7,,6,6,WHM53209.1,GenBank,D-45,China,Citrus sinensis
Miyamoto,Plant Pathology,2010,https://doi.org/10.1111/j.1365-3059.2010.02321.x,Corynespora cassiicola,SdhB,Boscalid,H278Y,7,>30 _g/mL (EC50),Environment,Host: Curcubits; Drug family: SDHI (succinate dehydrogenase inhibitor); ,,SdhB,Agricultural,human&plant,7,,4532,680,BAJ07111.1,GenBank,IbCor1689,Japan:ibaraki,Cucumus sativus
Miyamoto,Plant Pathology,2010,https://doi.org/10.1111/j.1365-3059.2010.02321.x,Corynespora cassiicola,SdhB,Boscalid,H278R,7,10.7 _g/mL (EC50),Environment,Host: Curcubits; Drug family: SDHI (succinate dehydrogenase inhibitor); ,,SdhB,Agricultural,human&plant,7,,4531,680,BAJ07111.1,GenBank,IbCor3006,Japan:ibaraki,Cucumus sativus
Miyamoto,Plant Pathology,2010,https://doi.org/10.1111/j.1365-3059.2010.02321.x,Corynespora cassiicola,SdhC,Boscalid,S73P,7,4.5 _g/mL (EC50),Environment,Host: Curcubits; Drug family: SDHI (succinate dehydrogenase inhibitor); ,,SdhC,Agricultural,human&plant,7,,4538,685,BAJ07114.1,GenBank,IbCor1482,Japan:ibaraki,Cucumus sativus
Miyamoto,Plant Pathology,2010,https://doi.org/10.1111/j.1365-3059.2010.02321.x,Corynespora cassiicola,SdhD,Boscalid,S89P,7,5 _g/mL (EC50),Environment,Host: Curcubits; Drug family: SDHI (succinate dehydrogenase inhibitor); ,,SdhD,Agricultural,human&plant,7,,,,BAJ07117.1,GenBank,IbCor1361,Japan:ibaraki,Cucumus sativus
Miyamoto,Plant Pathology,2010,https://doi.org/10.1111/j.1365-3059.2010.02321.x,Corynespora cassiicola,SdhD,Boscalid,G109V,7,5.4 _g/mL (EC50),Environment,Host: Curcubits; Drug family: SDHI (succinate dehydrogenase inhibitor); ,,SdhD,Agricultural,human&plant,7,,4550,694,BAJ07117.1,GenBank,Chikusei2-4,Japan:ibaraki,Cucumus sativus
Estep,Plant Pathology,2014,https://doi.org/10.1111/ppa.12314,Zymoseptoria tritici,Cyp51,Propiconazole,Y137F,7,Not determined,Environment,Host: Wheat; Drug family: Azole; ,Mycosphaerella graminicola,Cyp51,Agricultural,plant,7,,1016,75,AKA94187.1,GenBank,Not indicated,USA:Oregon,
Estep,Plant Pathology,2014,https://doi.org/10.1111/ppa.12314,Zymoseptoria tritici,Cyp51,Propiconazole,M145L,7,Not determined,Environment,Host: Wheat; Drug family: Azole; ,Mycosphaerella graminicola,Cyp51,Agricultural,plant,7,,1173,83,AKA94187.1,GenBank,Not indicated,USA:Oregon,
Estep,Plant Pathology,2014,https://doi.org/10.1111/ppa.12314,Zymoseptoria tritici,Cyp51,Propiconazole,Y459C,7,Not determined,Environment,Host: Wheat; Drug family: Azole; ,Mycosphaerella graminicola,Cyp51,Agricultural,plant,7,,3115,203,AKA94187.1,GenBank,Not indicated,USA:Oregon,
Estep,Plant Pathology,2014,https://doi.org/10.1111/ppa.12314,Zymoseptoria tritici,Cyp51,Propiconazole,Y459D,7,Not determined,Environment,Host: Wheat; Drug family: Azole; ,Mycosphaerella graminicola,Cyp51,Agricultural,plant,7,,3116,203,AKA94187.1,GenBank,Not indicated,USA:Oregon,
Estep,Plant Pathology,2014,https://doi.org/10.1111/ppa.12314,Zymoseptoria tritici,Cyp51,Propiconazole,G460D,7,Not determined,Environment,Host: Wheat; Drug family: Azole; ,Mycosphaerella graminicola,Cyp51,Agricultural,plant,7,,3136,204,AKA94187.1,GenBank,Not indicated,USA:Oregon,
Estep,Plant Pathology,2014,https://doi.org/10.1111/ppa.12314,Zymoseptoria tritici,Cyp51,Propiconazole,Y461H,7,Not determined,Environment,Host: Wheat; Drug family: Azole; ,Mycosphaerella graminicola,Cyp51,Agricultural,plant,7,,3158,205,AKA94187.1,GenBank,Not indicated,USA:Oregon,
Estep,Plant Pathology,2014,https://doi.org/10.1111/ppa.12314,Zymoseptoria tritici,Cyp51,Propiconazole,Y461S,7,Not determined,Environment,Host: Wheat; Drug family: Azole; ,Mycosphaerella graminicola,Cyp51,Agricultural,plant,7,,3167,205,AKA94187.1,GenBank,Not indicated,USA:Oregon,
Estep,Plant Pathology,2014,https://doi.org/10.1111/ppa.12314,Zymoseptoria tritici,Cyp51,Propiconazole,S524T,7,Not determined,Environment,Host: Wheat; Drug family: Azole; ,Mycosphaerella graminicola,Cyp51,Agricultural,plant,2,,3854,242,AKA94187.1,GenBank,Not indicated,USA:Oregon,
Zhang,Plant Pathology,2017,https://doi.org/10.1111/ppa.12700,Fusarium graminearum,Myosin-5,Phenamacril,K216E,4,183 _g/mL (EC50),Lab,Host: Wheat; Drug family: Cyanoacrylate; ,,Myosin-5,Agricultural,plant,4,,,574,PCD22874.1,GenBank,TXR1,"Italy: Piemonte, Vercelli",Oryza sp.
Zhang,Plant Pathology,2017,https://doi.org/10.1111/ppa.12700,Fusarium graminearum,Myosin-5,Phenamacril,E420G,4,209 _g/mL (EC50),Lab,Host: Wheat; Drug family: Cyanoacrylate; ,,Myosin-5,Agricultural,plant,4,,,576,PCD22874.1,GenBank,TXR2,"Italy: Piemonte, Vercelli",Oryza sp.
Zhang,Plant Pathology,2017,https://doi.org/10.1111/ppa.12700,Fusarium graminearum,Myosin-5,Phenamacril,S217R,4,132 _g/mL (EC50),Lab,Host: Wheat; Drug family: Cyanoacrylate; ,,Myosin-5,Agricultural,plant,4,,,575,PCD22874.1,GenBank,BMR1,"Italy: Piemonte, Vercelli",Oryza sp.
Zhang,Plant Pathology,2017,https://doi.org/10.1111/ppa.12700,Fusarium graminearum,Myosin-5,Phenamacril,S217L,4,153 _g/mL (EC50),Lab,Host: Wheat; Drug family: Cyanoacrylate; ,,Myosin-5,Agricultural,plant,4,,,575,PCD22874.1,GenBank,BMR2,"Italy: Piemonte, Vercelli",Oryza sp.
Zhang,Plant Pathology,2017,https://doi.org/10.1111/ppa.12700,Fusarium graminearum,Myosin-5,Phenamacril,E420S,4,143 _g/mL (EC50),Lab,Host: Wheat; Drug family: Cyanoacrylate; ,,Myosin-5,Agricultural,plant,4,,,576,PCD22874.1,GenBank,SYR1,"Italy: Piemonte, Vercelli",Oryza sp.
Zhang,Plant Pathology,2017,https://doi.org/10.1111/ppa.12700,Fusarium graminearum,Myosin-5,Phenamacril,K216H,4,152 _g/mL (EC50),Lab,Host: Wheat; Drug family: Cyanoacrylate; ,,Myosin-5,Agricultural,plant,4,,,574,PCD22874.1,GenBank,SYR2,"Italy: Piemonte, Vercelli",Oryza sp.
Wei,Plant Pathology,2021,https://doi.org/10.1111/ppa.13372,Colletotrichum gloeosporioides,Cytb,Azoxystrobin,G143A,7,8.64 _g/mL (EC50),Environment,Host: Tropical fruits; Drug family: Quinone-outside inhibitor; Fluazinam also tested. Partial gene,Glomerella cingulata,Cytochrome b,Agricultural,plant,7,,3878,246,WPO07116.1,GenBank,ZJ67,"USA: Clinch County, Georgia",Vaccinium sp. cv. Indigo
Wei,Plant Pathology,2021,https://doi.org/10.1111/ppa.13372,Colletotrichum gloeosporioides,Cytb,Pyraclostrobin,G143A,7,15.99 _g/mL (EC50),Environment,Host: Tropical fruits; Drug family: Quinone-outside inhibitor; Fluazinam also tested. Partial gene,Glomerella cingulata,Cytochrome b,Agricultural,plant,7,,3878,246,WPO07116.1,GenBank,ZJ67,"USA: Clinch County, Georgia",Vaccinium sp. cv. Indigo
Wei,Plant Pathology,2021,https://doi.org/10.1111/ppa.13372,Colletotrichum gloeosporioides,Cytb,Kresoxim-methyl,G143A,7,236.13 _g/mL (EC50),Environment,Host: Tropical fruits; Drug family: Quinone-outside inhibitor; Fluazinam also tested. Partial gene,Glomerella cingulata,Cytochrome b,Agricultural,plant,7,,3878,246,WPO07116.1,GenBank,ZJ67,"USA: Clinch County, Georgia",Vaccinium sp. cv. Indigo
Wei,Plant Pathology,2021,https://doi.org/10.1111/ppa.13372,Colletotrichum gloeosporioides,Cytb,Benzothiostrobin,G143A,7,53.55 _g/mL (EC50),Environment,Host: Tropical fruits; Drug family: Quinone-outside inhibitor; Fluazinam also tested. Partial gene,Glomerella cingulata,Cytochrome b,Agricultural,plant,7,,3878,246,WPO07116.1,GenBank,ZJ67,"USA: Clinch County, Georgia",Vaccinium sp. cv. Indigo
Wei,Plant Pathology,2021,https://doi.org/10.1111/ppa.13372,Colletotrichum gloeosporioides,Cytb,Azoxystrobin,F129L,7,1.03 _g/mL (EC50),Environment,Host: Tropical fruits; Drug family: Quinone-outside inhibitor; Fluazinam also tested. Partial gene,Glomerella cingulata,Cytochrome b,Agricultural,plant,7,,3876,244,WPO07116.1,GenBank,ZJ29,"USA: Clinch County, Georgia",Vaccinium sp. cv. Indigo
Wei,Plant Pathology,2021,https://doi.org/10.1111/ppa.13372,Colletotrichum gloeosporioides,Cytb,Pyraclostrobin,F129L,7,3.33 _g/mL (EC50),Environment,Host: Tropical fruits; Drug family: Quinone-outside inhibitor; Fluazinam also tested. Partial gene,Glomerella cingulata,Cytochrome b,Agricultural,plant,7,,3876,244,WPO07116.1,GenBank,ZJ29,"USA: Clinch County, Georgia",Vaccinium sp. cv. Indigo
Wei,Plant Pathology,2021,https://doi.org/10.1111/ppa.13372,Colletotrichum gloeosporioides,Cytb,Kresoxim-methyl,F129L,7,95.57 _g/mL (EC50),Environment,Host: Tropical fruits; Drug family: Quinone-outside inhibitor; Fluazinam also tested. Partial gene,Glomerella cingulata,Cytochrome b,Agricultural,plant,7,,3876,244,WPO07116.1,GenBank,ZJ29,"USA: Clinch County, Georgia",Vaccinium sp. cv. Indigo
Wei,Plant Pathology,2021,https://doi.org/10.1111/ppa.13372,Colletotrichum gloeosporioides,Cytb,Benzothiostrobin,F129L,7,5.10 _g/mL (EC50),Environment,Host: Tropical fruits; Drug family: Quinone-outside inhibitor; Fluazinam also tested. Partial gene,Glomerella cingulata,Cytochrome b,Agricultural,plant,7,,3876,244,WPO07116.1,GenBank,ZJ29,"USA: Clinch County, Georgia",Vaccinium sp. cv. Indigo
McDonald,Applied and Environmental Microbiology,2019,30530713,Zymoseptoria tritici,Cyp51,Tebuconazole,L50S,7,5.3 _g/mL (EC50),Environment,Host: Wheat; Drug family: Azole; With isolates genome sequencing,Mycosphaerella graminicola,Cyp51,Agricultural,plant,7,,,,AKA94187.1,GenBank,G1,USA:Oregon,
McDonald,Applied and Environmental Microbiology,2019,30530713,Zymoseptoria tritici,Cyp51,Tebuconazole,S188N,7,5.3 _g/mL (EC50),Environment,Host: Wheat; Drug family: Azole; With isolates genome sequencing,Mycosphaerella graminicola,Cyp51,Agricultural,plant,7,,,,AKA94187.1,GenBank,G1,USA:Oregon,
McDonald,Applied and Environmental Microbiology,2019,30530713,Zymoseptoria tritici,Cyp51,Tebuconazole,A379G,7,5.3 _g/mL (EC50),Environment,Host: Wheat; Drug family: Azole; With isolates genome sequencing,Mycosphaerella graminicola,Cyp51,Agricultural,plant,7,,,,AKA94187.1,GenBank,G1,USA:Oregon,
McDonald,Applied and Environmental Microbiology,2019,30530713,Zymoseptoria tritici,Cyp51,Tebuconazole,I381V,7,5.3 _g/mL (EC50),Environment,Host: Wheat; Drug family: Azole; With isolates genome sequencing,Mycosphaerella graminicola,Cyp51,Agricultural,plant,7,,,,AKA94187.1,GenBank,G1,USA:Oregon,
McDonald,Applied and Environmental Microbiology,2019,30530713,Zymoseptoria tritici,Cyp51,Tebuconazole,Y459del,7,5.3 _g/mL (EC50),Environment,Host: Wheat; Drug family: Azole; With isolates genome sequencing,Mycosphaerella graminicola,Cyp51,Agricultural,plant,7,,,,AKA94187.1,GenBank,G1,USA:Oregon,
McDonald,Applied and Environmental Microbiology,2019,30530713,Zymoseptoria tritici,Cyp51,Tebuconazole,G460del,7,5.3 _g/mL (EC50),Environment,Host: Wheat; Drug family: Azole; With isolates genome sequencing,Mycosphaerella graminicola,Cyp51,Agricultural,plant,7,,,,AKA94187.1,GenBank,G1,USA:Oregon,
McDonald,Applied and Environmental Microbiology,2019,30530713,Zymoseptoria tritici,Cyp51,Tebuconazole,N513K,7,5.3 _g/mL (EC50),Environment,Host: Wheat; Drug family: Azole; With isolates genome sequencing,Mycosphaerella graminicola,Cyp51,Agricultural,plant,7,,,,AKA94187.1,GenBank,G1,USA:Oregon,
McDonald,Applied and Environmental Microbiology,2019,30530713,Zymoseptoria tritici,Cyp51,Epoxiconazole,L50S,7,1 _g/mL (EC50),Environment,Host: Wheat; Drug family: Azole; With isolates genome sequencing,Mycosphaerella graminicola,Cyp51,Agricultural,plant,7,,,,AKA94187.1,GenBank,G1,USA:Oregon,
McDonald,Applied and Environmental Microbiology,2019,30530713,Zymoseptoria tritici,Cyp51,Epoxiconazole,S188N,7,1 _g/mL (EC50),Environment,Host: Wheat; Drug family: Azole; With isolates genome sequencing,Mycosphaerella graminicola,Cyp51,Agricultural,plant,7,,,,AKA94187.1,GenBank,G1,USA:Oregon,
McDonald,Applied and Environmental Microbiology,2019,30530713,Zymoseptoria tritici,Cyp51,Epoxiconazole,A379G,7,1 _g/mL (EC50),Environment,Host: Wheat; Drug family: Azole; With isolates genome sequencing,Mycosphaerella graminicola,Cyp51,Agricultural,plant,7,,,,AKA94187.1,GenBank,G1,USA:Oregon,
McDonald,Applied and Environmental Microbiology,2019,30530713,Zymoseptoria tritici,Cyp51,Epoxiconazole,I381V,7,1 _g/mL (EC50),Environment,Host: Wheat; Drug family: Azole; With isolates genome sequencing,Mycosphaerella graminicola,Cyp51,Agricultural,plant,7,,,,AKA94187.1,GenBank,G1,USA:Oregon,
McDonald,Applied and Environmental Microbiology,2019,30530713,Zymoseptoria tritici,Cyp51,Epoxiconazole,Y459del,7,1 _g/mL (EC50),Environment,Host: Wheat; Drug family: Azole; With isolates genome sequencing,Mycosphaerella graminicola,Cyp51,Agricultural,plant,7,,,,AKA94187.1,GenBank,G1,USA:Oregon,
McDonald,Applied and Environmental Microbiology,2019,30530713,Zymoseptoria tritici,Cyp51,Epoxiconazole,G460del,7,1 _g/mL (EC50),Environment,Host: Wheat; Drug family: Azole; With isolates genome sequencing,Mycosphaerella graminicola,Cyp51,Agricultural,plant,7,,,,AKA94187.1,GenBank,G1,USA:Oregon,
McDonald,Applied and Environmental Microbiology,2019,30530713,Zymoseptoria tritici,Cyp51,Epoxiconazole,N513K,7,1 _g/mL (EC50),Environment,Host: Wheat; Drug family: Azole; With isolates genome sequencing,Mycosphaerella graminicola,Cyp51,Agricultural,plant,7,,,,AKA94187.1,GenBank,G1,USA:Oregon,
Tucker,Pest Management Science,2019,31595590,Blumeria graminis f. sp. hordei,Cyp51,Propiconazole,Y136F,1,340 _g/mL (EC50),Environment,Host: Wheat; Drug family: Azole; ,,Cyp51,Agricultural,plant,1,,,,CAE18105.1,Genbak,pYES-Bgh51_Y137F/S524T,France,Hordeum vulgare
Tucker,Pest Management Science,2019,31595590,Blumeria graminis f. sp. hordei,Cyp51,Propiconazole,S509T,1,340 _g/mL (EC50),Environment,Host: Wheat; Drug family: Azole; ,,Cyp51,Agricultural,plant,1,,,,CAE18105.1,Genbak,pYES-Bgh51_Y137F/S524T,France,Hordeum vulgare
Tucker,Pest Management Science,2019,31595590,Blumeria graminis f. sp. hordei,Cyp51,Tebuconazole,Y136F,1,33 _g/mL (EC50),Environment,Host: Wheat; Drug family: Azole; ,,Cyp51,Agricultural,plant,1,,,,CAE18105.1,Genbak,pYES-Bgh51_Y137F/S524T,France,Hordeum vulgare
Tucker,Pest Management Science,2019,31595590,Blumeria graminis f. sp. hordei,Cyp51,Tebuconazole,S509T,1,33 _g/mL (EC50),Environment,Host: Wheat; Drug family: Azole; ,,Cyp51,Agricultural,plant,1,,,,CAE18105.1,Genbak,pYES-Bgh51_Y137F/S524T,France,Hordeum vulgare
Tucker,Pest Management Science,2019,31595590,Blumeria graminis f. sp. hordei,Cyp51,Triadimenol,Y136F,8,Not determined,Environment,Host: Wheat; Drug family: Azole; ,,Cyp51,Agricultural,plant,8,,,,CAE18105.1,Genbak,Not indicated,France,Hordeum vulgare
Tucker,Pest Management Science,2019,31595590,Blumeria graminis f. sp. hordei,Cyp51,Triadimenol,K147Q,8,Not determined,Environment,Host: Wheat; Drug family: Azole; ,,Cyp51,Agricultural,plant,8,,,,CAE18105.1,Genbak,Not indicated,France,Hordeum vulgare
Helweg-Larsen,The Lancet,1999,10533864,Pneumocystis jirovecii,Dhps,Trimethoprim-sulfamethoxazole,T55A,7,Not determined,Clinical,Host: Human; Drug family: Dihydropyrimidine-Sulfonamide antibiotics; Partial gene,,Dhps,Clinical,human&animal,7,,,,QBZ39416.1,GenBank,Not indicated,Iran,Homo sapiens
Helweg-Larsen,The Lancet,1999,10533864,Pneumocystis jirovecii,Dhps,Trimethoprim-sulfamethoxazole,P57S,7,Not determined,Clinical,Host: Human; Drug family: Dihydropyrimidine-Sulfonamide antibiotics; Partial gene,,Dhps,Clinical,human&animal,7,,,,QBZ39416.1,GenBank,Not indicated,Iran,Homo sapiens
Leroux,Pest Management Science,2007,17511023,Zymoseptoria tritici,Cyp51,Carbendazim,I381V,7,5 _g/mL (EC50),Environment,"Host: Wheat; Drug family: Methyl benzimidazole carbamates (MBCs); CYP51 sequences were deposited in the NCBI database under the following accession numbers: EF418622 (TriS), EF418623 (TriR4), EF418624 (TriR2), EF418625 (TriR3), EF418626 and EF418627 (TriR5), EF418628 and EF418629 (TriR6) and EF418630 (TriR7).",Mycosphaerella graminicola,Cyp51,Agricultural,plant,7,,,,AKA94187.1,GenBank,04-JL4A (R6),USA:Oregon,
Leroux,Pest Management Science,2007,17511023,Zymoseptoria tritici,Cyp51,Carbendazim,Y459D,7,5 _g/mL (EC50),Environment,"Host: Wheat; Drug family: Methyl benzimidazole carbamates (MBCs); CYP51 sequences were deposited in the NCBI database under the following accession numbers: EF418622 (TriS), EF418623 (TriR4), EF418624 (TriR2), EF418625 (TriR3), EF418626 and EF418627 (TriR5), EF418628 and EF418629 (TriR6) and EF418630 (TriR7).",Mycosphaerella graminicola,Cyp51,Agricultural,plant,7,,,,AKA94187.1,GenBank,04-JL4A (R6),USA:Oregon,
Leroux,Pest Management Science,2007,17511023,Zymoseptoria tritici,Cyp51,Triflumizole,I381V,7,Not determined,Environment,"Host: Wheat; Drug family: Imidazol; CYP51 sequences were deposited in the NCBI database under the following accession numbers: EF418622 (TriS), EF418623 (TriR4), EF418624 (TriR2), EF418625 (TriR3), EF418626 and EF418627 (TriR5), EF418628 and EF418629 (TriR6) and EF418630 (TriR7).",Mycosphaerella graminicola,Cyp51,Agricultural,plant,7,,,,AKA94187.1,GenBank,04-JL4A (R6),USA:Oregon,
Leroux,Pest Management Science,2007,17511023,Zymoseptoria tritici,Cyp51,Triflumizole,Y459D,7,Not determined,Environment,"Host: Wheat; Drug family: Imidazol; CYP51 sequences were deposited in the NCBI database under the following accession numbers: EF418622 (TriS), EF418623 (TriR4), EF418624 (TriR2), EF418625 (TriR3), EF418626 and EF418627 (TriR5), EF418628 and EF418629 (TriR6) and EF418630 (TriR7).",Mycosphaerella graminicola,Cyp51,Agricultural,plant,7,,,,AKA94187.1,GenBank,04-JL4A (R6),USA:Oregon,
Leroux,Pest Management Science,2007,17511023,Zymoseptoria tritici,Cyp51,Tebuconazole,I381V,7,Not determined,Environment,"Host: Wheat; Drug family: Azole; CYP51 sequences were deposited in the NCBI database under the following accession numbers: EF418622 (TriS), EF418623 (TriR4), EF418624 (TriR2), EF418625 (TriR3), EF418626 and EF418627 (TriR5), EF418628 and EF418629 (TriR6) and EF418630 (TriR7).",Mycosphaerella graminicola,Cyp51,Agricultural,plant,7,,,,AKA94187.1,GenBank,04-JL4A (R6),USA:Oregon,
Leroux,Pest Management Science,2007,17511023,Zymoseptoria tritici,Cyp51,Tebuconazole,Y459D,7,Not determined,Environment,"Host: Wheat; Drug family: Azole; CYP51 sequences were deposited in the NCBI database under the following accession numbers: EF418622 (TriS), EF418623 (TriR4), EF418624 (TriR2), EF418625 (TriR3), EF418626 and EF418627 (TriR5), EF418628 and EF418629 (TriR6) and EF418630 (TriR7).",Mycosphaerella graminicola,Cyp51,Agricultural,plant,7,,,,AKA94187.1,GenBank,04-JL4A (R6),USA:Oregon,
Leroux,Pest Management Science,2007,17511023,Zymoseptoria tritici,Cyp51,Carbendazim,I381V,7,5 _g/mL (EC50),Environment,"Host: Wheat; Drug family: Methyl benzimidazole carbamates (MBCs); CYP51 sequences were deposited in the NCBI database under the following accession numbers: EF418622 (TriS), EF418623 (TriR4), EF418624 (TriR2), EF418625 (TriR3), EF418626 and EF418627 (TriR5), EF418628 and EF418629 (TriR6) and EF418630 (TriR7).",Mycosphaerella graminicola,Cyp51,Agricultural,plant,7,,,,AKA94187.1,GenBank,04-XT1 (R6),USA:Oregon,
Leroux,Pest Management Science,2007,17511023,Zymoseptoria tritici,Cyp51,Carbendazim,Y461H,7,5 _g/mL (EC50),Environment,"Host: Wheat; Drug family: Methyl benzimidazole carbamates (MBCs); CYP51 sequences were deposited in the NCBI database under the following accession numbers: EF418622 (TriS), EF418623 (TriR4), EF418624 (TriR2), EF418625 (TriR3), EF418626 and EF418627 (TriR5), EF418628 and EF418629 (TriR6) and EF418630 (TriR7).",Mycosphaerella graminicola,Cyp51,Agricultural,plant,7,,,,AKA94187.1,GenBank,04-XT1 (R6),USA:Oregon,
Leroux,Pest Management Science,2007,17511023,Zymoseptoria tritici,Cyp51,Triflumizole,I381V,7,5 _g/mL (EC50),Environment,"Host: Wheat; Drug family: Imidazol; CYP51 sequences were deposited in the NCBI database under the following accession numbers: EF418622 (TriS), EF418623 (TriR4), EF418624 (TriR2), EF418625 (TriR3), EF418626 and EF418627 (TriR5), EF418628 and EF418629 (TriR6) and EF418630 (TriR7).",Mycosphaerella graminicola,Cyp51,Agricultural,plant,7,,,,AKA94187.1,GenBank,04-XT1 (R6),USA:Oregon,
Leroux,Pest Management Science,2007,17511023,Zymoseptoria tritici,Cyp51,Triflumizole,Y461H,7,5 _g/mL (EC50),Environment,"Host: Wheat; Drug family: Imidazol; CYP51 sequences were deposited in the NCBI database under the following accession numbers: EF418622 (TriS), EF418623 (TriR4), EF418624 (TriR2), EF418625 (TriR3), EF418626 and EF418627 (TriR5), EF418628 and EF418629 (TriR6) and EF418630 (TriR7).",Mycosphaerella graminicola,Cyp51,Agricultural,plant,7,,,,AKA94187.1,GenBank,04-XT1 (R6),USA:Oregon,
Leroux,Pest Management Science,2007,17511023,Zymoseptoria tritici,Cyp51,Tebuconazole,I381V,7,Not determined,Environment,"Host: Wheat; Drug family: Azole; CYP51 sequences were deposited in the NCBI database under the following accession numbers: EF418622 (TriS), EF418623 (TriR4), EF418624 (TriR2), EF418625 (TriR3), EF418626 and EF418627 (TriR5), EF418628 and EF418629 (TriR6) and EF418630 (TriR7).",Mycosphaerella graminicola,Cyp51,Agricultural,plant,7,,,,AKA94187.1,GenBank,04-XT1 (R6),USA:Oregon,
Leroux,Pest Management Science,2007,17511023,Zymoseptoria tritici,Cyp51,Tebuconazole,Y461H,7,Not determined,Environment,"Host: Wheat; Drug family: Azole; CYP51 sequences were deposited in the NCBI database under the following accession numbers: EF418622 (TriS), EF418623 (TriR4), EF418624 (TriR2), EF418625 (TriR3), EF418626 and EF418627 (TriR5), EF418628 and EF418629 (TriR6) and EF418630 (TriR7).",Mycosphaerella graminicola,Cyp51,Agricultural,plant,7,,,,AKA94187.1,GenBank,04-XT1 (R6),USA:Oregon,
Leroux,Pest Management Science,2007,17511023,Zymoseptoria tritici,Cyp51,Carbendazim,S188N,7,5 _g/mL (EC50),Environment,"Host: Wheat; Drug family: Methyl benzimidazole carbamates (MBCs); CYP51 sequences were deposited in the NCBI database under the following accession numbers: EF418622 (TriS), EF418623 (TriR4), EF418624 (TriR2), EF418625 (TriR3), EF418626 and EF418627 (TriR5), EF418628 and EF418629 (TriR6) and EF418630 (TriR7).",Mycosphaerella graminicola,Cyp51,Agricultural,plant,7,,,,AKA94187.1,GenBank,K1884 (R4),USA:Oregon,
Leroux,Pest Management Science,2007,17511023,Zymoseptoria tritici,Cyp51,Carbendazim,Y459del,7,5 _g/mL (EC50),Environment,"Host: Wheat; Drug family: Methyl benzimidazole carbamates (MBCs); CYP51 sequences were deposited in the NCBI database under the following accession numbers: EF418622 (TriS), EF418623 (TriR4), EF418624 (TriR2), EF418625 (TriR3), EF418626 and EF418627 (TriR5), EF418628 and EF418629 (TriR6) and EF418630 (TriR7).",Mycosphaerella graminicola,Cyp51,Agricultural,plant,7,,,,AKA94187.1,GenBank,K1884 (R4),USA:Oregon,
Leroux,Pest Management Science,2007,17511023,Zymoseptoria tritici,Cyp51,Carbendazim,G460del,7,5 _g/mL (EC50),Environment,"Host: Wheat; Drug family: Methyl benzimidazole carbamates (MBCs); CYP51 sequences were deposited in the NCBI database under the following accession numbers: EF418622 (TriS), EF418623 (TriR4), EF418624 (TriR2), EF418625 (TriR3), EF418626 and EF418627 (TriR5), EF418628 and EF418629 (TriR6) and EF418630 (TriR7).",Mycosphaerella graminicola,Cyp51,Agricultural,plant,7,,,,AKA94187.1,GenBank,K1884 (R4),USA:Oregon,
Leroux,Pest Management Science,2007,17511023,Zymoseptoria tritici,Cyp51,Carbendazim,N513K,7,5 _g/mL (EC50),Environment,"Host: Wheat; Drug family: Methyl benzimidazole carbamates (MBCs); CYP51 sequences were deposited in the NCBI database under the following accession numbers: EF418622 (TriS), EF418623 (TriR4), EF418624 (TriR2), EF418625 (TriR3), EF418626 and EF418627 (TriR5), EF418628 and EF418629 (TriR6) and EF418630 (TriR7).",Mycosphaerella graminicola,Cyp51,Agricultural,plant,7,,,,AKA94187.1,GenBank,K1884 (R4),USA:Oregon,
Leroux,Pest Management Science,2007,17511023,Zymoseptoria tritici,Cyp51,Triflumizole,S188N,7,Not determined,Environment,"Host: Wheat; Drug family: Azole; CYP51 sequences were deposited in the NCBI database under the following accession numbers: EF418622 (TriS), EF418623 (TriR4), EF418624 (TriR2), EF418625 (TriR3), EF418626 and EF418627 (TriR5), EF418628 and EF418629 (TriR6) and EF418630 (TriR7).",Mycosphaerella graminicola,Cyp51,Agricultural,plant,7,,,,AKA94187.1,GenBank,K1884 (R4),USA:Oregon,
Leroux,Pest Management Science,2007,17511023,Zymoseptoria tritici,Cyp51,Triflumizole,Y459del,7,Not determined,Environment,"Host: Wheat; Drug family: Azole; CYP51 sequences were deposited in the NCBI database under the following accession numbers: EF418622 (TriS), EF418623 (TriR4), EF418624 (TriR2), EF418625 (TriR3), EF418626 and EF418627 (TriR5), EF418628 and EF418629 (TriR6) and EF418630 (TriR7).",Mycosphaerella graminicola,Cyp51,Agricultural,plant,7,,,,AKA94187.1,GenBank,K1884 (R4),USA:Oregon,
Leroux,Pest Management Science,2007,17511023,Zymoseptoria tritici,Cyp51,Triflumizole,G460del,7,Not determined,Environment,"Host: Wheat; Drug family: Azole; CYP51 sequences were deposited in the NCBI database under the following accession numbers: EF418622 (TriS), EF418623 (TriR4), EF418624 (TriR2), EF418625 (TriR3), EF418626 and EF418627 (TriR5), EF418628 and EF418629 (TriR6) and EF418630 (TriR7).",Mycosphaerella graminicola,Cyp51,Agricultural,plant,7,,,,AKA94187.1,GenBank,K1884 (R4),USA:Oregon,
Leroux,Pest Management Science,2007,17511023,Zymoseptoria tritici,Cyp51,Triflumizole,N513K,7,Not determined,Environment,"Host: Wheat; Drug family: Azole; CYP51 sequences were deposited in the NCBI database under the following accession numbers: EF418622 (TriS), EF418623 (TriR4), EF418624 (TriR2), EF418625 (TriR3), EF418626 and EF418627 (TriR5), EF418628 and EF418629 (TriR6) and EF418630 (TriR7).",Mycosphaerella graminicola,Cyp51,Agricultural,plant,7,,,,AKA94187.1,GenBank,K1884 (R4),USA:Oregon,
Leroux,Pest Management Science,2007,17511023,Zymoseptoria tritici,Cyp51,Carbendazim,S188N,7,5 _g/mL (EC50),Environment,"Host: Wheat; Drug family: Methyl benzimidazole carbamates (MBCs); CYP51 sequences were deposited in the NCBI database under the following accession numbers: EF418622 (TriS), EF418623 (TriR4), EF418624 (TriR2), EF418625 (TriR3), EF418626 and EF418627 (TriR5), EF418628 and EF418629 (TriR6) and EF418630 (TriR7).",Mycosphaerella graminicola,Cyp51,Agricultural,plant,7,,,,AKA94187.1,GenBank,K4267 (R7),USA:Oregon,
Leroux,Pest Management Science,2007,17511023,Zymoseptoria tritici,Cyp51,Carbendazim,I381V,7,5 _g/mL (EC50),Environment,"Host: Wheat; Drug family: Methyl benzimidazole carbamates (MBCs); CYP51 sequences were deposited in the NCBI database under the following accession numbers: EF418622 (TriS), EF418623 (TriR4), EF418624 (TriR2), EF418625 (TriR3), EF418626 and EF418627 (TriR5), EF418628 and EF418629 (TriR6) and EF418630 (TriR7).",Mycosphaerella graminicola,Cyp51,Agricultural,plant,7,,,,AKA94187.1,GenBank,K4267 (R7),USA:Oregon,
Leroux,Pest Management Science,2007,17511023,Zymoseptoria tritici,Cyp51,Carbendazim,Y459del,7,5 _g/mL (EC50),Environment,"Host: Wheat; Drug family: Methyl benzimidazole carbamates (MBCs); CYP51 sequences were deposited in the NCBI database under the following accession numbers: EF418622 (TriS), EF418623 (TriR4), EF418624 (TriR2), EF418625 (TriR3), EF418626 and EF418627 (TriR5), EF418628 and EF418629 (TriR6) and EF418630 (TriR7).",Mycosphaerella graminicola,Cyp51,Agricultural,plant,7,,,,AKA94187.1,GenBank,K4267 (R7),USA:Oregon,
Leroux,Pest Management Science,2007,17511023,Zymoseptoria tritici,Cyp51,Carbendazim,G460del,7,5 _g/mL (EC50),Environment,"Host: Wheat; Drug family: Methyl benzimidazole carbamates (MBCs); CYP51 sequences were deposited in the NCBI database under the following accession numbers: EF418622 (TriS), EF418623 (TriR4), EF418624 (TriR2), EF418625 (TriR3), EF418626 and EF418627 (TriR5), EF418628 and EF418629 (TriR6) and EF418630 (TriR7).",Mycosphaerella graminicola,Cyp51,Agricultural,plant,7,,,,AKA94187.1,GenBank,K4267 (R7),USA:Oregon,
Leroux,Pest Management Science,2007,17511023,Zymoseptoria tritici,Cyp51,Carbendazim,N513K,7,5 _g/mL (EC50),Environment,"Host: Wheat; Drug family: Methyl benzimidazole carbamates (MBCs); CYP51 sequences were deposited in the NCBI database under the following accession numbers: EF418622 (TriS), EF418623 (TriR4), EF418624 (TriR2), EF418625 (TriR3), EF418626 and EF418627 (TriR5), EF418628 and EF418629 (TriR6) and EF418630 (TriR7).",Mycosphaerella graminicola,Cyp51,Agricultural,plant,7,,,,AKA94187.1,GenBank,K4267 (R7),USA:Oregon,
Leroux,Pest Management Science,2007,17511023,Zymoseptoria tritici,Cyp51,Tebuconazole,S188N,7,Not determined,Environment,"Host: Wheat; Drug family: Azole; CYP51 sequences were deposited in the NCBI database under the following accession numbers: EF418622 (TriS), EF418623 (TriR4), EF418624 (TriR2), EF418625 (TriR3), EF418626 and EF418627 (TriR5), EF418628 and EF418629 (TriR6) and EF418630 (TriR7).",Mycosphaerella graminicola,Cyp51,Agricultural,plant,7,,,,AKA94187.1,GenBank,K4267 (R7),USA:Oregon,
Leroux,Pest Management Science,2007,17511023,Zymoseptoria tritici,Cyp51,Tebuconazole,I381V,7,Not determined,Environment,"Host: Wheat; Drug family: Azole; CYP51 sequences were deposited in the NCBI database under the following accession numbers: EF418622 (TriS), EF418623 (TriR4), EF418624 (TriR2), EF418625 (TriR3), EF418626 and EF418627 (TriR5), EF418628 and EF418629 (TriR6) and EF418630 (TriR7).",Mycosphaerella graminicola,Cyp51,Agricultural,plant,7,,,,AKA94187.1,GenBank,K4267 (R7),USA:Oregon,
Leroux,Pest Management Science,2007,17511023,Zymoseptoria tritici,Cyp51,Tebuconazole,Y459del,7,Not determined,Environment,"Host: Wheat; Drug family: Azole; CYP51 sequences were deposited in the NCBI database under the following accession numbers: EF418622 (TriS), EF418623 (TriR4), EF418624 (TriR2), EF418625 (TriR3), EF418626 and EF418627 (TriR5), EF418628 and EF418629 (TriR6) and EF418630 (TriR7).",Mycosphaerella graminicola,Cyp51,Agricultural,plant,7,,,,AKA94187.1,GenBank,K4267 (R7),USA:Oregon,
Leroux,Pest Management Science,2007,17511023,Zymoseptoria tritici,Cyp51,Tebuconazole,G460del,7,Not determined,Environment,"Host: Wheat; Drug family: Azole; CYP51 sequences were deposited in the NCBI database under the following accession numbers: EF418622 (TriS), EF418623 (TriR4), EF418624 (TriR2), EF418625 (TriR3), EF418626 and EF418627 (TriR5), EF418628 and EF418629 (TriR6) and EF418630 (TriR7).",Mycosphaerella graminicola,Cyp51,Agricultural,plant,7,,,,AKA94187.1,GenBank,K4267 (R7),USA:Oregon,
Leroux,Pest Management Science,2007,17511023,Zymoseptoria tritici,Cyp51,Tebuconazole,N513K,7,Not determined,Environment,"Host: Wheat; Drug family: Azole; CYP51 sequences were deposited in the NCBI database under the following accession numbers: EF418622 (TriS), EF418623 (TriR4), EF418624 (TriR2), EF418625 (TriR3), EF418626 and EF418627 (TriR5), EF418628 and EF418629 (TriR6) and EF418630 (TriR7).",Mycosphaerella graminicola,Cyp51,Agricultural,plant,7,,,,AKA94187.1,GenBank,K4267 (R7),USA:Oregon,
Leroux,Pest Management Science,2007,17511023,Zymoseptoria tritici,Cyp51,Carbendazim,Y459del,7,5 _g/mL (EC50),Environment,"Host: Wheat; Drug family: Methyl benzimidazole carbamates (MBCs); CYP51 sequences were deposited in the NCBI database under the following accession numbers: EF418622 (TriS), EF418623 (TriR4), EF418624 (TriR2), EF418625 (TriR3), EF418626 and EF418627 (TriR5), EF418628 and EF418629 (TriR6) and EF418630 (TriR7).",Mycosphaerella graminicola,Cyp51,Agricultural,plant,7,,,,AKA94187.1,GenBank,04-XT3 (R4),USA:Oregon,
Leroux,Pest Management Science,2007,17511023,Zymoseptoria tritici,Cyp51,Carbendazim,G460del,7,5 _g/mL (EC50),Environment,"Host: Wheat; Drug family: Methyl benzimidazole carbamates (MBCs); CYP51 sequences were deposited in the NCBI database under the following accession numbers: EF418622 (TriS), EF418623 (TriR4), EF418624 (TriR2), EF418625 (TriR3), EF418626 and EF418627 (TriR5), EF418628 and EF418629 (TriR6) and EF418630 (TriR7).",Mycosphaerella graminicola,Cyp51,Agricultural,plant,7,,,,AKA94187.1,GenBank,04-XT3 (R4),USA:Oregon,
Leroux,Pest Management Science,2007,17511023,Zymoseptoria tritici,Cyp51,Carbendazim,G510C,7,5 _g/mL (EC50),Environment,"Host: Wheat; Drug family: Methyl benzimidazole carbamates (MBCs); CYP51 sequences were deposited in the NCBI database under the following accession numbers: EF418622 (TriS), EF418623 (TriR4), EF418624 (TriR2), EF418625 (TriR3), EF418626 and EF418627 (TriR5), EF418628 and EF418629 (TriR6) and EF418630 (TriR7).",Mycosphaerella graminicola,Cyp51,Agricultural,plant,7,,,,AKA94187.1,GenBank,04-XT3 (R4),USA:Oregon,
Leroux,Pest Management Science,2007,17511023,Zymoseptoria tritici,Cyp51,Carbendazim,N513K,7,5 _g/mL (EC50),Environment,"Host: Wheat; Drug family: Methyl benzimidazole carbamates (MBCs); CYP51 sequences were deposited in the NCBI database under the following accession numbers: EF418622 (TriS), EF418623 (TriR4), EF418624 (TriR2), EF418625 (TriR3), EF418626 and EF418627 (TriR5), EF418628 and EF418629 (TriR6) and EF418630 (TriR7).",Mycosphaerella graminicola,Cyp51,Agricultural,plant,7,,,,AKA94187.1,GenBank,04-XT3 (R4),USA:Oregon,
Schmitz,Pest Management Science,2014,23589453,Phakopsora pachyrhizi,Cyp51,Cyproconazole,Y131F,7,1.4 _g/mL (ED50),Environment,Host: Soybean; Drug family: Azole; Protein: eburicol 14 alpha demethylase,,Cyp51,Agricultural,plant,7,,,,KAI8452430.1,GenBank,Not indicated,Brazil: Mate Grosso,
Schmitz,Pest Management Science,2014,23589453,Phakopsora pachyrhizi,Cyp51,Cyproconazole,I475T,7,1.4 _g/mL (ED50),Environment,Host: Soybean; Drug family: Azole; Protein: eburicol 14 alpha demethylase,,Cyp51,Agricultural,plant,7,,,,KAI8452430.1,GenBank,Not indicated,Brazil: Mate Grosso,
Schmitz,Pest Management Science,2014,23589453,Phakopsora pachyrhizi,Cyp51,Epoxiconazole,Y131F,7,1.4 _g/mL (ED50),Environment,Host: Soybean; Drug family: Azole; Protein: eburicol 14 alpha demethylase,,Cyp51,Agricultural,plant,7,,,,KAI8452430.1,GenBank,Not indicated,Brazil: Mate Grosso,
Schmitz,Pest Management Science,2014,23589453,Phakopsora pachyrhizi,Cyp51,Epoxiconazole,I475T,7,1.4 _g/mL (ED50),Environment,Host: Soybean; Drug family: Azole; Protein: eburicol 14 alpha demethylase,,Cyp51,Agricultural,plant,7,,,,KAI8452430.1,GenBank,Not indicated,Brazil: Mate Grosso,
Schmitz,Pest Management Science,2014,23589453,Phakopsora pachyrhizi,Cyp51,Metconazole,Y131F,7,1.4 _g/mL (ED50),Environment,Host: Soybean; Drug family: Azole; Protein: eburicol 14 alpha demethylase,,Cyp51,Agricultural,plant,7,,,,KAI8452430.1,GenBank,Not indicated,Brazil: Mate Grosso,
Schmitz,Pest Management Science,2014,23589453,Phakopsora pachyrhizi,Cyp51,Metconazole,I475T,7,1.4 _g/mL (ED50),Environment,Host: Soybean; Drug family: Azole; Protein: eburicol 14 alpha demethylase,,Cyp51,Agricultural,plant,7,,,,KAI8452430.1,GenBank,Not indicated,Brazil: Mate Grosso,
Schmitz,Pest Management Science,2014,23589453,Phakopsora pachyrhizi,Cyp51,Tebuconazole,Y131F,7,1.4 _g/mL (ED50),Environment,Host: Soybean; Drug family: Azole; Protein: eburicol 14 alpha demethylase,,Cyp51,Agricultural,plant,7,,,,KAI8452430.1,GenBank,Not indicated,Brazil: Mate Grosso,
Schmitz,Pest Management Science,2014,23589453,Phakopsora pachyrhizi,Cyp51,Tebuconazole,I475T,7,1.4 _g/mL (ED50),Environment,Host: Soybean; Drug family: Azole; Protein: eburicol 14 alpha demethylase,,Cyp51,Agricultural,plant,7,,,,KAI8452430.1,GenBank,Not indicated,Brazil: Mate Grosso,
Schmitz,Pest Management Science,2014,23589453,Phakopsora pachyrhizi,Cyp51,Cyproconazole,Y131F,7,3 _g/mL (ED50),Environment,Host: Soybean; Drug family: Azole; Protein: eburicol 14 alpha demethylase,,Cyp51,Agricultural,plant,7,,,,KAI8452430.1,GenBank,Not indicated,Brazil: Mate Grosso,
Schmitz,Pest Management Science,2014,23589453,Phakopsora pachyrhizi,Cyp51,Cyproconazole,K142R,7,3 _g/mL (ED50),Environment,Host: Soybean; Drug family: Azole; Protein: eburicol 14 alpha demethylase,,Cyp51,Agricultural,plant,7,,,,KAI8452430.1,GenBank,Not indicated,Brazil: Mate Grosso,
Schmitz,Pest Management Science,2014,23589453,Phakopsora pachyrhizi,Cyp51,Epoxiconazole,Y131F,7,3 _g/mL (ED50),Environment,Host: Soybean; Drug family: Azole; Protein: eburicol 14 alpha demethylase,,Cyp51,Agricultural,plant,7,,,,KAI8452430.1,GenBank,Not indicated,Brazil: Mate Grosso,
Schmitz,Pest Management Science,2014,23589453,Phakopsora pachyrhizi,Cyp51,Epoxiconazole,K142R,7,3 _g/mL (ED50),Environment,Host: Soybean; Drug family: Azole; Protein: eburicol 14 alpha demethylase,,Cyp51,Agricultural,plant,7,,,,KAI8452430.1,GenBank,Not indicated,Brazil: Mate Grosso,
Schmitz,Pest Management Science,2014,23589453,Phakopsora pachyrhizi,Cyp51,Metconazole,Y131F,7,3 _g/mL (ED50),Environment,Host: Soybean; Drug family: Azole; Protein: eburicol 14 alpha demethylase,,Cyp51,Agricultural,plant,7,,,,KAI8452430.1,GenBank,Not indicated,Brazil: Mate Grosso,
Schmitz,Pest Management Science,2014,23589453,Phakopsora pachyrhizi,Cyp51,Metconazole,K142R,7,3 _g/mL (ED50),Environment,Host: Soybean; Drug family: Azole; Protein: eburicol 14 alpha demethylase,,Cyp51,Agricultural,plant,7,,,,KAI8452430.1,GenBank,Not indicated,Brazil: Mate Grosso,
Schmitz,Pest Management Science,2014,23589453,Phakopsora pachyrhizi,Cyp51,Tebuconazole,Y131F,7,3 _g/mL (ED50),Environment,Host: Soybean; Drug family: Azole; Protein: eburicol 14 alpha demethylase,,Cyp51,Agricultural,plant,7,,,,KAI8452430.1,GenBank,Not indicated,Brazil: Mate Grosso,
Schmitz,Pest Management Science,2014,23589453,Phakopsora pachyrhizi,Cyp51,Tebuconazole,K142R,7,3 _g/mL (ED50),Environment,Host: Soybean; Drug family: Azole; Protein: eburicol 14 alpha demethylase,,Cyp51,Agricultural,plant,7,,,,KAI8452430.1,GenBank,Not indicated,Brazil: Mate Grosso,
Schmitz,Pest Management Science,2014,23589453,Phakopsora pachyrhizi,Cyp51,Cyproconazole,Y131H,7,0.06-10 _g/mL (ED50),Environment,Host: Soybean; Drug family: Azole; Protein: eburicol 14 alpha demethylase,,Cyp51,Agricultural,plant,7,,,,KAI8452430.1,GenBank,Not indicated,Brazil: Mate Grosso,
Schmitz,Pest Management Science,2014,23589453,Phakopsora pachyrhizi,Cyp51,Cyproconazole,F120L,7,0.06-10 _g/mL (ED50),Environment,Host: Soybean; Drug family: Azole; Protein: eburicol 14 alpha demethylase,,Cyp51,Agricultural,plant,7,,,,KAI8452430.1,GenBank,Not indicated,Brazil: Mate Grosso,
Schmitz,Pest Management Science,2014,23589453,Phakopsora pachyrhizi,Cyp51,Epoxiconazole,Y131H,7,0.06-10 _g/mL (ED50),Environment,Host: Soybean; Drug family: Azole; Protein: eburicol 14 alpha demethylase,,Cyp51,Agricultural,plant,7,,,,KAI8452430.1,GenBank,Not indicated,Brazil: Mate Grosso,
Schmitz,Pest Management Science,2014,23589453,Phakopsora pachyrhizi,Cyp51,Epoxiconazole,F120L,7,0.06-10 _g/mL (ED50),Environment,Host: Soybean; Drug family: Azole; Protein: eburicol 14 alpha demethylase,,Cyp51,Agricultural,plant,7,,,,KAI8452430.1,GenBank,Not indicated,Brazil: Mate Grosso,
Schmitz,Pest Management Science,2014,23589453,Phakopsora pachyrhizi,Cyp51,Metconazole,Y131H,7,0.06-10 _g/mL (ED50),Environment,Host: Soybean; Drug family: Azole; Protein: eburicol 14 alpha demethylase,,Cyp51,Agricultural,plant,7,,,,KAI8452430.1,GenBank,Not indicated,Brazil: Mate Grosso,
Schmitz,Pest Management Science,2014,23589453,Phakopsora pachyrhizi,Cyp51,Metconazole,F120L,7,0.06-10 _g/mL (ED50),Environment,Host: Soybean; Drug family: Azole; Protein: eburicol 14 alpha demethylase,,Cyp51,Agricultural,plant,7,,,,KAI8452430.1,GenBank,Not indicated,Brazil: Mate Grosso,
Schmitz,Pest Management Science,2014,23589453,Phakopsora pachyrhizi,Cyp51,Tebuconazole,Y131H,7,0.06-10 _g/mL (ED50),Environment,Host: Soybean; Drug family: Azole; Protein: eburicol 14 alpha demethylase,,Cyp51,Agricultural,plant,7,,,,KAI8452430.1,GenBank,Not indicated,Brazil: Mate Grosso,
Schmitz,Pest Management Science,2014,23589453,Phakopsora pachyrhizi,Cyp51,Tebuconazole,F120L,7,0.06-10 _g/mL (ED50),Environment,Host: Soybean; Drug family: Azole; Protein: eburicol 14 alpha demethylase,,Cyp51,Agricultural,plant,7,,,,KAI8452430.1,GenBank,Not indicated,Brazil: Mate Grosso,
Omrane,Environmental Microbiology,2015,25627815,Zymoseptoria tritici,Mfs1,Trifloxystrobin,519bpinsertion,1,Not determined,Environment,"Host: Wheat; Drug family: Quinone-outside inhibitor; 80-fold more expressed in resistant strains. Multidrug resistance, some of the fungicides were used just to mesaure the genes' expression. Other fungicides tested: terbinafine, bixafen, tebuconazole, pyrifenox, triflumizole, metconazole and azoxystrobin.",Mycosphaerella graminicola,Mfs1,Agricultural,plant,1,,,,AKA94187.1,GenBank,09-ASA-3a pz 3a.pz (MDR6),USA:Oregon,
Omrane,Environmental Microbiology,2015,25627815,Zymoseptoria tritici,Cyp51,Trifloxystrobin,I381V,1,Not determined,Environment,"Host: Wheat; Drug family: Quinone-outside inhibitor; 80-fold more expressed in resistant strains. Multidrug resistance, some of the fungicides were used just to mesaure the genes' expression. Other fungicides tested: terbinafine, bixafen, tebuconazole, pyrifenox, triflumizole, metconazole and azoxystrobin.",Mycosphaerella graminicola,Cyp51,Agricultural,plant,1,,,,AKA94187.1,GenBank,09-ASA-3a pz 3a.pz (MDR6),USA:Oregon,
Omrane,Environmental Microbiology,2015,25627815,Zymoseptoria tritici,Cyp51,Trifloxystrobin,Y459del,1,Not determined,Environment,"Host: Wheat; Drug family: Quinone-outside inhibitor; 80-fold more expressed in resistant strains. Multidrug resistance, some of the fungicides were used just to mesaure the genes' expression. Other fungicides tested: terbinafine, bixafen, tebuconazole, pyrifenox, triflumizole, metconazole and azoxystrobin.",Mycosphaerella graminicola,Cyp51,Agricultural,plant,1,,,,AKA94187.1,GenBank,09-ASA-3a pz 3a.pz (MDR6),USA:Oregon,
Omrane,Environmental Microbiology,2015,25627815,Zymoseptoria tritici,Mfs1,Prochloraz,519bpinsertion,1,Not determined,Environment,"Host: Wheat; Drug family: Azole; 80-fold more expressed in resistant strains. Multidrug resistance, some of the fungicides were used just to mesaure the genes' expression. Other fungicides tested: terbinafine, bixafen, tebuconazole, pyrifenox, triflumizole, metconazole and azoxystrobin.",Mycosphaerella graminicola,Mfs1,Agricultural,plant,1,,,,AKA94187.1,GenBank,09-ASA-3a pz 3a.pz (MDR6),USA:Oregon,
Omrane,Environmental Microbiology,2015,25627815,Zymoseptoria tritici,Cyp51,Prochloraz,I381V,1,Not determined,Environment,"Host: Wheat; Drug family: Azole; 80-fold more expressed in resistant strains. Multidrug resistance, some of the fungicides were used just to mesaure the genes' expression. Other fungicides tested: terbinafine, bixafen, tebuconazole, pyrifenox, triflumizole, metconazole and azoxystrobin.",Mycosphaerella graminicola,Cyp51,Agricultural,plant,1,,,,AKA94187.1,GenBank,09-ASA-3a pz 3a.pz (MDR6),USA:Oregon,
Omrane,Environmental Microbiology,2015,25627815,Zymoseptoria tritici,Cyp51,Prochloraz,Y459del,1,Not determined,Environment,"Host: Wheat; Drug family: Azole; 80-fold more expressed in resistant strains. Multidrug resistance, some of the fungicides were used just to mesaure the genes' expression. Other fungicides tested: terbinafine, bixafen, tebuconazole, pyrifenox, triflumizole, metconazole and azoxystrobin.",Mycosphaerella graminicola,Cyp51,Agricultural,plant,1,,,,AKA94187.1,GenBank,09-ASA-3a pz 3a.pz (MDR6),USA:Oregon,
Omrane,Environmental Microbiology,2015,25627815,Zymoseptoria tritici,Mfs1,Tolnaftate,519bpinsertion,1,0.155 _g/mL (EC50),Environment,"Host: Wheat; Drug family: Squalene epoxidase inhibitors; 80-fold more expressed in resistant strains. Multidrug resistance, some of the fungicides were used just to mesaure the genes' expression. Other fungicides tested: terbinafine, bixafen, tebuconazole, pyrifenox, triflumizole, metconazole and azoxystrobin.",Mycosphaerella graminicola,Mfs1,Clinical,plant,1,,,,AKA94187.1,GenBank,09-ASA-3a pz 3a.pz (MDR6),USA:Oregon,
Omrane,Environmental Microbiology,2015,25627815,Zymoseptoria tritici,Cyp51,Tolnaftate,I381V,1,0.155 _g/mL (EC50),Environment,"Host: Wheat; Drug family: Squalene epoxidase inhibitors; 80-fold more expressed in resistant strains. Multidrug resistance, some of the fungicides were used just to mesaure the genes' expression. Other fungicides tested: terbinafine, bixafen, tebuconazole, pyrifenox, triflumizole, metconazole and azoxystrobin.",Mycosphaerella graminicola,Cyp51,Clinical,plant,1,,,,AKA94187.1,GenBank,09-ASA-3a pz 3a.pz (MDR6),USA:Oregon,
Omrane,Environmental Microbiology,2015,25627815,Zymoseptoria tritici,Cyp51,Tolnaftate,Y459del,1,0.155 _g/mL (EC50),Environment,"Host: Wheat; Drug family: Squalene epoxidase inhibitors; 80-fold more expressed in resistant strains. Multidrug resistance, some of the fungicides were used just to mesaure the genes' expression. Other fungicides tested: terbinafine, bixafen, tebuconazole, pyrifenox, triflumizole, metconazole and azoxystrobin.",Mycosphaerella graminicola,Cyp51,Clinical,plant,1,,,,AKA94187.1,GenBank,09-ASA-3a pz 3a.pz (MDR6),USA:Oregon,
Omrane,Environmental Microbiology,2015,25627815,Zymoseptoria tritici,Mfs1,Epoxiconazole,519bpinsertion,1,0.357 _g/mL (EC50),Environment,"Host: Wheat; Drug family: Azole; 80-fold more expressed in resistant strains. Multidrug resistance, some of the fungicides were used just to mesaure the genes' expression. Other fungicides tested: terbinafine, bixafen, tebuconazole, pyrifenox, triflumizole, metconazole and azoxystrobin.",Mycosphaerella graminicola,Mfs1,Agricultural,plant,1,,,,AKA94187.1,GenBank,09-ASA-3a pz 3a.pz (MDR6),USA:Oregon,
Omrane,Environmental Microbiology,2015,25627815,Zymoseptoria tritici,Cyp51,Epoxiconazole,I381V,1,0.357 _g/mL (EC50),Environment,"Host: Wheat; Drug family: Azole; 80-fold more expressed in resistant strains. Multidrug resistance, some of the fungicides were used just to mesaure the genes' expression. Other fungicides tested: terbinafine, bixafen, tebuconazole, pyrifenox, triflumizole, metconazole and azoxystrobin.",Mycosphaerella graminicola,Cyp51,Agricultural,plant,1,,,,AKA94187.1,GenBank,09-ASA-3a pz 3a.pz (MDR6),USA:Oregon,
Omrane,Environmental Microbiology,2015,25627815,Zymoseptoria tritici,Cyp51,Epoxiconazole,Y459del,1,0.357 _g/mL (EC50),Environment,"Host: Wheat; Drug family: Azole; 80-fold more expressed in resistant strains. Multidrug resistance, some of the fungicides were used just to mesaure the genes' expression. Other fungicides tested: terbinafine, bixafen, tebuconazole, pyrifenox, triflumizole, metconazole and azoxystrobin.",Mycosphaerella graminicola,Cyp51,Agricultural,plant,1,,,,AKA94187.1,GenBank,09-ASA-3a pz 3a.pz (MDR6),USA:Oregon,
Omrane,Environmental Microbiology,2015,25627815,Zymoseptoria tritici,Mfs1,Boscalid,519bpinsertion,1,1.07 _g/mL (EC50),Environment,"Host: Wheat; Drug family: SDHI (succinate dehydrogenase inhibitor); 80-fold more expressed in resistant strains. Multidrug resistance, some of the fungicides were used just to mesaure the genes' expression. Other fungicides tested: terbinafine, bixafen, tebuconazole, pyrifenox, triflumizole, metconazole and azoxystrobin.",Mycosphaerella graminicola,Mfs1,Agricultural,plant,1,,,,AKA94187.1,GenBank,09-ASA-3a pz 3a.pz (MDR6),USA:Oregon,
Omrane,Environmental Microbiology,2015,25627815,Zymoseptoria tritici,Cyp51,Boscalid,I381V,1,1.07 _g/mL (EC50),Environment,"Host: Wheat; Drug family: SDHI (succinate dehydrogenase inhibitor); 80-fold more expressed in resistant strains. Multidrug resistance, some of the fungicides were used just to mesaure the genes' expression. Other fungicides tested: terbinafine, bixafen, tebuconazole, pyrifenox, triflumizole, metconazole and azoxystrobin.",Mycosphaerella graminicola,Cyp51,Agricultural,plant,1,,,,AKA94187.1,GenBank,09-ASA-3a pz 3a.pz (MDR6),USA:Oregon,
Omrane,Environmental Microbiology,2015,25627815,Zymoseptoria tritici,Cyp51,Boscalid,Y459del,1,1.07 _g/mL (EC50),Environment,"Host: Wheat; Drug family: SDHI (succinate dehydrogenase inhibitor); 80-fold more expressed in resistant strains. Multidrug resistance, some of the fungicides were used just to mesaure the genes' expression. Other fungicides tested: terbinafine, bixafen, tebuconazole, pyrifenox, triflumizole, metconazole and azoxystrobin.",Mycosphaerella graminicola,Cyp51,Agricultural,plant,1,,,,AKA94187.1,GenBank,09-ASA-3a pz 3a.pz (MDR6),USA:Oregon,
Omrane,Environmental Microbiology,2015,25627815,Zymoseptoria tritici,Mfs1,Trifloxystrobin,519bpinsertion,7,Not determined,Environment,"Host: Wheat; Drug family: Quinone-outside inhibitor; 80-fold more expressed in resistant strains. Multidrug resistance, some of the fungicides were used just to mesaure the genes' expression. Other fungicides tested: terbinafine, bixafen, tebuconazole, pyrifenox, triflumizole, metconazole and azoxystrobin.",Mycosphaerella graminicola,Mfs1,Agricultural,plant,7,,,,AKA94187.1,GenBank,09-CB1 (MDR7),USA:Oregon,
Omrane,Environmental Microbiology,2015,25627815,Zymoseptoria tritici,Cyp51,Trifloxystrobin,I381V,7,Not determined,Environment,"Host: Wheat; Drug family: Quinone-outside inhibitor; 80-fold more expressed in resistant strains. Multidrug resistance, some of the fungicides were used just to mesaure the genes' expression. Other fungicides tested: terbinafine, bixafen, tebuconazole, pyrifenox, triflumizole, metconazole and azoxystrobin.",Mycosphaerella graminicola,Cyp51,Agricultural,plant,7,,,,AKA94187.1,GenBank,09-CB1 (MDR7),USA:Oregon,
Omrane,Environmental Microbiology,2015,25627815,Zymoseptoria tritici,Cyp51,Trifloxystrobin,Y459del,7,Not determined,Environment,"Host: Wheat; Drug family: Quinone-outside inhibitor; 80-fold more expressed in resistant strains. Multidrug resistance, some of the fungicides were used just to mesaure the genes' expression. Other fungicides tested: terbinafine, bixafen, tebuconazole, pyrifenox, triflumizole, metconazole and azoxystrobin.",Mycosphaerella graminicola,Cyp51,Agricultural,plant,7,,,,AKA94187.1,GenBank,09-CB1 (MDR7),USA:Oregon,
Omrane,Environmental Microbiology,2015,25627815,Zymoseptoria tritici,Cyp51,Trifloxystrobin,G460del,7,Not determined,Environment,"Host: Wheat; Drug family: Quinone-outside inhibitor; 80-fold more expressed in resistant strains. Multidrug resistance, some of the fungicides were used just to mesaure the genes' expression. Other fungicides tested: terbinafine, bixafen, tebuconazole, pyrifenox, triflumizole, metconazole and azoxystrobin.",Mycosphaerella graminicola,Cyp51,Agricultural,plant,7,,,,AKA94187.1,GenBank,09-CB1 (MDR7),USA:Oregon,
Omrane,Environmental Microbiology,2015,25627815,Zymoseptoria tritici,Mfs1,Prochloraz,519bpinsertion,7,Not determined,Environment,"Host: Wheat; Drug family: Azole; 80-fold more expressed in resistant strains. Multidrug resistance, some of the fungicides were used just to mesaure the genes' expression. Other fungicides tested: terbinafine, bixafen, tebuconazole, pyrifenox, triflumizole, metconazole and azoxystrobin.",Mycosphaerella graminicola,Mfs1,Agricultural,plant,7,,,,AKA94187.1,GenBank,09-CB1 (MDR7),USA:Oregon,
Omrane,Environmental Microbiology,2015,25627815,Zymoseptoria tritici,Cyp51,Prochloraz,I381V,7,Not determined,Environment,"Host: Wheat; Drug family: Azole; 80-fold more expressed in resistant strains. Multidrug resistance, some of the fungicides were used just to mesaure the genes' expression. Other fungicides tested: terbinafine, bixafen, tebuconazole, pyrifenox, triflumizole, metconazole and azoxystrobin.",Mycosphaerella graminicola,Cyp51,Agricultural,plant,7,,,,AKA94187.1,GenBank,09-CB1 (MDR7),USA:Oregon,
Omrane,Environmental Microbiology,2015,25627815,Zymoseptoria tritici,Cyp51,Prochloraz,Y459del,7,Not determined,Environment,"Host: Wheat; Drug family: Azole; 80-fold more expressed in resistant strains. Multidrug resistance, some of the fungicides were used just to mesaure the genes' expression. Other fungicides tested: terbinafine, bixafen, tebuconazole, pyrifenox, triflumizole, metconazole and azoxystrobin.",Mycosphaerella graminicola,Cyp51,Agricultural,plant,7,,,,AKA94187.1,GenBank,09-CB1 (MDR7),USA:Oregon,
Omrane,Environmental Microbiology,2015,25627815,Zymoseptoria tritici,Cyp51,Prochloraz,G460del,7,Not determined,Environment,"Host: Wheat; Drug family: Azole; 80-fold more expressed in resistant strains. Multidrug resistance, some of the fungicides were used just to mesaure the genes' expression. Other fungicides tested: terbinafine, bixafen, tebuconazole, pyrifenox, triflumizole, metconazole and azoxystrobin.",Mycosphaerella graminicola,Cyp51,Agricultural,plant,7,,,,AKA94187.1,GenBank,09-CB1 (MDR7),USA:Oregon,
Sun,Pest Management Science,2017,27415408,Rhizoctonia cerealis,SdhD,Thifluzamide,H116Y,4,0.69 _g/mL (EC50),Lab,Host: Cereals; Drug family: SDHI (succinate dehydrogenase inhibitor); EC50 = effective concentration that results in 50% mycelial growth inhibition,,SdhD,Agricultural,plant,4,,,,ANG58743.1,GenBank,R1404-T8,"China,Nanjing,Jiangsu",wheat
Sun,Pest Management Science,2017,27415408,Rhizoctonia cerealis,SdhD,Thifluzamide,L129I,4,0.69 _g/mL (EC50),Lab,Host: Cereals; Drug family: SDHI (succinate dehydrogenase inhibitor); EC50 = effective concentration that results in 50% mycelial growth inhibition,,SdhD,Agricultural,plant,4,,,,ANG58743.1,GenBank,R1404-T8,"China,Nanjing,Jiangsu",wheat
Sun,Pest Management Science,2017,27415408,Rhizoctonia cerealis,SdhD,Boscalid,H116Y,4,0.39 _g/mL (EC50),Lab,Host: Cereals; Drug family: SDHI (succinate dehydrogenase inhibitor); EC50 = effective concentration that results in 50% mycelial growth inhibition,,SdhD,Agricultural,plant,4,,,,ANG58743.1,GenBank,R1404-T8,"China,Nanjing,Jiangsu",wheat
Sun,Pest Management Science,2017,27415408,Rhizoctonia cerealis,SdhD,Boscalid,L129I,4,0.39 _g/mL (EC50),Lab,Host: Cereals; Drug family: SDHI (succinate dehydrogenase inhibitor); EC50 = effective concentration that results in 50% mycelial growth inhibition,,SdhD,Agricultural,plant,4,,,,ANG58743.1,GenBank,R1404-T8,"China,Nanjing,Jiangsu",wheat
Sun,Pest Management Science,2017,27415408,Rhizoctonia cerealis,SdhD,Bixafen,H116Y,4,0.35 _g/mL (EC50),Lab,Host: Cereals; Drug family: SDHI (succinate dehydrogenase inhibitor); EC50 = effective concentration that results in 50% mycelial growth inhibition,,SdhD,Agricultural,plant,4,,,,ANG58743.1,GenBank,R1404-T8,"China,Nanjing,Jiangsu",wheat
Sun,Pest Management Science,2017,27415408,Rhizoctonia cerealis,SdhD,Bixafen,L129I,4,0.35 _g/mL (EC50),Lab,Host: Cereals; Drug family: SDHI (succinate dehydrogenase inhibitor); EC50 = effective concentration that results in 50% mycelial growth inhibition,,SdhD,Agricultural,plant,4,,,,ANG58743.1,GenBank,R1404-T8,"China,Nanjing,Jiangsu",wheat
Sun,Pest Management Science,2017,27415408,Rhizoctonia cerealis,SdhD,Penflufen,H116Y,4,0.087 _g/mL (EC50),Lab,Host: Cereals; Drug family: SDHI (succinate dehydrogenase inhibitor); EC50 = effective concentration that results in 50% mycelial growth inhibition,,SdhD,Agricultural,plant,4,,,,ANG58743.1,GenBank,R1404-T8,"China,Nanjing,Jiangsu",wheat
Sun,Pest Management Science,2017,27415408,Rhizoctonia cerealis,SdhD,Penflufen,L129I,4,0.087 _g/mL (EC50),Lab,Host: Cereals; Drug family: SDHI (succinate dehydrogenase inhibitor); EC50 = effective concentration that results in 50% mycelial growth inhibition,,SdhD,Agricultural,plant,4,,,,ANG58743.1,GenBank,R1404-T8,"China,Nanjing,Jiangsu",wheat
Sun,Pest Management Science,2017,27415408,Rhizoctonia cerealis,SdhD,Thifluzamide,H116D,4,0.98 _g/mL (EC50),Lab,Host: Cereals; Drug family: SDHI (succinate dehydrogenase inhibitor); EC50 = effective concentration that results in 50% mycelial growth inhibition,,SdhD,Agricultural,plant,4,,,,ANG58743.1,GenBank,R1410-T5,"China,Nanjing,Jiangsu",wheat
Sun,Pest Management Science,2017,27415408,Rhizoctonia cerealis,SdhD,Thifluzamide,H118Y,4,0.98 _g/mL (EC50),Lab,Host: Cereals; Drug family: SDHI (succinate dehydrogenase inhibitor); EC50 = effective concentration that results in 50% mycelial growth inhibition,,SdhD,Agricultural,plant,4,,,,ANG58743.1,GenBank,R1410-T5,"China,Nanjing,Jiangsu",wheat
Sun,Pest Management Science,2017,27415408,Rhizoctonia cerealis,SdhD,Boscalid,H116D,4,0.24 _g/mL (EC50),Lab,Host: Cereals; Drug family: SDHI (succinate dehydrogenase inhibitor); EC50 = effective concentration that results in 50% mycelial growth inhibition,,SdhD,Agricultural,plant,4,,,,ANG58743.1,GenBank,R1410-T5,"China,Nanjing,Jiangsu",wheat
Sun,Pest Management Science,2017,27415408,Rhizoctonia cerealis,SdhD,Boscalid,H118Y,4,0.24 _g/mL (EC50),Lab,Host: Cereals; Drug family: SDHI (succinate dehydrogenase inhibitor); EC50 = effective concentration that results in 50% mycelial growth inhibition,,SdhD,Agricultural,plant,4,,,,ANG58743.1,GenBank,R1410-T5,"China,Nanjing,Jiangsu",wheat
Sun,Pest Management Science,2017,27415408,Rhizoctonia cerealis,SdhD,Bixafen,H116D,4,0.28 _g/mL (EC50),Lab,Host: Cereals; Drug family: SDHI (succinate dehydrogenase inhibitor); EC50 = effective concentration that results in 50% mycelial growth inhibition,,SdhD,Agricultural,plant,4,,,,ANG58743.1,GenBank,R1410-T5,"China,Nanjing,Jiangsu",wheat
Sun,Pest Management Science,2017,27415408,Rhizoctonia cerealis,SdhD,Bixafen,H118Y,4,0.28 _g/mL (EC50),Lab,Host: Cereals; Drug family: SDHI (succinate dehydrogenase inhibitor); EC50 = effective concentration that results in 50% mycelial growth inhibition,,SdhD,Agricultural,plant,4,,,,ANG58743.1,GenBank,R1410-T5,"China,Nanjing,Jiangsu",wheat
Sun,Pest Management Science,2017,27415408,Rhizoctonia cerealis,SdhD,Penflufen,H116D,4,0.049 _g/mL (EC50),Lab,Host: Cereals; Drug family: SDHI (succinate dehydrogenase inhibitor); EC50 = effective concentration that results in 50% mycelial growth inhibition,,SdhD,Agricultural,plant,4,,,,ANG58743.1,GenBank,R1410-T5,"China,Nanjing,Jiangsu",wheat
Sun,Pest Management Science,2017,27415408,Rhizoctonia cerealis,SdhD,Penflufen,H118Y,4,0.049 _g/mL (EC50),Lab,Host: Cereals; Drug family: SDHI (succinate dehydrogenase inhibitor); EC50 = effective concentration that results in 50% mycelial growth inhibition,,SdhD,Agricultural,plant,4,,,,ANG58743.1,GenBank,R1410-T5,"China,Nanjing,Jiangsu",wheat
Jimenez-Ortigosa,Case Reports,2017,28923871,Aspergillus fumigatus,Fks1,Micafungin,S53G,8,2 _g/mL,Clinical,Host: Human; Drug family: Echinocandin; ,,Fks,Clinical,human&animal,8,,,,OXN27958.1,Genbak,24053B,Canada: Montreal,Homo sapiens
Jimenez-Ortigosa,Case Reports,2017,28923871,Aspergillus fumigatus,Fks1,Micafungin,F675S,8,2 _g/mL,Clinical,Host: Human; Drug family: Echinocandin; ,,Fks,Clinical,human&animal,8,,,,OXN27958.1,Genbak,24053B,Canada: Montreal,Homo sapiens
Jimenez-Ortigosa,Case Reports,2017,28923871,Aspergillus fumigatus,Fks1,Caspofungin,S53G,8,2 _g/mL,Clinical,Host: Human; Drug family: Echinocandin; ,,Fks,Clinical,human&animal,8,,,,OXN27958.1,Genbak,24053B,Canada: Montreal,Homo sapiens
Jimenez-Ortigosa,Case Reports,2017,28923871,Aspergillus fumigatus,Fks1,Caspofungin,F675S,8,2 _g/mL,Clinical,Host: Human; Drug family: Echinocandin; ,,Fks,Clinical,human&animal,8,,,,OXN27958.1,Genbak,24053B,Canada: Montreal,Homo sapiens
Young,Pest Management Science,2018,28960782,Zymoseptoria tritici,Cyp51,Strobilurin,L50S,2,Not determined,Lab,Host: Wheat; Drug family: Quinone-outside inhibitor; ,Mycosphaerella graminicola,Cyp51,Agricultural,plant,2,,,,AKA94187.1,GenBank,FRA-6,USA:Oregon,
Young,Pest Management Science,2018,28960782,Zymoseptoria tritici,Cyp51,Strobilurin,I381V,2,Not determined,Lab,Host: Wheat; Drug family: Quinone-outside inhibitor; ,Mycosphaerella graminicola,Cyp51,Agricultural,plant,2,,,,AKA94187.1,GenBank,FRA-6,USA:Oregon,
Young,Pest Management Science,2018,28960782,Zymoseptoria tritici,Cyp51,Strobilurin,Y459S,2,Not determined,Lab,Host: Wheat; Drug family: Quinone-outside inhibitor; ,Mycosphaerella graminicola,Cyp51,Agricultural,plant,2,,,,AKA94187.1,GenBank,FRA-6,USA:Oregon,
Young,Pest Management Science,2018,28960782,Zymoseptoria tritici,Cyp51,Carbendazim,L50S,2,>5 _g/mL (EC50),Lab,Host: Wheat; Drug family: Methyl benzimidazole carbamates (MBCs); ,Mycosphaerella graminicola,Cyp51,Agricultural,plant,2,,,,AKA94187.1,GenBank,FRA-6,USA:Oregon,
Young,Pest Management Science,2018,28960782,Zymoseptoria tritici,Cyp51,Carbendazim,I381V,2,>5 _g/mL (EC50),Lab,Host: Wheat; Drug family: Methyl benzimidazole carbamates (MBCs); ,Mycosphaerella graminicola,Cyp51,Agricultural,plant,2,,,,AKA94187.1,GenBank,FRA-6,USA:Oregon,
Young,Pest Management Science,2018,28960782,Zymoseptoria tritici,Cyp51,Carbendazim,Y459S,2,>5 _g/mL (EC50),Lab,Host: Wheat; Drug family: Methyl benzimidazole carbamates (MBCs); ,Mycosphaerella graminicola,Cyp51,Agricultural,plant,2,,,,AKA94187.1,GenBank,FRA-6,USA:Oregon,
Young,Pest Management Science,2018,28960782,Zymoseptoria tritici,Cyp51,Strobilurin,L50S,2,Not determined,Lab,Host: Wheat; Drug family: Quinone-outside inhibitor; ,Mycosphaerella graminicola,Cyp51,Agricultural,plant,2,,,,AKA94187.1,GenBank,GBR22,USA:Oregon,
Young,Pest Management Science,2018,28960782,Zymoseptoria tritici,Cyp51,Strobilurin,I381V,2,Not determined,Lab,Host: Wheat; Drug family: Quinone-outside inhibitor; ,Mycosphaerella graminicola,Cyp51,Agricultural,plant,2,,,,AKA94187.1,GenBank,GBR22,USA:Oregon,
Young,Pest Management Science,2018,28960782,Zymoseptoria tritici,Cyp51,Strobilurin,Y459D,2,Not determined,Lab,Host: Wheat; Drug family: Quinone-outside inhibitor; ,Mycosphaerella graminicola,Cyp51,Agricultural,plant,2,,,,AKA94187.1,GenBank,GBR22,USA:Oregon,
Young,Pest Management Science,2018,28960782,Zymoseptoria tritici,Cyp51,Carbendazim,L50S,2,>5 _g/mL (EC50),Lab,Host: Wheat; Drug family: Methyl benzimidazole carbamates (MBCs); ,Mycosphaerella graminicola,Cyp51,Agricultural,plant,2,,,,AKA94187.1,GenBank,GBR22,USA:Oregon,
Young,Pest Management Science,2018,28960782,Zymoseptoria tritici,Cyp51,Carbendazim,I381V,2,>5 _g/mL (EC50),Lab,Host: Wheat; Drug family: Methyl benzimidazole carbamates (MBCs); ,Mycosphaerella graminicola,Cyp51,Agricultural,plant,2,,,,AKA94187.1,GenBank,GBR22,USA:Oregon,
Young,Pest Management Science,2018,28960782,Zymoseptoria tritici,Cyp51,Carbendazim,Y459D,2,>5 _g/mL (EC50),Lab,Host: Wheat; Drug family: Methyl benzimidazole carbamates (MBCs); ,Mycosphaerella graminicola,Cyp51,Agricultural,plant,2,,,,AKA94187.1,GenBank,GBR22,USA:Oregon,
Chen,Phytopathology,2018,29792573,Colletotrichum truncatum,Cyp51A,Tebuconazole,L208Y,7,62.4 _g/mL (EC50),Environment,Host: Wide Range; Drug family: Azole; ,,Cyp51,Agricultural,plant,7,,,,UYB01010.1,GenBank,CtRR13_1,Brazil,soybean
Chen,Phytopathology,2018,29792573,Colletotrichum truncatum,Cyp51A,Tebuconazole,H238R,7,62.4 _g/mL (EC50),Environment,Host: Wide Range; Drug family: Azole; ,,Cyp51,Agricultural,plant,7,,,,UYB01010.1,GenBank,CtRR13_1,Brazil,soybean
Chen,Phytopathology,2018,29792573,Colletotrichum truncatum,Cyp51A,Tebuconazole,S302A,7,62.4 _g/mL (EC50),Environment,Host: Wide Range; Drug family: Azole; ,,Cyp51,Agricultural,plant,7,,,,UYB01010.1,GenBank,CtRR13_1,Brazil,soybean
Chen,Phytopathology,2018,29792573,Colletotrichum truncatum,Cyp51A,Tebuconazole,I366L,7,62.4 _g/mL (EC50),Environment,Host: Wide Range; Drug family: Azole; ,,Cyp51,Agricultural,plant,7,,,,UYB01010.1,GenBank,CtRR13_1,Brazil,soybean
Chen,Phytopathology,2018,29792573,Colletotrichum truncatum,Cyp51B,Tebuconazole,H373N,7,62.4 _g/mL (EC50),Environment,Host: Wide Range; Drug family: Azole; ,,Cyp51,Agricultural,plant,7,,,,UYB01010.1,GenBank,CtRR13_1,Brazil,soybean
Chen,Phytopathology,2018,29792573,Colletotrichum truncatum,Cyp51B,Tebuconazole,M376L,7,62.4 _g/mL (EC50),Environment,Host: Wide Range; Drug family: Azole; ,,Cyp51,Agricultural,plant,7,,,,UYB01010.1,GenBank,CtRR13_1,Brazil,soybean
Chen,Phytopathology,2018,29792573,Colletotrichum truncatum,Cyp51B,Tebuconazole,S511T,7,62.4 _g/mL (EC50),Environment,Host: Wide Range; Drug family: Azole; ,,Cyp51,Agricultural,plant,7,,,,UYB01010.1,GenBank,CtRR13_1,Brazil,soybean
Chen,Phytopathology,2018,29792573,Colletotrichum truncatum,Cyp51A,Flutriafol,L208Y,7,>50 _g/mL (EC50),Environment,Host: Wide Range; Drug family: Azole; ,,Cyp51,Agricultural,plant,7,,,,UYB01010.1,GenBank,CtRR13_1,Brazil,soybean
Chen,Phytopathology,2018,29792573,Colletotrichum truncatum,Cyp51A,Flutriafol,H238R,7,>50 _g/mL (EC50),Environment,Host: Wide Range; Drug family: Azole; ,,Cyp51,Agricultural,plant,7,,,,UYB01010.1,GenBank,CtRR13_1,Brazil,soybean
Chen,Phytopathology,2018,29792573,Colletotrichum truncatum,Cyp51A,Flutriafol,S302A,7,>50 _g/mL (EC50),Environment,Host: Wide Range; Drug family: Azole; ,,Cyp51,Agricultural,plant,7,,,,UYB01010.1,GenBank,CtRR13_1,Brazil,soybean
Chen,Phytopathology,2018,29792573,Colletotrichum truncatum,Cyp51A,Flutriafol,I366L,7,>50 _g/mL (EC50),Environment,Host: Wide Range; Drug family: Azole; ,,Cyp51,Agricultural,plant,7,,,,UYB01010.1,GenBank,CtRR13_1,Brazil,soybean
Chen,Phytopathology,2018,29792573,Colletotrichum truncatum,Cyp51B,Flutriafol,H373N,7,>50 _g/mL (EC50),Environment,Host: Wide Range; Drug family: Azole; ,,Cyp51,Agricultural,plant,7,,,,UYB01010.1,GenBank,CtRR13_1,Brazil,soybean
Chen,Phytopathology,2018,29792573,Colletotrichum truncatum,Cyp51B,Flutriafol,M376L,7,>50 _g/mL (EC50),Environment,Host: Wide Range; Drug family: Azole; ,,Cyp51,Agricultural,plant,7,,,,UYB01010.1,GenBank,CtRR13_1,Brazil,soybean
Chen,Phytopathology,2018,29792573,Colletotrichum truncatum,Cyp51B,Flutriafol,S511T,7,>50 _g/mL (EC50),Environment,Host: Wide Range; Drug family: Azole; ,,Cyp51,Agricultural,plant,7,,,,UYB01010.1,GenBank,CtRR13_1,Brazil,soybean
Chen,Phytopathology,2018,29792573,Colletotrichum truncatum,Cyp51A,Fenbuconazole,L208Y,7,>50 _g/mL (EC50),Environment,Host: Wide Range; Drug family: Azole; ,,Cyp51,Agricultural,plant,7,,,,UYB01010.1,GenBank,CtRR13_1,Brazil,soybean
Chen,Phytopathology,2018,29792573,Colletotrichum truncatum,Cyp51A,Fenbuconazole,H238R,7,>50 _g/mL (EC50),Environment,Host: Wide Range; Drug family: Azole; ,,Cyp51,Agricultural,plant,7,,,,UYB01010.1,GenBank,CtRR13_1,Brazil,soybean
Chen,Phytopathology,2018,29792573,Colletotrichum truncatum,Cyp51A,Fenbuconazole,S302A,7,>50 _g/mL (EC50),Environment,Host: Wide Range; Drug family: Azole; ,,Cyp51,Agricultural,plant,7,,,,UYB01010.1,GenBank,CtRR13_1,Brazil,soybean
Chen,Phytopathology,2018,29792573,Colletotrichum truncatum,Cyp51A,Fenbuconazole,I366L,7,>50 _g/mL (EC50),Environment,Host: Wide Range; Drug family: Azole; ,,Cyp51,Agricultural,plant,7,,,,UYB01010.1,GenBank,CtRR13_1,Brazil,soybean
Chen,Phytopathology,2018,29792573,Colletotrichum truncatum,Cyp51B,Fenbuconazole,H373N,7,>50 _g/mL (EC50),Environment,Host: Wide Range; Drug family: Azole; ,,Cyp51,Agricultural,plant,7,,,,UYB01010.1,GenBank,CtRR13_1,Brazil,soybean
Chen,Phytopathology,2018,29792573,Colletotrichum truncatum,Cyp51B,Fenbuconazole,M376L,7,>50 _g/mL (EC50),Environment,Host: Wide Range; Drug family: Azole; ,,Cyp51,Agricultural,plant,7,,,,UYB01010.1,GenBank,CtRR13_1,Brazil,soybean
Chen,Phytopathology,2018,29792573,Colletotrichum truncatum,Cyp51B,Fenbuconazole,S511T,7,>50 _g/mL (EC50),Environment,Host: Wide Range; Drug family: Azole; ,,Cyp51,Agricultural,plant,7,,,,UYB01010.1,GenBank,CtRR13_1,Brazil,soybean
McDonald,Applied and Environmental Microbiology,2019,30530713,Zymoseptoria tritici,Cyp51,Tebuconazole,L50S,7,0.7 _g/mL (EC50),Environment,Host: Wheat; Drug family: Azole; With isolates genome sequencing,Mycosphaerella graminicola,Cyp51,Agricultural,plant,7,,,,AKA94187.1,GenBank,B7,USA:Oregon,
McDonald,Applied and Environmental Microbiology,2019,30530713,Zymoseptoria tritici,Cyp51,Tebuconazole,S188N,7,0.7 _g/mL (EC50),Environment,Host: Wheat; Drug family: Azole; With isolates genome sequencing,Mycosphaerella graminicola,Cyp51,Agricultural,plant,7,,,,AKA94187.1,GenBank,B7,USA:Oregon,
McDonald,Applied and Environmental Microbiology,2019,30530713,Zymoseptoria tritici,Cyp51,Tebuconazole,L50S,7,2.25 _g/mL (EC50),Environment,Host: Wheat; Drug family: Azole; With isolates genome sequencing,Mycosphaerella graminicola,Cyp51,Agricultural,plant,7,,,,AKA94187.1,GenBank,C22,USA:Oregon,
McDonald,Applied and Environmental Microbiology,2019,30530713,Zymoseptoria tritici,Cyp51,Tebuconazole,S188N,7,2.25 _g/mL (EC50),Environment,Host: Wheat; Drug family: Azole; With isolates genome sequencing,Mycosphaerella graminicola,Cyp51,Agricultural,plant,7,,,,AKA94187.1,GenBank,C22,USA:Oregon,
McDonald,Applied and Environmental Microbiology,2019,30530713,Zymoseptoria tritici,Cyp51,Tebuconazole,Y461S,7,2.25 _g/mL (EC50),Environment,Host: Wheat; Drug family: Azole; With isolates genome sequencing,Mycosphaerella graminicola,Cyp51,Agricultural,plant,7,,,,AKA94187.1,GenBank,C22,USA:Oregon,
McDonald,Applied and Environmental Microbiology,2019,30530713,Zymoseptoria tritici,Cyp51,Epoxiconazole,L50S,7,1.3 _g/mL (EC50),Environment,Host: Wheat; Drug family: Azole; With isolates genome sequencing,Mycosphaerella graminicola,Cyp51,Agricultural,plant,7,,,,AKA94187.1,GenBank,C22,USA:Oregon,
McDonald,Applied and Environmental Microbiology,2019,30530713,Zymoseptoria tritici,Cyp51,Epoxiconazole,S188N,7,1.3 _g/mL (EC50),Environment,Host: Wheat; Drug family: Azole; With isolates genome sequencing,Mycosphaerella graminicola,Cyp51,Agricultural,plant,7,,,,AKA94187.1,GenBank,C22,USA:Oregon,
McDonald,Applied and Environmental Microbiology,2019,30530713,Zymoseptoria tritici,Cyp51,Epoxiconazole,Y461S,7,1.3 _g/mL (EC50),Environment,Host: Wheat; Drug family: Azole; With isolates genome sequencing,Mycosphaerella graminicola,Cyp51,Agricultural,plant,7,,,,AKA94187.1,GenBank,C22,USA:Oregon,
McDonald,Applied and Environmental Microbiology,2019,30530713,Zymoseptoria tritici,Cyp51,Tebuconazole,L50S,7,1.3 _g/mL (EC50),Environment,Host: Wheat; Drug family: Azole; With isolates genome sequencing,Mycosphaerella graminicola,Cyp51,Agricultural,plant,2,,,,AKA94187.1,GenBank,B8,USA:Oregon,
McDonald,Applied and Environmental Microbiology,2019,30530713,Zymoseptoria tritici,Cyp51,Tebuconazole,Y461S,7,1.3 _g/mL (EC50),Environment,Host: Wheat; Drug family: Azole; With isolates genome sequencing,Mycosphaerella graminicola,Cyp51,Agricultural,plant,2,,,,AKA94187.1,GenBank,B8,USA:Oregon,
McDonald,Applied and Environmental Microbiology,2019,30530713,Zymoseptoria tritici,Cyp51,Epoxiconazole,L50S,7,0.3 _g/mL (EC50),Environment,Host: Wheat; Drug family: Azole; With isolates genome sequencing,Mycosphaerella graminicola,Cyp51,Agricultural,plant,2,,,,AKA94187.1,GenBank,B8,USA:Oregon,
McDonald,Applied and Environmental Microbiology,2019,30530713,Zymoseptoria tritici,Cyp51,Epoxiconazole,Y461S,7,0.3 _g/mL (EC50),Environment,Host: Wheat; Drug family: Azole; With isolates genome sequencing,Mycosphaerella graminicola,Cyp51,Agricultural,plant,2,,,,AKA94187.1,GenBank,B8,USA:Oregon,
Chechi,Pesticide Biochemistry and Physiology,2019,31378355,Colletotrichum siamense,Cytb,Azoxystrobin,G143A,7,>100 _g/mL (EC50),Environment,Host: Fruit trees; Drug family: Quinone-outside inhibitor; beta tubulin 2: partial gene,,Cytochrome b,Agricultural,plant,7,,,,AKC42429.1,GenBank,IL_AO2,USA,Peach
Chechi,Pesticide Biochemistry and Physiology,2019,31378355,Colletotrichum siamense,Beta-tubulin 2,Azoxystrobin,E198A,7,>100 _g/mL (EC50),Environment,Host: Fruit trees; Drug family: Quinone-outside inhibitor; beta tubulin 2: partial gene,,Beta-tubulin,Agricultural,plant,7,,,,AKC42429.1,GenBank,IL_AO2,USA,Peach
Chechi,Pesticide Biochemistry and Physiology,2019,31378355,Colletotrichum siamense,Cytb,Thiophanate-methyl,G143A,7,>100 _g/mL (EC50),Environment,Host: Fruit trees; Drug family: Methyl benzimidazole carbamates (MBCs); beta tubulin 2: partial gene,,Cytochrome b,Agricultural,plant,7,,,,AKC42429.1,GenBank,IL_AO2,USA,Peach
Chechi,Pesticide Biochemistry and Physiology,2019,31378355,Colletotrichum siamense,Beta-tubulin 2,Thiophanate-methyl,E198A,7,>100 _g/mL (EC50),Environment,Host: Fruit trees; Drug family: Methyl benzimidazole carbamates (MBCs); beta tubulin 2: partial gene,,Beta-tubulin,Agricultural,plant,7,,,,AKC42429.1,GenBank,IL_AO2,USA,Peach
Wei,Plant Disease,2020,31951509,Colletotrichum gloeosporioides,Cyp51A,Tebuconazole,V18F,7,0.76 _g/mL (EC50),Environment,"Host: Tropical fruits; Drug family: Azole; Cross-resistance was also tested with: difenoconazole, propiconazole, prochloraz,  fluazinam,  azoxystrobin and fludioxonil",Glomerella cingulata,Cyp51,Agricultural,plant,7,,,,WDE41094.1,GenBank,YC18,China,soybean
Wei,Plant Disease,2020,31951509,Colletotrichum gloeosporioides,Cyp51A,Tebuconazole,L58V,7,0.76 _g/mL (EC50),Environment,"Host: Tropical fruits; Drug family: Azole; Cross-resistance was also tested with: difenoconazole, propiconazole, prochloraz,  fluazinam,  azoxystrobin and fludioxonil",Glomerella cingulata,Cyp51,Agricultural,plant,7,,,,WDE41094.1,GenBank,YC18,China,soybean
Wei,Plant Disease,2020,31951509,Colletotrichum gloeosporioides,Cyp51A,Tebuconazole,S175P,7,0.76 _g/mL (EC50),Environment,"Host: Tropical fruits; Drug family: Azole; Cross-resistance was also tested with: difenoconazole, propiconazole, prochloraz,  fluazinam,  azoxystrobin and fludioxonil",Glomerella cingulata,Cyp51,Agricultural,plant,7,,,,WDE41094.1,GenBank,YC18,China,soybean
Wei,Plant Disease,2020,31951509,Colletotrichum gloeosporioides,Cyp51A,Tebuconazole,P341A,7,0.76 _g/mL (EC50),Environment,"Host: Tropical fruits; Drug family: Azole; Cross-resistance was also tested with: difenoconazole, propiconazole, prochloraz,  fluazinam,  azoxystrobin and fludioxonil",Glomerella cingulata,Cyp51,Agricultural,plant,7,,,,WDE41094.1,GenBank,YC18,China,soybean
Wei,Plant Disease,2020,31951509,Colletotrichum gloeosporioides,Cyp51A,Tebuconazole,L58V,7,0.77 _g/mL (EC50),Environment,"Host: Tropical fruits; Drug family: Azole; Cross-resistance was also tested with: difenoconazole, propiconazole, prochloraz,  fluazinam,  azoxystrobin and fludioxonil",Glomerella cingulata,Cyp51,Agricultural,plant,7,,,,WDE41094.1,GenBank,YC56,China,soybean
Wei,Plant Disease,2020,31951509,Colletotrichum gloeosporioides,Cyp51A,Tebuconazole,S175P,7,0.77 _g/mL (EC50),Environment,"Host: Tropical fruits; Drug family: Azole; Cross-resistance was also tested with: difenoconazole, propiconazole, prochloraz,  fluazinam,  azoxystrobin and fludioxonil",Glomerella cingulata,Cyp51,Agricultural,plant,7,,,,WDE41094.1,GenBank,YC56,China,soybean
Wei,Plant Disease,2020,31951509,Colletotrichum gloeosporioides,Cyp51A,Tebuconazole,A340S,7,0.77 _g/mL (EC50),Environment,"Host: Tropical fruits; Drug family: Azole; Cross-resistance was also tested with: difenoconazole, propiconazole, prochloraz,  fluazinam,  azoxystrobin and fludioxonil",Glomerella cingulata,Cyp51,Agricultural,plant,7,,,,WDE41094.1,GenBank,YC56,China,soybean
Wei,Plant Disease,2020,31951509,Colletotrichum gloeosporioides,Cyp51A,Tebuconazole,T379A,7,0.77 _g/mL (EC50),Environment,"Host: Tropical fruits; Drug family: Azole; Cross-resistance was also tested with: difenoconazole, propiconazole, prochloraz,  fluazinam,  azoxystrobin and fludioxonil",Glomerella cingulata,Cyp51,Agricultural,plant,7,,,,WDE41094.1,GenBank,YC56,China,soybean
Wei,Plant Disease,2020,31951509,Colletotrichum gloeosporioides,Cyp51A,Tebuconazole,N476T,7,0.77 _g/mL (EC50),Environment,"Host: Tropical fruits; Drug family: Azole; Cross-resistance was also tested with: difenoconazole, propiconazole, prochloraz,  fluazinam,  azoxystrobin and fludioxonil",Glomerella cingulata,Cyp51,Agricultural,plant,7,,,,WDE41094.1,GenBank,YC56,China,soybean
Wei,Plant Disease,2020,31951509,Colletotrichum gloeosporioides,Cyp51B,Tebuconazole,D121N,7,0.77 _g/mL (EC50),Environment,"Host: Tropical fruits; Drug family: Azole; Cross-resistance was also tested with: difenoconazole, propiconazole, prochloraz,  fluazinam,  azoxystrobin and fludioxonil",Glomerella cingulata,Cyp51,Agricultural,plant,7,,,,WDE41094.1,GenBank,YC56,China,soybean
Wei,Plant Disease,2020,31951509,Colletotrichum gloeosporioides,Cyp51B,Tebuconazole,T132A,7,0.77 _g/mL (EC50),Environment,"Host: Tropical fruits; Drug family: Azole; Cross-resistance was also tested with: difenoconazole, propiconazole, prochloraz,  fluazinam,  azoxystrobin and fludioxonil",Glomerella cingulata,Cyp51,Agricultural,plant,7,,,,WDE41094.1,GenBank,YC56,China,soybean
Wei,Plant Disease,2020,31951509,Colletotrichum gloeosporioides,Cyp51B,Tebuconazole,F391Y,7,0.77 _g/mL (EC50),Environment,"Host: Tropical fruits; Drug family: Azole; Cross-resistance was also tested with: difenoconazole, propiconazole, prochloraz,  fluazinam,  azoxystrobin and fludioxonil",Glomerella cingulata,Cyp51,Agricultural,plant,7,,,,WDE41094.1,GenBank,YC56,China,soybean
Wei,Plant Disease,2020,31951509,Colletotrichum gloeosporioides,Cyp51A,Tebuconazole,L58V,7,1.42 _g/mL (EC50),Environment,"Host: Tropical fruits; Drug family: Azole; Cross-resistance was also tested with: difenoconazole, propiconazole, prochloraz,  fluazinam,  azoxystrobin and fludioxonil",Glomerella cingulata,Cyp51,Agricultural,plant,7,,,,WDE41094.1,GenBank,YC61,China,soybean
Wei,Plant Disease,2020,31951509,Colletotrichum gloeosporioides,Cyp51A,Tebuconazole,S175P,7,1.42 _g/mL (EC50),Environment,"Host: Tropical fruits; Drug family: Azole; Cross-resistance was also tested with: difenoconazole, propiconazole, prochloraz,  fluazinam,  azoxystrobin and fludioxonil",Glomerella cingulata,Cyp51,Agricultural,plant,7,,,,WDE41094.1,GenBank,YC61,China,soybean
Wei,Plant Disease,2020,31951509,Colletotrichum gloeosporioides,Cyp51B,Tebuconazole,T262A,7,1.42 _g/mL (EC50),Environment,"Host: Tropical fruits; Drug family: Azole; Cross-resistance was also tested with: difenoconazole, propiconazole, prochloraz,  fluazinam,  azoxystrobin and fludioxonil",Glomerella cingulata,Cyp51,Agricultural,plant,7,,,,WDE41094.1,GenBank,YC61,China,soybean
Chechi,Pesticide Biochemistry and Physiology,2019,31378355,Colletotrichum siamense,Cytb,Azoxystrobin,G143A,7,>100 _g/mL (EC50),Environment,Host: Fruit trees; Drug family: Quinone-outside inhibitor; beta tubulin 2: partial gene,,Cytochrome b,Agricultural,plant,7,,,,AXL97629.1,GenBank,IL_AO2,India,Capsicum annum
Chechi,Pesticide Biochemistry and Physiology,2019,31378355,Colletotrichum siamense,Beta-tubulin 2,Azoxystrobin,E198A,7,>100 _g/mL (EC50),Environment,Host: Fruit trees; Drug family: Quinone-outside inhibitor; beta tubulin 2: partial gene,,Beta-tubulin,Agricultural,plant,7,,,,AXL97629.1,GenBank,IL_AO2,India,Capsicum annum
Chechi,Pesticide Biochemistry and Physiology,2019,31378355,Colletotrichum siamense,Cytb,Thiophanate-methyl,G143A,7,>100 _g/mL (EC50),Environment,Host: Fruit trees; Drug family: Methyl benzimidazole carbamates (MBCs); beta tubulin 2: partial gene,,Cytochrome b,Agricultural,plant,7,,,,AXL97629.1,GenBank,IL_AO2,India,Capsicum annuum
Chechi,Pesticide Biochemistry and Physiology,2019,31378355,Colletotrichum siamense,Beta-tubulin 2,Thiophanate-methyl,E198A,7,>100 _g/mL (EC50),Environment,Host: Fruit trees; Drug family: Methyl benzimidazole carbamates (MBCs); beta tubulin 2: partial gene,,Beta-tubulin,Agricultural,plant,7,,,,AXL97629.1,GenBank,IL_AO2,India,Capsicum annuum
Wei,Plant Disease,2020,31951509,Colletotrichum gloeosporioides,Cyp51A,Tebuconazole,V18F,7,0.76 _g/mL (EC50),Environment,"Host: Tropical fruits; Drug family: Azole; Cross-resistance was also tested with: difenoconazole, propiconazole, prochloraz,  fluazinam,  azoxystrobin and fludioxonil",Glomerella cingulata,Cyp51,Agricultural,plant,7,,,,WDE41095.1,GenBank,YC18,China,soybean
Wei,Plant Disease,2020,31951509,Colletotrichum gloeosporioides,Cyp51A,Tebuconazole,L58V,7,0.76 _g/mL (EC50),Environment,"Host: Tropical fruits; Drug family: Azole; Cross-resistance was also tested with: difenoconazole, propiconazole, prochloraz,  fluazinam,  azoxystrobin and fludioxonil",Glomerella cingulata,Cyp51,Agricultural,plant,7,,,,WDE41095.1,GenBank,YC18,China,soybean
Wei,Plant Disease,2020,31951509,Colletotrichum gloeosporioides,Cyp51A,Tebuconazole,S175P,7,0.76 _g/mL (EC50),Environment,"Host: Tropical fruits; Drug family: Azole; Cross-resistance was also tested with: difenoconazole, propiconazole, prochloraz,  fluazinam,  azoxystrobin and fludioxonil",Glomerella cingulata,Cyp51,Agricultural,plant,7,,,,WDE41095.1,GenBank,YC18,China,soybean
Wei,Plant Disease,2020,31951509,Colletotrichum gloeosporioides,Cyp51A,Tebuconazole,P341A,7,0.76 _g/mL (EC50),Environment,"Host: Tropical fruits; Drug family: Azole; Cross-resistance was also tested with: difenoconazole, propiconazole, prochloraz,  fluazinam,  azoxystrobin and fludioxonil",Glomerella cingulata,Cyp51,Agricultural,plant,7,,,,WDE41095.1,GenBank,YC18,China,soybean
Wei,Plant Disease,2020,31951509,Colletotrichum gloeosporioides,Cyp51A,Tebuconazole,L58V,7,0.77 _g/mL (EC50),Environment,"Host: Tropical fruits; Drug family: Azole; Cross-resistance was also tested with: difenoconazole, propiconazole, prochloraz,  fluazinam,  azoxystrobin and fludioxonil",Glomerella cingulata,Cyp51,Agricultural,plant,7,,,,WDE41095.1,GenBank,YC56,China,soybean
Wei,Plant Disease,2020,31951509,Colletotrichum gloeosporioides,Cyp51A,Tebuconazole,S175P,7,0.77 _g/mL (EC50),Environment,"Host: Tropical fruits; Drug family: Azole; Cross-resistance was also tested with: difenoconazole, propiconazole, prochloraz,  fluazinam,  azoxystrobin and fludioxonil",Glomerella cingulata,Cyp51,Agricultural,plant,7,,,,WDE41095.1,GenBank,YC56,China,soybean
Wei,Plant Disease,2020,31951509,Colletotrichum gloeosporioides,Cyp51A,Tebuconazole,A340S,7,0.77 _g/mL (EC50),Environment,"Host: Tropical fruits; Drug family: Azole; Cross-resistance was also tested with: difenoconazole, propiconazole, prochloraz,  fluazinam,  azoxystrobin and fludioxonil",Glomerella cingulata,Cyp51,Agricultural,plant,7,,,,WDE41095.1,GenBank,YC56,China,soybean
Wei,Plant Disease,2020,31951509,Colletotrichum gloeosporioides,Cyp51A,Tebuconazole,T379A,7,0.77 _g/mL (EC50),Environment,"Host: Tropical fruits; Drug family: Azole; Cross-resistance was also tested with: difenoconazole, propiconazole, prochloraz,  fluazinam,  azoxystrobin and fludioxonil",Glomerella cingulata,Cyp51,Agricultural,plant,7,,,,WDE41095.1,GenBank,YC56,China,soybean
Wei,Plant Disease,2020,31951509,Colletotrichum gloeosporioides,Cyp51A,Tebuconazole,N476T,7,0.77 _g/mL (EC50),Environment,"Host: Tropical fruits; Drug family: Azole; Cross-resistance was also tested with: difenoconazole, propiconazole, prochloraz,  fluazinam,  azoxystrobin and fludioxonil",Glomerella cingulata,Cyp51,Agricultural,plant,7,,,,WDE41095.1,GenBank,YC56,China,soybean
Wei,Plant Disease,2020,31951509,Colletotrichum gloeosporioides,Cyp51B,Tebuconazole,D121N,7,0.77 _g/mL (EC50),Environment,"Host: Tropical fruits; Drug family: Azole; Cross-resistance was also tested with: difenoconazole, propiconazole, prochloraz,  fluazinam,  azoxystrobin and fludioxonil",Glomerella cingulata,Cyp51,Agricultural,plant,7,,,,WDE41095.1,GenBank,YC56,China,soybean
Wei,Plant Disease,2020,31951509,Colletotrichum gloeosporioides,Cyp51B,Tebuconazole,T132A,7,0.77 _g/mL (EC50),Environment,"Host: Tropical fruits; Drug family: Azole; Cross-resistance was also tested with: difenoconazole, propiconazole, prochloraz,  fluazinam,  azoxystrobin and fludioxonil",Glomerella cingulata,Cyp51,Agricultural,plant,7,,,,WDE41095.1,GenBank,YC56,China,soybean
Wei,Plant Disease,2020,31951509,Colletotrichum gloeosporioides,Cyp51B,Tebuconazole,F391Y,7,0.77 _g/mL (EC50),Environment,"Host: Tropical fruits; Drug family: Azole; Cross-resistance was also tested with: difenoconazole, propiconazole, prochloraz,  fluazinam,  azoxystrobin and fludioxonil",Glomerella cingulata,Cyp51,Agricultural,plant,7,,,,WDE41095.1,GenBank,YC56,China,soybean
Wei,Plant Disease,2020,31951509,Colletotrichum gloeosporioides,Cyp51A,Tebuconazole,L58V,7,1.42 _g/mL (EC50),Environment,"Host: Tropical fruits; Drug family: Azole; Cross-resistance was also tested with: difenoconazole, propiconazole, prochloraz,  fluazinam,  azoxystrobin and fludioxonil",Glomerella cingulata,Cyp51,Agricultural,plant,7,,,,WDE41095.1,GenBank,YC61,China,soybean
Wei,Plant Disease,2020,31951509,Colletotrichum gloeosporioides,Cyp51B,Tebuconazole,S175P,7,1.42 _g/mL (EC50),Environment,"Host: Tropical fruits; Drug family: Azole; Cross-resistance was also tested with: difenoconazole, propiconazole, prochloraz,  fluazinam,  azoxystrobin and fludioxonil",Glomerella cingulata,Cyp51,Agricultural,plant,7,,,,WDE41095.1,GenBank,YC61,China,soybean
Wei,Plant Disease,2020,31951509,Colletotrichum gloeosporioides,Cyp51B,Tebuconazole,T262A,7,1.42 _g/mL (EC50),Environment,"Host: Tropical fruits; Drug family: Azole; Cross-resistance was also tested with: difenoconazole, propiconazole, prochloraz,  fluazinam,  azoxystrobin and fludioxonil",Glomerella cingulata,Cyp51,Agricultural,plant,7,,,,WDE41095.1,GenBank,YC61,China,soybean
Wang,Pest Management Science,2020,32569396,Colletotrichum gloeosporioides,Cyp51A,Difenoconazole,L58V,-1,0.4 _g/mL (EC50),Environment,Host: Tropical fruits; Drug family: Azole; Sensitive,Glomerella cingulata,Cyp51,Agricultural,plant,,-1,,,WDE41094.1,GenBank,JS67,China,soybean
Wang,Pest Management Science,2020,32569396,Colletotrichum gloeosporioides,Cyp51A,Difenoconazole,S175P,-1,0.4 _g/mL (EC50),Environment,Host: Tropical fruits; Drug family: Azole; Sensitive,Glomerella cingulata,Cyp51,Agricultural,plant,,-1,,,WDE41094.1,GenBank,JS67,China,soybean
Wang,Pest Management Science,2020,32569396,Colletotrichum gloeosporioides,Cyp51A,Difenoconazole,P283S,-1,0.4 _g/mL (EC50),Environment,Host: Tropical fruits; Drug family: Azole; Sensitive,Glomerella cingulata,Cyp51,Agricultural,plant,,-1,,,WDE41094.1,GenBank,JS67,China,soybean
Wang,Pest Management Science,2020,32569396,Colletotrichum gloeosporioides,Cyp51B,Difenoconazole,T261A,-1,0.4 _g/mL (EC50),Environment,Host: Tropical fruits; Drug family: Azole; Sensitive,Glomerella cingulata,Cyp51,Agricultural,plant,,-1,,,WDE41094.1,GenBank,JS67,China,soybean
Wang,Pest Management Science,2020,32569396,Colletotrichum gloeosporioides,Cyp51A,Difenoconazole,L24V,1,0.51 _g/mL (EC50),Environment,"Host: Tropical fruits; Drug family: Azole; Also, one mutation at stop codon",Glomerella cingulata,Cyp51,Agricultural,plant,1,,,,WDE41094.1,GenBank,JS312,China,soybean
Wang,Pest Management Science,2020,32569396,Colletotrichum gloeosporioides,Cyp51A,Difenoconazole,L58V,1,0.51 _g/mL (EC50),Environment,"Host: Tropical fruits; Drug family: Azole; Also, one mutation at stop codon",Glomerella cingulata,Cyp51,Agricultural,plant,1,,,,WDE41094.1,GenBank,JS312,China,soybean
Wang,Pest Management Science,2020,32569396,Colletotrichum gloeosporioides,Cyp51A,Difenoconazole,A73V,1,0.51 _g/mL (EC50),Environment,"Host: Tropical fruits; Drug family: Azole; Also, one mutation at stop codon",Glomerella cingulata,Cyp51,Agricultural,plant,1,,,,WDE41094.1,GenBank,JS312,China,soybean
Wang,Pest Management Science,2020,32569396,Colletotrichum gloeosporioides,Cyp51A,Difenoconazole,I94L,1,0.51 _g/mL (EC50),Environment,"Host: Tropical fruits; Drug family: Azole; Also, one mutation at stop codon",Glomerella cingulata,Cyp51,Agricultural,plant,1,,,,WDE41094.1,GenBank,JS312,China,soybean
Wang,Pest Management Science,2020,32569396,Colletotrichum gloeosporioides,Cyp51A,Difenoconazole,S175P,1,0.51 _g/mL (EC50),Environment,"Host: Tropical fruits; Drug family: Azole; Also, one mutation at stop codon",Glomerella cingulata,Cyp51,Agricultural,plant,1,,,,WDE41094.1,GenBank,JS312,China,soybean
Wang,Pest Management Science,2020,32569396,Colletotrichum gloeosporioides,Cyp51A,Difenoconazole,V387I,1,0.51 _g/mL (EC50),Environment,"Host: Tropical fruits; Drug family: Azole; Also, one mutation at stop codon",Glomerella cingulata,Cyp51,Agricultural,plant,1,,,,WDE41094.1,GenBank,JS312,China,soybean
Wang,Pest Management Science,2020,32569396,Colletotrichum gloeosporioides,Cyp51A,Difenoconazole,E423K,1,0.51 _g/mL (EC50),Environment,"Host: Tropical fruits; Drug family: Azole; Also, one mutation at stop codon",Glomerella cingulata,Cyp51,Agricultural,plant,1,,,,WDE41094.1,GenBank,JS312,China,soybean
Wang,Pest Management Science,2020,32569396,Colletotrichum gloeosporioides,Cyp51B,Difenoconazole,L189M,1,0.51 _g/mL (EC50),Environment,"Host: Tropical fruits; Drug family: Azole; Also, one mutation at stop codon",Glomerella cingulata,Cyp51,Agricultural,plant,1,,,,WDE41094.1,GenBank,JS312,China,soybean
Wang,Pest Management Science,2020,32569396,Colletotrichum gloeosporioides,Cyp51B,Difenoconazole,Q359N,1,0.51 _g/mL (EC50),Environment,"Host: Tropical fruits; Drug family: Azole; Also, one mutation at stop codon",Glomerella cingulata,Cyp51,Agricultural,plant,1,,,,WDE41094.1,GenBank,JS312,China,soybean
Wang,Pest Management Science,2020,32569396,Colletotrichum gloeosporioides,Cyp51B,Difenoconazole,T397I,1,0.51 _g/mL (EC50),Environment,"Host: Tropical fruits; Drug family: Azole; Also, one mutation at stop codon",Glomerella cingulata,Cyp51,Agricultural,plant,1,,,,WDE41094.1,GenBank,JS312,China,soybean
Wang,Pest Management Science,2020,32569396,Colletotrichum gloeosporioides,Cyp51A,Propiconazole,L24V,1,1.78 _g/mL (EC50),Environment,"Host: Tropical fruits; Drug family: Azole; Also, one mutation at stop codon",Glomerella cingulata,Cyp51,Agricultural,plant,1,,,,WDE41094.1,GenBank,JS312,China,soybean
Wang,Pest Management Science,2020,32569396,Colletotrichum gloeosporioides,Cyp51A,Propiconazole,L58V,1,1.78 _g/mL (EC50),Environment,"Host: Tropical fruits; Drug family: Azole; Also, one mutation at stop codon",Glomerella cingulata,Cyp51,Agricultural,plant,1,,,,WDE41094.1,GenBank,JS312,China,soybean
Wang,Pest Management Science,2020,32569396,Colletotrichum gloeosporioides,Cyp51A,Propiconazole,A73V,1,1.78 _g/mL (EC50),Environment,"Host: Tropical fruits; Drug family: Azole; Also, one mutation at stop codon",Glomerella cingulata,Cyp51,Agricultural,plant,1,,,,WDE41094.1,GenBank,JS312,China,soybean
Wang,Pest Management Science,2020,32569396,Colletotrichum gloeosporioides,Cyp51A,Propiconazole,I94L,1,1.78 _g/mL (EC50),Environment,"Host: Tropical fruits; Drug family: Azole; Also, one mutation at stop codon",Glomerella cingulata,Cyp51,Agricultural,plant,1,,,,WDE41094.1,GenBank,JS312,China,soybean
Wang,Pest Management Science,2020,32569396,Colletotrichum gloeosporioides,Cyp51A,Propiconazole,S175P,1,1.78 _g/mL (EC50),Environment,"Host: Tropical fruits; Drug family: Azole; Also, one mutation at stop codon",Glomerella cingulata,Cyp51,Agricultural,plant,1,,,,WDE41094.1,GenBank,JS312,China,soybean
Wang,Pest Management Science,2020,32569396,Colletotrichum gloeosporioides,Cyp51A,Propiconazole,V387I,1,1.78 _g/mL (EC50),Environment,"Host: Tropical fruits; Drug family: Azole; Also, one mutation at stop codon",Glomerella cingulata,Cyp51,Agricultural,plant,1,,,,WDE41094.1,GenBank,JS312,China,soybean
Wang,Pest Management Science,2020,32569396,Colletotrichum gloeosporioides,Cyp51A,Propiconazole,E423K,1,1.78 _g/mL (EC50),Environment,"Host: Tropical fruits; Drug family: Azole; Also, one mutation at stop codon",Glomerella cingulata,Cyp51,Agricultural,plant,1,,,,WDE41094.1,GenBank,JS312,China,soybean
Wang,Pest Management Science,2020,32569396,Colletotrichum gloeosporioides,Cyp51B,Propiconazole,L189M,1,1.78 _g/mL (EC50),Environment,"Host: Tropical fruits; Drug family: Azole; Also, one mutation at stop codon",Glomerella cingulata,Cyp51,Agricultural,plant,1,,,,WDE41094.1,GenBank,JS312,China,soybean
Wang,Pest Management Science,2020,32569396,Colletotrichum gloeosporioides,Cyp51B,Propiconazole,Q359N,1,1.78 _g/mL (EC50),Environment,"Host: Tropical fruits; Drug family: Azole; Also, one mutation at stop codon",Glomerella cingulata,Cyp51,Agricultural,plant,1,,,,WDE41094.1,GenBank,JS312,China,soybean
Wang,Pest Management Science,2020,32569396,Colletotrichum gloeosporioides,Cyp51B,Propiconazole,T397I,1,1.78 _g/mL (EC50),Environment,"Host: Tropical fruits; Drug family: Azole; Also, one mutation at stop codon",Glomerella cingulata,Cyp51,Agricultural,plant,1,,,,WDE41094.1,GenBank,JS312,China,soybean
Wang,Pest Management Science,2020,32569396,Colletotrichum gloeosporioides,Cyp51A,Prochloraz,L24V,1,0.14 _g/mL (EC50),Environment,"Host: Tropical fruits; Drug family: Azole; Also, one mutation at stop codon",Glomerella cingulata,Cyp51,Agricultural,plant,1,,,,WDE41094.1,GenBank,JS312,China,soybean
Wang,Pest Management Science,2020,32569396,Colletotrichum gloeosporioides,Cyp51A,Prochloraz,L58V,1,0.14 _g/mL (EC50),Environment,"Host: Tropical fruits; Drug family: Azole; Also, one mutation at stop codon",Glomerella cingulata,Cyp51,Agricultural,plant,1,,,,WDE41094.1,GenBank,JS312,China,soybean
Wang,Pest Management Science,2020,32569396,Colletotrichum gloeosporioides,Cyp51A,Prochloraz,A73V,1,0.14 _g/mL (EC50),Environment,"Host: Tropical fruits; Drug family: Azole; Also, one mutation at stop codon",Glomerella cingulata,Cyp51,Agricultural,plant,1,,,,WDE41094.1,GenBank,JS312,China,soybean
Wang,Pest Management Science,2020,32569396,Colletotrichum gloeosporioides,Cyp51A,Prochloraz,I94L,1,0.14 _g/mL (EC50),Environment,"Host: Tropical fruits; Drug family: Azole; Also, one mutation at stop codon",Glomerella cingulata,Cyp51,Agricultural,plant,1,,,,WDE41094.1,GenBank,JS312,China,soybean
Wang,Pest Management Science,2020,32569396,Colletotrichum gloeosporioides,Cyp51A,Prochloraz,S175P,1,0.14 _g/mL (EC50),Environment,"Host: Tropical fruits; Drug family: Azole; Also, one mutation at stop codon",Glomerella cingulata,Cyp51,Agricultural,plant,1,,,,WDE41094.1,GenBank,JS312,China,soybean
Wang,Pest Management Science,2020,32569396,Colletotrichum gloeosporioides,Cyp51A,Prochloraz,V387I,1,0.14 _g/mL (EC50),Environment,"Host: Tropical fruits; Drug family: Azole; Also, one mutation at stop codon",Glomerella cingulata,Cyp51,Agricultural,plant,1,,,,WDE41094.1,GenBank,JS312,China,soybean
Wang,Pest Management Science,2020,32569396,Colletotrichum gloeosporioides,Cyp51A,Prochloraz,E423K,1,0.14 _g/mL (EC50),Environment,"Host: Tropical fruits; Drug family: Azole; Also, one mutation at stop codon",Glomerella cingulata,Cyp51,Agricultural,plant,1,,,,WDE41094.1,GenBank,JS312,China,soybean
Wang,Pest Management Science,2020,32569396,Colletotrichum gloeosporioides,Cyp51B,Prochloraz,L189M,1,0.14 _g/mL (EC50),Environment,"Host: Tropical fruits; Drug family: Azole; Also, one mutation at stop codon",Glomerella cingulata,Cyp51,Agricultural,plant,1,,,,WDE41094.1,GenBank,JS312,China,soybean
Wang,Pest Management Science,2020,32569396,Colletotrichum gloeosporioides,Cyp51B,Prochloraz,Q359N,1,0.14 _g/mL (EC50),Environment,"Host: Tropical fruits; Drug family: Azole; Also, one mutation at stop codon",Glomerella cingulata,Cyp51,Agricultural,plant,1,,,,WDE41094.1,GenBank,JS312,China,soybean
Wang,Pest Management Science,2020,32569396,Colletotrichum gloeosporioides,Cyp51B,Prochloraz,T397I,1,0.14 _g/mL (EC50),Environment,"Host: Tropical fruits; Drug family: Azole; Also, one mutation at stop codon",Glomerella cingulata,Cyp51,Agricultural,plant,1,,,,WDE41094.1,GenBank,JS312,China,soybean
Wang,Pest Management Science,2020,32569396,Colletotrichum gloeosporioides,Cyp51A,Difenoconazole,L24V,1,0.34 _g/mL (EC50),Environment,"Host: Tropical fruits; Drug family: Azole; Also, one mutation at stop codon",Glomerella cingulata,Cyp51,Agricultural,plant,1,,,,WDE41094.1,GenBank,JS43,China,soybean
Wang,Pest Management Science,2020,32569396,Colletotrichum gloeosporioides,Cyp51A,Difenoconazole,L58V,1,0.34 _g/mL (EC50),Environment,"Host: Tropical fruits; Drug family: Azole; Also, one mutation at stop codon",Glomerella cingulata,Cyp51,Agricultural,plant,1,,,,WDE41094.1,GenBank,JS43,China,soybean
Wang,Pest Management Science,2020,32569396,Colletotrichum gloeosporioides,Cyp51A,Difenoconazole,A73V,1,0.34 _g/mL (EC50),Environment,"Host: Tropical fruits; Drug family: Azole; Also, one mutation at stop codon",Glomerella cingulata,Cyp51,Agricultural,plant,1,,,,WDE41094.1,GenBank,JS43,China,soybean
Wang,Pest Management Science,2020,32569396,Colletotrichum gloeosporioides,Cyp51A,Difenoconazole,I94L,1,0.34 _g/mL (EC50),Environment,"Host: Tropical fruits; Drug family: Azole; Also, one mutation at stop codon",Glomerella cingulata,Cyp51,Agricultural,plant,1,,,,WDE41094.1,GenBank,JS43,China,soybean
Wang,Pest Management Science,2020,32569396,Colletotrichum gloeosporioides,Cyp51A,Difenoconazole,S175P,1,0.34 _g/mL (EC50),Environment,"Host: Tropical fruits; Drug family: Azole; Also, one mutation at stop codon",Glomerella cingulata,Cyp51,Agricultural,plant,1,,,,WDE41094.1,GenBank,JS43,China,soybean
Wang,Pest Management Science,2020,32569396,Colletotrichum gloeosporioides,Cyp51A,Difenoconazole,V387I,1,0.34 _g/mL (EC50),Environment,"Host: Tropical fruits; Drug family: Azole; Also, one mutation at stop codon",Glomerella cingulata,Cyp51,Agricultural,plant,1,,,,WDE41094.1,GenBank,JS43,China,soybean
Wang,Pest Management Science,2020,32569396,Colletotrichum gloeosporioides,Cyp51A,Difenoconazole,E423K,1,0.34 _g/mL (EC50),Environment,"Host: Tropical fruits; Drug family: Azole; Also, one mutation at stop codon",Glomerella cingulata,Cyp51,Agricultural,plant,1,,,,WDE41094.1,GenBank,JS43,China,soybean
Wang,Pest Management Science,2020,32569396,Colletotrichum gloeosporioides,Cyp51B,Difenoconazole,L189M,1,0.34 _g/mL (EC50),Environment,"Host: Tropical fruits; Drug family: Azole; Also, one mutation at stop codon",Glomerella cingulata,Cyp51,Agricultural,plant,1,,,,WDE41094.1,GenBank,JS43,China,soybean
Wang,Pest Management Science,2020,32569396,Colletotrichum gloeosporioides,Cyp51B,Difenoconazole,Q359N,1,0.34 _g/mL (EC50),Environment,"Host: Tropical fruits; Drug family: Azole; Also, one mutation at stop codon",Glomerella cingulata,Cyp51,Agricultural,plant,1,,,,WDE41094.1,GenBank,JS43,China,soybean
Wang,Pest Management Science,2020,32569396,Colletotrichum gloeosporioides,Cyp51B,Difenoconazole,T397I,1,0.34 _g/mL (EC50),Environment,"Host: Tropical fruits; Drug family: Azole; Also, one mutation at stop codon",Glomerella cingulata,Cyp51,Agricultural,plant,1,,,,WDE41094.1,GenBank,JS43,China,soybean
Wang,Pest Management Science,2020,32569396,Colletotrichum gloeosporioides,Cyp51A,Propiconazole,L24V,1,0.86 _g/mL (EC50),Environment,"Host: Tropical fruits; Drug family: Azole; Also, one mutation at stop codon",Glomerella cingulata,Cyp51,Agricultural,plant,1,,,,WDE41094.1,GenBank,JS43,China,soybean
Wang,Pest Management Science,2020,32569396,Colletotrichum gloeosporioides,Cyp51A,Propiconazole,L58V,1,0.86 _g/mL (EC50),Environment,"Host: Tropical fruits; Drug family: Azole; Also, one mutation at stop codon",Glomerella cingulata,Cyp51,Agricultural,plant,1,,,,WDE41094.1,GenBank,JS43,China,soybean
Wang,Pest Management Science,2020,32569396,Colletotrichum gloeosporioides,Cyp51A,Propiconazole,A73V,1,0.86 _g/mL (EC50),Environment,"Host: Tropical fruits; Drug family: Azole; Also, one mutation at stop codon",Glomerella cingulata,Cyp51,Agricultural,plant,1,,,,WDE41094.1,GenBank,JS43,China,soybean
Wang,Pest Management Science,2020,32569396,Colletotrichum gloeosporioides,Cyp51A,Propiconazole,I94L,1,0.86 _g/mL (EC50),Environment,"Host: Tropical fruits; Drug family: Azole; Also, one mutation at stop codon",Glomerella cingulata,Cyp51,Agricultural,plant,1,,,,WDE41094.1,GenBank,JS43,China,soybean
Wang,Pest Management Science,2020,32569396,Colletotrichum gloeosporioides,Cyp51A,Propiconazole,S175P,1,0.86 _g/mL (EC50),Environment,"Host: Tropical fruits; Drug family: Azole; Also, one mutation at stop codon",Glomerella cingulata,Cyp51,Agricultural,plant,1,,,,WDE41094.1,GenBank,JS43,China,soybean
Wang,Pest Management Science,2020,32569396,Colletotrichum gloeosporioides,Cyp51A,Propiconazole,V387I,1,0.86 _g/mL (EC50),Environment,"Host: Tropical fruits; Drug family: Azole; Also, one mutation at stop codon",Glomerella cingulata,Cyp51,Agricultural,plant,1,,,,WDE41094.1,GenBank,JS43,China,soybean
Wang,Pest Management Science,2020,32569396,Colletotrichum gloeosporioides,Cyp51A,Propiconazole,E423K,1,0.86 _g/mL (EC50),Environment,"Host: Tropical fruits; Drug family: Azole; Also, one mutation at stop codon",Glomerella cingulata,Cyp51,Agricultural,plant,1,,,,WDE41094.1,GenBank,JS43,China,soybean
Wang,Pest Management Science,2020,32569396,Colletotrichum gloeosporioides,Cyp51B,Propiconazole,L189M,1,0.86 _g/mL (EC50),Environment,"Host: Tropical fruits; Drug family: Azole; Also, one mutation at stop codon",Glomerella cingulata,Cyp51,Agricultural,plant,1,,,,WDE41094.1,GenBank,JS43,China,soybean
Wang,Pest Management Science,2020,32569396,Colletotrichum gloeosporioides,Cyp51B,Propiconazole,Q359N,1,0.86 _g/mL (EC50),Environment,"Host: Tropical fruits; Drug family: Azole; Also, one mutation at stop codon",Glomerella cingulata,Cyp51,Agricultural,plant,1,,,,WDE41094.1,GenBank,JS43,China,soybean
Wang,Pest Management Science,2020,32569396,Colletotrichum gloeosporioides,Cyp51B,Propiconazole,T397I,1,0.86 _g/mL (EC50),Environment,"Host: Tropical fruits; Drug family: Azole; Also, one mutation at stop codon",Glomerella cingulata,Cyp51,Agricultural,plant,1,,,,WDE41094.1,GenBank,JS43,China,soybean
Wang,Pest Management Science,2020,32569396,Colletotrichum gloeosporioides,Cyp51A,Prochloraz,L24V,1,0.11 _g/mL (EC50),Environment,"Host: Tropical fruits; Drug family: Azole; Also, one mutation at stop codon",Glomerella cingulata,Cyp51,Agricultural,plant,1,,,,WDE41094.1,GenBank,JS43,China,soybean
Wang,Pest Management Science,2020,32569396,Colletotrichum gloeosporioides,Cyp51A,Prochloraz,L58V,1,0.11 _g/mL (EC50),Environment,"Host: Tropical fruits; Drug family: Azole; Also, one mutation at stop codon",Glomerella cingulata,Cyp51,Agricultural,plant,1,,,,WDE41094.1,GenBank,JS43,China,soybean
Wang,Pest Management Science,2020,32569396,Colletotrichum gloeosporioides,Cyp51A,Prochloraz,A73V,1,0.11 _g/mL (EC50),Environment,"Host: Tropical fruits; Drug family: Azole; Also, one mutation at stop codon",Glomerella cingulata,Cyp51,Agricultural,plant,1,,,,WDE41094.1,GenBank,JS43,China,soybean
Wang,Pest Management Science,2020,32569396,Colletotrichum gloeosporioides,Cyp51A,Prochloraz,I94L,1,0.11 _g/mL (EC50),Environment,"Host: Tropical fruits; Drug family: Azole; Also, one mutation at stop codon",Glomerella cingulata,Cyp51,Agricultural,plant,1,,,,WDE41094.1,GenBank,JS43,China,soybean
Wang,Pest Management Science,2020,32569396,Colletotrichum gloeosporioides,Cyp51A,Prochloraz,S175P,1,0.11 _g/mL (EC50),Environment,"Host: Tropical fruits; Drug family: Azole; Also, one mutation at stop codon",Glomerella cingulata,Cyp51,Agricultural,plant,1,,,,WDE41094.1,GenBank,JS43,China,soybean
Wang,Pest Management Science,2020,32569396,Colletotrichum gloeosporioides,Cyp51A,Prochloraz,V387I,1,0.11 _g/mL (EC50),Environment,"Host: Tropical fruits; Drug family: Azole; Also, one mutation at stop codon",Glomerella cingulata,Cyp51,Agricultural,plant,1,,,,WDE41094.1,GenBank,JS43,China,soybean
Wang,Pest Management Science,2020,32569396,Colletotrichum gloeosporioides,Cyp51A,Prochloraz,E423K,1,0.11 _g/mL (EC50),Environment,"Host: Tropical fruits; Drug family: Azole; Also, one mutation at stop codon",Glomerella cingulata,Cyp51,Agricultural,plant,1,,,,WDE41094.1,GenBank,JS43,China,soybean
Wang,Pest Management Science,2020,32569396,Colletotrichum gloeosporioides,Cyp51B,Prochloraz,L189M,1,0.11 _g/mL (EC50),Environment,"Host: Tropical fruits; Drug family: Azole; Also, one mutation at stop codon",Glomerella cingulata,Cyp51,Agricultural,plant,1,,,,WDE41094.1,GenBank,JS43,China,soybean
Wang,Pest Management Science,2020,32569396,Colletotrichum gloeosporioides,Cyp51B,Prochloraz,Q359N,1,0.11 _g/mL (EC50),Environment,"Host: Tropical fruits; Drug family: Azole; Also, one mutation at stop codon",Glomerella cingulata,Cyp51,Agricultural,plant,1,,,,WDE41094.1,GenBank,JS43,China,soybean
Wang,Pest Management Science,2020,32569396,Colletotrichum gloeosporioides,Cyp51B,Prochloraz,T397I,1,0.11 _g/mL (EC50),Environment,"Host: Tropical fruits; Drug family: Azole; Also, one mutation at stop codon",Glomerella cingulata,Cyp51,Agricultural,plant,1,,,,WDE41094.1,GenBank,JS43,China,soybean
Wang,Pest Management Science,2020,32569396,Colletotrichum gloeosporioides,Cyp51A,Difenoconazole,P10P,1,1.15 _g/mL (EC50),Environment,"Host: Tropical fruits; Drug family: Azole; Also, one mutation at stop codon",Glomerella cingulata,Cyp51,Agricultural,plant,1,,,,WDE41094.1,GenBank,JS199,China,soybean
Wang,Pest Management Science,2020,32569396,Colletotrichum gloeosporioides,Cyp51A,Difenoconazole,L24V,1,1.15 _g/mL (EC50),Environment,"Host: Tropical fruits; Drug family: Azole; Also, one mutation at stop codon",Glomerella cingulata,Cyp51,Agricultural,plant,1,,,,WDE41094.1,GenBank,JS199,China,soybean
Wang,Pest Management Science,2020,32569396,Colletotrichum gloeosporioides,Cyp51A,Difenoconazole,L58V,1,1.15 _g/mL (EC50),Environment,"Host: Tropical fruits; Drug family: Azole; Also, one mutation at stop codon",Glomerella cingulata,Cyp51,Agricultural,plant,1,,,,WDE41094.1,GenBank,JS199,China,soybean
Wang,Pest Management Science,2020,32569396,Colletotrichum gloeosporioides,Cyp51A,Difenoconazole,A73V,1,1.15 _g/mL (EC50),Environment,"Host: Tropical fruits; Drug family: Azole; Also, one mutation at stop codon",Glomerella cingulata,Cyp51,Agricultural,plant,1,,,,WDE41094.1,GenBank,JS199,China,soybean
Wang,Pest Management Science,2020,32569396,Colletotrichum gloeosporioides,Cyp51A,Difenoconazole,I94L,1,1.15 _g/mL (EC50),Environment,"Host: Tropical fruits; Drug family: Azole; Also, one mutation at stop codon",Glomerella cingulata,Cyp51,Agricultural,plant,1,,,,WDE41094.1,GenBank,JS199,China,soybean
Wang,Pest Management Science,2020,32569396,Colletotrichum gloeosporioides,Cyp51A,Difenoconazole,S175P,1,1.15 _g/mL (EC50),Environment,"Host: Tropical fruits; Drug family: Azole; Also, one mutation at stop codon",Glomerella cingulata,Cyp51,Agricultural,plant,1,,,,WDE41094.1,GenBank,JS199,China,soybean
Wang,Pest Management Science,2020,32569396,Colletotrichum gloeosporioides,Cyp51A,Difenoconazole,V387I,1,1.15 _g/mL (EC50),Environment,"Host: Tropical fruits; Drug family: Azole; Also, one mutation at stop codon",Glomerella cingulata,Cyp51,Agricultural,plant,1,,,,WDE41094.1,GenBank,JS199,China,soybean
Wang,Pest Management Science,2020,32569396,Colletotrichum gloeosporioides,Cyp51A,Difenoconazole,E423K,1,1.15 _g/mL (EC50),Environment,"Host: Tropical fruits; Drug family: Azole; Also, one mutation at stop codon",Glomerella cingulata,Cyp51,Agricultural,plant,1,,,,WDE41094.1,GenBank,JS199,China,soybean
Wang,Pest Management Science,2020,32569396,Colletotrichum gloeosporioides,Cyp51B,Difenoconazole,L189M,1,1.15 _g/mL (EC50),Environment,"Host: Tropical fruits; Drug family: Azole; Also, one mutation at stop codon",Glomerella cingulata,Cyp51,Agricultural,plant,1,,,,WDE41094.1,GenBank,JS199,China,soybean
Wang,Pest Management Science,2020,32569396,Colletotrichum gloeosporioides,Cyp51B,Difenoconazole,Q359H,1,1.15 _g/mL (EC50),Environment,"Host: Tropical fruits; Drug family: Azole; Also, one mutation at stop codon",Glomerella cingulata,Cyp51,Agricultural,plant,1,,,,WDE41094.1,GenBank,JS199,China,soybean
Wang,Pest Management Science,2020,32569396,Colletotrichum gloeosporioides,Cyp51B,Difenoconazole,T397I,1,1.15 _g/mL (EC50),Environment,"Host: Tropical fruits; Drug family: Azole; Also, one mutation at stop codon",Glomerella cingulata,Cyp51,Agricultural,plant,1,,,,WDE41094.1,GenBank,JS199,China,soybean
Wang,Pest Management Science,2020,32569396,Colletotrichum gloeosporioides,Cyp51A,Propiconazole,P10P,1,1.10 _g/mL (EC50),Environment,"Host: Tropical fruits; Drug family: Azole; Also, one mutation at stop codon",Glomerella cingulata,Cyp51,Agricultural,plant,1,,,,WDE41094.1,GenBank,JS199,China,soybean
Wang,Pest Management Science,2020,32569396,Colletotrichum gloeosporioides,Cyp51A,Propiconazole,L24V,1,1.10 _g/mL (EC50),Environment,"Host: Tropical fruits; Drug family: Azole; Also, one mutation at stop codon",Glomerella cingulata,Cyp51,Agricultural,plant,1,,,,WDE41094.1,GenBank,JS199,China,soybean
Wang,Pest Management Science,2020,32569396,Colletotrichum gloeosporioides,Cyp51A,Propiconazole,L58V,1,1.10 _g/mL (EC50),Environment,"Host: Tropical fruits; Drug family: Azole; Also, one mutation at stop codon",Glomerella cingulata,Cyp51,Agricultural,plant,1,,,,WDE41094.1,GenBank,JS199,China,soybean
Wang,Pest Management Science,2020,32569396,Colletotrichum gloeosporioides,Cyp51A,Propiconazole,A73V,1,1.10 _g/mL (EC50),Environment,"Host: Tropical fruits; Drug family: Azole; Also, one mutation at stop codon",Glomerella cingulata,Cyp51,Agricultural,plant,1,,,,WDE41094.1,GenBank,JS199,China,soybean
Wang,Pest Management Science,2020,32569396,Colletotrichum gloeosporioides,Cyp51A,Propiconazole,I94L,1,1.10 _g/mL (EC50),Environment,"Host: Tropical fruits; Drug family: Azole; Also, one mutation at stop codon",Glomerella cingulata,Cyp51,Agricultural,plant,1,,,,WDE41094.1,GenBank,JS199,China,soybean
Wang,Pest Management Science,2020,32569396,Colletotrichum gloeosporioides,Cyp51A,Propiconazole,S175P,1,1.10 _g/mL (EC50),Environment,"Host: Tropical fruits; Drug family: Azole; Also, one mutation at stop codon",Glomerella cingulata,Cyp51,Agricultural,plant,1,,,,WDE41094.1,GenBank,JS199,China,soybean
Wang,Pest Management Science,2020,32569396,Colletotrichum gloeosporioides,Cyp51A,Propiconazole,V387I,1,1.10 _g/mL (EC50),Environment,"Host: Tropical fruits; Drug family: Azole; Also, one mutation at stop codon",Glomerella cingulata,Cyp51,Agricultural,plant,1,,,,WDE41094.1,GenBank,JS199,China,soybean
Wang,Pest Management Science,2020,32569396,Colletotrichum gloeosporioides,Cyp51A,Propiconazole,E423K,1,1.10 _g/mL (EC50),Environment,"Host: Tropical fruits; Drug family: Azole; Also, one mutation at stop codon",Glomerella cingulata,Cyp51,Agricultural,plant,1,,,,WDE41094.1,GenBank,JS199,China,soybean
Wang,Pest Management Science,2020,32569396,Colletotrichum gloeosporioides,Cyp51B,Propiconazole,L189M,1,1.10 _g/mL (EC50),Environment,"Host: Tropical fruits; Drug family: Azole; Also, one mutation at stop codon",Glomerella cingulata,Cyp51,Agricultural,plant,1,,,,WDE41094.1,GenBank,JS199,China,soybean
Wang,Pest Management Science,2020,32569396,Colletotrichum gloeosporioides,Cyp51B,Propiconazole,Q359H,1,1.10 _g/mL (EC50),Environment,"Host: Tropical fruits; Drug family: Azole; Also, one mutation at stop codon",Glomerella cingulata,Cyp51,Agricultural,plant,1,,,,WDE41094.1,GenBank,JS199,China,soybean
Wang,Pest Management Science,2020,32569396,Colletotrichum gloeosporioides,Cyp51B,Propiconazole,T397I,1,1.10 _g/mL (EC50),Environment,"Host: Tropical fruits; Drug family: Azole; Also, one mutation at stop codon",Glomerella cingulata,Cyp51,Agricultural,plant,1,,,,WDE41094.1,GenBank,JS199,China,soybean
Wang,Pest Management Science,2020,32569396,Colletotrichum gloeosporioides,Cyp51A,Prochloraz,P10P,1,0.087 _g/mL (EC50),Environment,"Host: Tropical fruits; Drug family: Azole; Also, one mutation at stop codon",Glomerella cingulata,Cyp51,Agricultural,plant,1,,,,WDE41094.1,GenBank,JS199,China,soybean
Wang,Pest Management Science,2020,32569396,Colletotrichum gloeosporioides,Cyp51A,Prochloraz,L24V,1,0.087 _g/mL (EC50),Environment,"Host: Tropical fruits; Drug family: Azole; Also, one mutation at stop codon",Glomerella cingulata,Cyp51,Agricultural,plant,1,,,,WDE41094.1,GenBank,JS199,China,soybean
Wang,Pest Management Science,2020,32569396,Colletotrichum gloeosporioides,Cyp51A,Prochloraz,L58V,1,0.087 _g/mL (EC50),Environment,"Host: Tropical fruits; Drug family: Azole; Also, one mutation at stop codon",Glomerella cingulata,Cyp51,Agricultural,plant,1,,,,WDE41094.1,GenBank,JS199,China,soybean
Wang,Pest Management Science,2020,32569396,Colletotrichum gloeosporioides,Cyp51A,Prochloraz,A73V,1,0.087 _g/mL (EC50),Environment,"Host: Tropical fruits; Drug family: Azole; Also, one mutation at stop codon",Glomerella cingulata,Cyp51,Agricultural,plant,1,,,,WDE41094.1,GenBank,JS199,China,soybean
Wang,Pest Management Science,2020,32569396,Colletotrichum gloeosporioides,Cyp51A,Prochloraz,I94L,1,0.087 _g/mL (EC50),Environment,"Host: Tropical fruits; Drug family: Azole; Also, one mutation at stop codon",Glomerella cingulata,Cyp51,Agricultural,plant,1,,,,WDE41094.1,GenBank,JS199,China,soybean
Wang,Pest Management Science,2020,32569396,Colletotrichum gloeosporioides,Cyp51A,Prochloraz,S175P,1,0.087 _g/mL (EC50),Environment,"Host: Tropical fruits; Drug family: Azole; Also, one mutation at stop codon",Glomerella cingulata,Cyp51,Agricultural,plant,1,,,,WDE41094.1,GenBank,JS199,China,soybean
Wang,Pest Management Science,2020,32569396,Colletotrichum gloeosporioides,Cyp51A,Prochloraz,V387I,1,0.087 _g/mL (EC50),Environment,"Host: Tropical fruits; Drug family: Azole; Also, one mutation at stop codon",Glomerella cingulata,Cyp51,Agricultural,plant,1,,,,WDE41094.1,GenBank,JS199,China,soybean
Wang,Pest Management Science,2020,32569396,Colletotrichum gloeosporioides,Cyp51A,Prochloraz,E423K,1,0.087 _g/mL (EC50),Environment,"Host: Tropical fruits; Drug family: Azole; Also, one mutation at stop codon",Glomerella cingulata,Cyp51,Agricultural,plant,1,,,,WDE41094.1,GenBank,JS199,China,soybean
Wang,Pest Management Science,2020,32569396,Colletotrichum gloeosporioides,Cyp51B,Prochloraz,L189M,1,0.087 _g/mL (EC50),Environment,"Host: Tropical fruits; Drug family: Azole; Also, one mutation at stop codon",Glomerella cingulata,Cyp51,Agricultural,plant,1,,,,WDE41094.1,GenBank,JS199,China,soybean
Wang,Pest Management Science,2020,32569396,Colletotrichum gloeosporioides,Cyp51B,Prochloraz,Q359H,1,0.087 _g/mL (EC50),Environment,"Host: Tropical fruits; Drug family: Azole; Also, one mutation at stop codon",Glomerella cingulata,Cyp51,Agricultural,plant,1,,,,WDE41094.1,GenBank,JS199,China,soybean
Wang,Pest Management Science,2020,32569396,Colletotrichum gloeosporioides,Cyp51B,Prochloraz,T397I,1,0.087 _g/mL (EC50),Environment,"Host: Tropical fruits; Drug family: Azole; Also, one mutation at stop codon",Glomerella cingulata,Cyp51,Agricultural,plant,1,,,,WDE41094.1,GenBank,JS199,China,soybean
Wang,Pest Management Science,2020,32569396,Colletotrichum gloeosporioides,Cyp51A,Difenoconazole,P10P,1,2.11 _g/mL (EC50),Environment,"Host: Tropical fruits; Drug family: Azole; Also, one mutation at stop codon",Glomerella cingulata,Cyp51,Agricultural,plant,1,,,,WDE41094.1,GenBank,JS301,China,soybean
Wang,Pest Management Science,2020,32569396,Colletotrichum gloeosporioides,Cyp51A,Difenoconazole,L24V,1,2.11 _g/mL (EC50),Environment,"Host: Tropical fruits; Drug family: Azole; Also, one mutation at stop codon",Glomerella cingulata,Cyp51,Agricultural,plant,1,,,,WDE41094.1,GenBank,JS301,China,soybean
Wang,Pest Management Science,2020,32569396,Colletotrichum gloeosporioides,Cyp51A,Difenoconazole,L58V,1,2.11 _g/mL (EC50),Environment,"Host: Tropical fruits; Drug family: Azole; Also, one mutation at stop codon",Glomerella cingulata,Cyp51,Agricultural,plant,1,,,,WDE41094.1,GenBank,JS301,China,soybean
Wang,Pest Management Science,2020,32569396,Colletotrichum gloeosporioides,Cyp51A,Difenoconazole,A73V,1,2.11 _g/mL (EC50),Environment,"Host: Tropical fruits; Drug family: Azole; Also, one mutation at stop codon",Glomerella cingulata,Cyp51,Agricultural,plant,1,,,,WDE41094.1,GenBank,JS301,China,soybean
Wang,Pest Management Science,2020,32569396,Colletotrichum gloeosporioides,Cyp51A,Difenoconazole,I94L,1,2.11 _g/mL (EC50),Environment,"Host: Tropical fruits; Drug family: Azole; Also, one mutation at stop codon",Glomerella cingulata,Cyp51,Agricultural,plant,1,,,,WDE41094.1,GenBank,JS301,China,soybean
Wang,Pest Management Science,2020,32569396,Colletotrichum gloeosporioides,Cyp51A,Difenoconazole,S175P,1,2.11 _g/mL (EC50),Environment,"Host: Tropical fruits; Drug family: Azole; Also, one mutation at stop codon",Glomerella cingulata,Cyp51,Agricultural,plant,1,,,,WDE41094.1,GenBank,JS301,China,soybean
Wang,Pest Management Science,2020,32569396,Colletotrichum gloeosporioides,Cyp51A,Difenoconazole,V387I,1,2.11 _g/mL (EC50),Environment,"Host: Tropical fruits; Drug family: Azole; Also, one mutation at stop codon",Glomerella cingulata,Cyp51,Agricultural,plant,1,,,,WDE41094.1,GenBank,JS301,China,soybean
Wang,Pest Management Science,2020,32569396,Colletotrichum gloeosporioides,Cyp51A,Difenoconazole,E423K,1,2.11 _g/mL (EC50),Environment,"Host: Tropical fruits; Drug family: Azole; Also, one mutation at stop codon",Glomerella cingulata,Cyp51,Agricultural,plant,1,,,,WDE41094.1,GenBank,JS301,China,soybean
Wang,Pest Management Science,2020,32569396,Colletotrichum gloeosporioides,Cyp51A,Difenoconazole,I328V,1,2.11 _g/mL (EC50),Environment,"Host: Tropical fruits; Drug family: Azole; Also, one mutation at stop codon",Glomerella cingulata,Cyp51,Agricultural,plant,1,,,,WDE41094.1,GenBank,JS301,China,soybean
Wang,Pest Management Science,2020,32569396,Colletotrichum gloeosporioides,Cyp51A,Difenoconazole,N518K,1,2.11 _g/mL (EC50),Environment,"Host: Tropical fruits; Drug family: Azole; Also, one mutation at stop codon",Glomerella cingulata,Cyp51,Agricultural,plant,1,,,,WDE41094.1,GenBank,JS301,China,soybean
Wang,Pest Management Science,2020,32569396,Colletotrichum gloeosporioides,Cyp51A,Difenoconazole,N518K,1,2.11 _g/mL (EC50),Environment,"Host: Tropical fruits; Drug family: Azole; Also, one mutation at stop codon",Glomerella cingulata,Cyp51,Agricultural,plant,1,,,,WDE41094.1,GenBank,JS301,China,soybean
Wang,Pest Management Science,2020,32569396,Colletotrichum gloeosporioides,Cyp51B,Difenoconazole,L189M,1,2.11 _g/mL (EC50),Environment,"Host: Tropical fruits; Drug family: Azole; Also, one mutation at stop codon",Glomerella cingulata,Cyp51,Agricultural,plant,1,,,,WDE41094.1,GenBank,JS301,China,soybean
Wang,Pest Management Science,2020,32569396,Colletotrichum gloeosporioides,Cyp51B,Difenoconazole,Q359H,1,2.11 _g/mL (EC50),Environment,"Host: Tropical fruits; Drug family: Azole; Also, one mutation at stop codon",Glomerella cingulata,Cyp51,Agricultural,plant,1,,,,WDE41094.1,GenBank,JS301,China,soybean
Wang,Pest Management Science,2020,32569396,Colletotrichum gloeosporioides,Cyp51B,Difenoconazole,T397I,1,2.11 _g/mL (EC50),Environment,"Host: Tropical fruits; Drug family: Azole; Also, one mutation at stop codon",Glomerella cingulata,Cyp51,Agricultural,plant,1,,,,WDE41094.1,GenBank,JS301,China,soybean
Wang,Pest Management Science,2020,32569396,Colletotrichum gloeosporioides,Cyp51A,Prochloraz,P10P,1,1.40 _g/mL (EC50),Environment,"Host: Tropical fruits; Drug family: Azole; Also, one mutation at stop codon",Glomerella cingulata,Cyp51,Agricultural,plant,1,,,,WDE41094.1,GenBank,JS301,China,soybean
Wang,Pest Management Science,2020,32569396,Colletotrichum gloeosporioides,Cyp51A,Prochloraz,L24V,1,1.40 _g/mL (EC50),Environment,"Host: Tropical fruits; Drug family: Azole; Also, one mutation at stop codon",Glomerella cingulata,Cyp51,Agricultural,plant,1,,,,WDE41094.1,GenBank,JS301,China,soybean
Wang,Pest Management Science,2020,32569396,Colletotrichum gloeosporioides,Cyp51A,Prochloraz,L58V,1,1.40 _g/mL (EC50),Environment,"Host: Tropical fruits; Drug family: Azole; Also, one mutation at stop codon",Glomerella cingulata,Cyp51,Agricultural,plant,1,,,,WDE41094.1,GenBank,JS301,China,soybean
Wang,Pest Management Science,2020,32569396,Colletotrichum gloeosporioides,Cyp51A,Prochloraz,A73V,1,1.40 _g/mL (EC50),Environment,"Host: Tropical fruits; Drug family: Azole; Also, one mutation at stop codon",Glomerella cingulata,Cyp51,Agricultural,plant,1,,,,WDE41094.1,GenBank,JS301,China,soybean
Wang,Pest Management Science,2020,32569396,Colletotrichum gloeosporioides,Cyp51A,Prochloraz,I94L,1,1.40 _g/mL (EC50),Environment,"Host: Tropical fruits; Drug family: Azole; Also, one mutation at stop codon",Glomerella cingulata,Cyp51,Agricultural,plant,1,,,,WDE41094.1,GenBank,JS301,China,soybean
Wang,Pest Management Science,2020,32569396,Colletotrichum gloeosporioides,Cyp51A,Prochloraz,S175P,1,1.40 _g/mL (EC50),Environment,"Host: Tropical fruits; Drug family: Azole; Also, one mutation at stop codon",Glomerella cingulata,Cyp51,Agricultural,plant,1,,,,WDE41094.1,GenBank,JS301,China,soybean
Wang,Pest Management Science,2020,32569396,Colletotrichum gloeosporioides,Cyp51A,Prochloraz,V387I,1,1.40 _g/mL (EC50),Environment,"Host: Tropical fruits; Drug family: Azole; Also, one mutation at stop codon",Glomerella cingulata,Cyp51,Agricultural,plant,1,,,,WDE41094.1,GenBank,JS301,China,soybean
Wang,Pest Management Science,2020,32569396,Colletotrichum gloeosporioides,Cyp51A,Prochloraz,E423K,1,1.40 _g/mL (EC50),Environment,"Host: Tropical fruits; Drug family: Azole; Also, one mutation at stop codon",Glomerella cingulata,Cyp51,Agricultural,plant,1,,,,WDE41094.1,GenBank,JS301,China,soybean
Wang,Pest Management Science,2020,32569396,Colletotrichum gloeosporioides,Cyp51A,Prochloraz,I328V,1,1.40 _g/mL (EC50),Environment,"Host: Tropical fruits; Drug family: Azole; Also, one mutation at stop codon",Glomerella cingulata,Cyp51,Agricultural,plant,1,,,,WDE41094.1,GenBank,JS301,China,soybean
Wang,Pest Management Science,2020,32569396,Colletotrichum gloeosporioides,Cyp51A,Prochloraz,N518K,1,1.40 _g/mL (EC50),Environment,"Host: Tropical fruits; Drug family: Azole; Also, one mutation at stop codon",Glomerella cingulata,Cyp51,Agricultural,plant,1,,,,WDE41094.1,GenBank,JS301,China,soybean
Wang,Pest Management Science,2020,32569396,Colletotrichum gloeosporioides,Cyp51A,Prochloraz,N518K,1,1.40 _g/mL (EC50),Environment,"Host: Tropical fruits; Drug family: Azole; Also, one mutation at stop codon",Glomerella cingulata,Cyp51,Agricultural,plant,1,,,,WDE41094.1,GenBank,JS301,China,soybean
Wang,Pest Management Science,2020,32569396,Colletotrichum gloeosporioides,Cyp51B,Prochloraz,L189M,1,1.40 _g/mL (EC50),Environment,"Host: Tropical fruits; Drug family: Azole; Also, one mutation at stop codon",Glomerella cingulata,Cyp51,Agricultural,plant,1,,,,WDE41094.1,GenBank,JS301,China,soybean
Wang,Pest Management Science,2020,32569396,Colletotrichum gloeosporioides,Cyp51B,Prochloraz,Q359H,1,1.40 _g/mL (EC50),Environment,"Host: Tropical fruits; Drug family: Azole; Also, one mutation at stop codon",Glomerella cingulata,Cyp51,Agricultural,plant,1,,,,WDE41094.1,GenBank,JS301,China,soybean
Wang,Pest Management Science,2020,32569396,Colletotrichum gloeosporioides,Cyp51B,Prochloraz,T397I,1,1.40 _g/mL (EC50),Environment,"Host: Tropical fruits; Drug family: Azole; Also, one mutation at stop codon",Glomerella cingulata,Cyp51,Agricultural,plant,1,,,,WDE41094.1,GenBank,JS301,China,soybean
Wang,Pest Management Science,2020,32569396,Colletotrichum gloeosporioides,Cyp51A,Difenoconazole,P10P,1,0.10 _g/mL (EC50),Environment,"Host: Tropical fruits; Drug family: Azole; Also, one mutation at stop codon",Glomerella cingulata,Cyp51,Agricultural,plant,1,,,,WDE41094.1,GenBank,JS301,China,soybean
Wang,Pest Management Science,2020,32569396,Colletotrichum gloeosporioides,Cyp51A,Difenoconazole,L24V,1,0.10 _g/mL (EC50),Environment,"Host: Tropical fruits; Drug family: Azole; Also, one mutation at stop codon",Glomerella cingulata,Cyp51,Agricultural,plant,1,,,,WDE41094.1,GenBank,JS301,China,soybean
Wang,Pest Management Science,2020,32569396,Colletotrichum gloeosporioides,Cyp51A,Difenoconazole,L58V,1,0.10 _g/mL (EC50),Environment,"Host: Tropical fruits; Drug family: Azole; Also, one mutation at stop codon",Glomerella cingulata,Cyp51,Agricultural,plant,1,,,,WDE41094.1,GenBank,JS301,China,soybean
Wang,Pest Management Science,2020,32569396,Colletotrichum gloeosporioides,Cyp51A,Difenoconazole,A73V,1,0.10 _g/mL (EC50),Environment,"Host: Tropical fruits; Drug family: Azole; Also, one mutation at stop codon",Glomerella cingulata,Cyp51,Agricultural,plant,1,,,,WDE41094.1,GenBank,JS301,China,soybean
Wang,Pest Management Science,2020,32569396,Colletotrichum gloeosporioides,Cyp51A,Difenoconazole,I94L,1,0.10 _g/mL (EC50),Environment,"Host: Tropical fruits; Drug family: Azole; Also, one mutation at stop codon",Glomerella cingulata,Cyp51,Agricultural,plant,1,,,,WDE41094.1,GenBank,JS301,China,soybean
Wang,Pest Management Science,2020,32569396,Colletotrichum gloeosporioides,Cyp51A,Difenoconazole,S175P,1,0.10 _g/mL (EC50),Environment,"Host: Tropical fruits; Drug family: Azole; Also, one mutation at stop codon",Glomerella cingulata,Cyp51,Agricultural,plant,1,,,,WDE41094.1,GenBank,JS301,China,soybean
Wang,Pest Management Science,2020,32569396,Colletotrichum gloeosporioides,Cyp51A,Difenoconazole,V387I,1,0.10 _g/mL (EC50),Environment,"Host: Tropical fruits; Drug family: Azole; Also, one mutation at stop codon",Glomerella cingulata,Cyp51,Agricultural,plant,1,,,,WDE41094.1,GenBank,JS301,China,soybean
Wang,Pest Management Science,2020,32569396,Colletotrichum gloeosporioides,Cyp51A,Difenoconazole,E423K,1,0.10 _g/mL (EC50),Environment,"Host: Tropical fruits; Drug family: Azole; Also, one mutation at stop codon",Glomerella cingulata,Cyp51,Agricultural,plant,1,,,,WDE41094.1,GenBank,JS301,China,soybean
Wang,Pest Management Science,2020,32569396,Colletotrichum gloeosporioides,Cyp51A,Difenoconazole,I328V,1,0.10 _g/mL (EC50),Environment,"Host: Tropical fruits; Drug family: Azole; Also, one mutation at stop codon",Glomerella cingulata,Cyp51,Agricultural,plant,1,,,,WDE41094.1,GenBank,JS301,China,soybean
Wang,Pest Management Science,2020,32569396,Colletotrichum gloeosporioides,Cyp51A,Difenoconazole,N518K,1,0.10 _g/mL (EC50),Environment,"Host: Tropical fruits; Drug family: Azole; Also, one mutation at stop codon",Glomerella cingulata,Cyp51,Agricultural,plant,1,,,,WDE41094.1,GenBank,JS301,China,soybean
Wang,Pest Management Science,2020,32569396,Colletotrichum gloeosporioides,Cyp51A,Difenoconazole,N518K,1,0.10 _g/mL (EC50),Environment,"Host: Tropical fruits; Drug family: Azole; Also, one mutation at stop codon",Glomerella cingulata,Cyp51,Agricultural,plant,1,,,,WDE41094.1,GenBank,JS301,China,soybean
Wang,Pest Management Science,2020,32569396,Colletotrichum gloeosporioides,Cyp51B,Difenoconazole,L189M,1,0.10 _g/mL (EC50),Environment,"Host: Tropical fruits; Drug family: Azole; Also, one mutation at stop codon",Glomerella cingulata,Cyp51,Agricultural,plant,1,,,,WDE41094.1,GenBank,JS301,China,soybean
Wang,Pest Management Science,2020,32569396,Colletotrichum gloeosporioides,Cyp51B,Difenoconazole,Q359H,1,0.10 _g/mL (EC50),Environment,"Host: Tropical fruits; Drug family: Azole; Also, one mutation at stop codon",Glomerella cingulata,Cyp51,Agricultural,plant,1,,,,WDE41094.1,GenBank,JS301,China,soybean
Wang,Pest Management Science,2020,32569396,Colletotrichum gloeosporioides,Cyp51B,Difenoconazole,T397I,1,0.10 _g/mL (EC50),Environment,"Host: Tropical fruits; Drug family: Azole; Also, one mutation at stop codon",Glomerella cingulata,Cyp51,Agricultural,plant,1,,,,WDE41094.1,GenBank,JS301,China,soybean
Wang,Pest Management Science,2020,32569396,Colletotrichum gloeosporioides,Cyp51A,Difenoconazole,L58V,-1,0.4 _g/mL (EC50),Environment,Host: Tropical fruits; Drug family: Azole; Sensitive,Glomerella cingulata,Cyp51,Agricultural,plant,,-1,,,WDE41095.1,GenBank,JS67,China,soybean
Wang,Pest Management Science,2020,32569396,Colletotrichum gloeosporioides,Cyp51A,Difenoconazole,S175P,-1,0.4 _g/mL (EC50),Environment,Host: Tropical fruits; Drug family: Azole; Sensitive,Glomerella cingulata,Cyp51,Agricultural,plant,,-1,,,WDE41095.1,GenBank,JS67,China,soybean
Wang,Pest Management Science,2020,32569396,Colletotrichum gloeosporioides,Cyp51A,Difenoconazole,P283S,-1,0.4 _g/mL (EC50),Environment,Host: Tropical fruits; Drug family: Azole; Sensitive,Glomerella cingulata,Cyp51,Agricultural,plant,,-1,,,WDE41095.1,GenBank,JS67,China,soybean
Wang,Pest Management Science,2020,32569396,Colletotrichum gloeosporioides,Cyp51B,Difenoconazole,T261A,-1,0.4 _g/mL (EC50),Environment,Host: Tropical fruits; Drug family: Azole; Sensitive,Glomerella cingulata,Cyp51,Agricultural,plant,,-1,,,WDE41095.1,GenBank,JS67,China,soybean
Wang,Pest Management Science,2020,32569396,Colletotrichum gloeosporioides,Cyp51A,Difenoconazole,L24V,1,0.51 _g/mL (EC50),Environment,"Host: Tropical fruits; Drug family: Azole; Also, one mutation at stop codon",Glomerella cingulata,Cyp51,Agricultural,plant,1,,,,WDE41095.1,GenBank,JS312,China,soybean
Wang,Pest Management Science,2020,32569396,Colletotrichum gloeosporioides,Cyp51A,Difenoconazole,L58V,1,0.51 _g/mL (EC50),Environment,"Host: Tropical fruits; Drug family: Azole; Also, one mutation at stop codon",Glomerella cingulata,Cyp51,Agricultural,plant,1,,,,WDE41095.1,GenBank,JS312,China,soybean
Wang,Pest Management Science,2020,32569396,Colletotrichum gloeosporioides,Cyp51A,Difenoconazole,A73V,1,0.51 _g/mL (EC50),Environment,"Host: Tropical fruits; Drug family: Azole; Also, one mutation at stop codon",Glomerella cingulata,Cyp51,Agricultural,plant,1,,,,WDE41095.1,GenBank,JS312,China,soybean
Wang,Pest Management Science,2020,32569396,Colletotrichum gloeosporioides,Cyp51A,Difenoconazole,I94L,1,0.51 _g/mL (EC50),Environment,"Host: Tropical fruits; Drug family: Azole; Also, one mutation at stop codon",Glomerella cingulata,Cyp51,Agricultural,plant,1,,,,WDE41095.1,GenBank,JS312,China,soybean
Wang,Pest Management Science,2020,32569396,Colletotrichum gloeosporioides,Cyp51A,Difenoconazole,S175P,1,0.51 _g/mL (EC50),Environment,"Host: Tropical fruits; Drug family: Azole; Also, one mutation at stop codon",Glomerella cingulata,Cyp51,Agricultural,plant,1,,,,WDE41095.1,GenBank,JS312,China,soybean
Wang,Pest Management Science,2020,32569396,Colletotrichum gloeosporioides,Cyp51A,Difenoconazole,V387I,1,0.51 _g/mL (EC50),Environment,"Host: Tropical fruits; Drug family: Azole; Also, one mutation at stop codon",Glomerella cingulata,Cyp51,Agricultural,plant,1,,,,WDE41095.1,GenBank,JS312,China,soybean
Wang,Pest Management Science,2020,32569396,Colletotrichum gloeosporioides,Cyp51A,Difenoconazole,E423K,1,0.51 _g/mL (EC50),Environment,"Host: Tropical fruits; Drug family: Azole; Also, one mutation at stop codon",Glomerella cingulata,Cyp51,Agricultural,plant,1,,,,WDE41095.1,GenBank,JS312,China,soybean
Wang,Pest Management Science,2020,32569396,Colletotrichum gloeosporioides,Cyp51B,Difenoconazole,L189M,1,0.51 _g/mL (EC50),Environment,"Host: Tropical fruits; Drug family: Azole; Also, one mutation at stop codon",Glomerella cingulata,Cyp51,Agricultural,plant,1,,,,WDE41095.1,GenBank,JS312,China,soybean
Wang,Pest Management Science,2020,32569396,Colletotrichum gloeosporioides,Cyp51B,Difenoconazole,Q359N,1,0.51 _g/mL (EC50),Environment,"Host: Tropical fruits; Drug family: Azole; Also, one mutation at stop codon",Glomerella cingulata,Cyp51,Agricultural,plant,1,,,,WDE41095.1,GenBank,JS312,China,soybean
Wang,Pest Management Science,2020,32569396,Colletotrichum gloeosporioides,Cyp51B,Difenoconazole,T397I,1,0.51 _g/mL (EC50),Environment,"Host: Tropical fruits; Drug family: Azole; Also, one mutation at stop codon",Glomerella cingulata,Cyp51,Agricultural,plant,1,,,,WDE41095.1,GenBank,JS312,China,soybean
Wang,Pest Management Science,2020,32569396,Colletotrichum gloeosporioides,Cyp51A,Propiconazole,L24V,1,1.78 _g/mL (EC50),Environment,"Host: Tropical fruits; Drug family: Azole; Also, one mutation at stop codon",Glomerella cingulata,Cyp51,Agricultural,plant,1,,,,WDE41095.1,GenBank,JS312,China,soybean
Wang,Pest Management Science,2020,32569396,Colletotrichum gloeosporioides,Cyp51A,Propiconazole,L58V,1,1.78 _g/mL (EC50),Environment,"Host: Tropical fruits; Drug family: Azole; Also, one mutation at stop codon",Glomerella cingulata,Cyp51,Agricultural,plant,1,,,,WDE41095.1,GenBank,JS312,China,soybean
Wang,Pest Management Science,2020,32569396,Colletotrichum gloeosporioides,Cyp51A,Propiconazole,A73V,1,1.78 _g/mL (EC50),Environment,"Host: Tropical fruits; Drug family: Azole; Also, one mutation at stop codon",Glomerella cingulata,Cyp51,Agricultural,plant,1,,,,WDE41095.1,GenBank,JS312,China,soybean
Wang,Pest Management Science,2020,32569396,Colletotrichum gloeosporioides,Cyp51A,Propiconazole,I94L,1,1.78 _g/mL (EC50),Environment,"Host: Tropical fruits; Drug family: Azole; Also, one mutation at stop codon",Glomerella cingulata,Cyp51,Agricultural,plant,1,,,,WDE41095.1,GenBank,JS312,China,soybean
Wang,Pest Management Science,2020,32569396,Colletotrichum gloeosporioides,Cyp51A,Propiconazole,S175P,1,1.78 _g/mL (EC50),Environment,"Host: Tropical fruits; Drug family: Azole; Also, one mutation at stop codon",Glomerella cingulata,Cyp51,Agricultural,plant,1,,,,WDE41095.1,GenBank,JS312,China,soybean
Wang,Pest Management Science,2020,32569396,Colletotrichum gloeosporioides,Cyp51A,Propiconazole,V387I,1,1.78 _g/mL (EC50),Environment,"Host: Tropical fruits; Drug family: Azole; Also, one mutation at stop codon",Glomerella cingulata,Cyp51,Agricultural,plant,1,,,,WDE41095.1,GenBank,JS312,China,soybean
Wang,Pest Management Science,2020,32569396,Colletotrichum gloeosporioides,Cyp51A,Propiconazole,E423K,1,1.78 _g/mL (EC50),Environment,"Host: Tropical fruits; Drug family: Azole; Also, one mutation at stop codon",Glomerella cingulata,Cyp51,Agricultural,plant,1,,,,WDE41095.1,GenBank,JS312,China,soybean
Wang,Pest Management Science,2020,32569396,Colletotrichum gloeosporioides,Cyp51B,Propiconazole,L189M,1,1.78 _g/mL (EC50),Environment,"Host: Tropical fruits; Drug family: Azole; Also, one mutation at stop codon",Glomerella cingulata,Cyp51,Agricultural,plant,1,,,,WDE41095.1,GenBank,JS312,China,soybean
Wang,Pest Management Science,2020,32569396,Colletotrichum gloeosporioides,Cyp51B,Propiconazole,Q359N,1,1.78 _g/mL (EC50),Environment,"Host: Tropical fruits; Drug family: Azole; Also, one mutation at stop codon",Glomerella cingulata,Cyp51,Agricultural,plant,1,,,,WDE41095.1,GenBank,JS312,China,soybean
Wang,Pest Management Science,2020,32569396,Colletotrichum gloeosporioides,Cyp51B,Propiconazole,T397I,1,1.78 _g/mL (EC50),Environment,"Host: Tropical fruits; Drug family: Azole; Also, one mutation at stop codon",Glomerella cingulata,Cyp51,Agricultural,plant,1,,,,WDE41095.1,GenBank,JS312,China,soybean
Wang,Pest Management Science,2020,32569396,Colletotrichum gloeosporioides,Cyp51A,Prochloraz,L24V,1,0.14 _g/mL (EC50),Environment,"Host: Tropical fruits; Drug family: Azole; Also, one mutation at stop codon",Glomerella cingulata,Cyp51,Agricultural,plant,1,,,,WDE41095.1,GenBank,JS312,China,soybean
Wang,Pest Management Science,2020,32569396,Colletotrichum gloeosporioides,Cyp51A,Prochloraz,L58V,1,0.14 _g/mL (EC50),Environment,"Host: Tropical fruits; Drug family: Azole; Also, one mutation at stop codon",Glomerella cingulata,Cyp51,Agricultural,plant,1,,,,WDE41095.1,GenBank,JS312,China,soybean
Wang,Pest Management Science,2020,32569396,Colletotrichum gloeosporioides,Cyp51A,Prochloraz,A73V,1,0.14 _g/mL (EC50),Environment,"Host: Tropical fruits; Drug family: Azole; Also, one mutation at stop codon",Glomerella cingulata,Cyp51,Agricultural,plant,1,,,,WDE41095.1,GenBank,JS312,China,soybean
Wang,Pest Management Science,2020,32569396,Colletotrichum gloeosporioides,Cyp51A,Prochloraz,I94L,1,0.14 _g/mL (EC50),Environment,"Host: Tropical fruits; Drug family: Azole; Also, one mutation at stop codon",Glomerella cingulata,Cyp51,Agricultural,plant,1,,,,WDE41095.1,GenBank,JS312,China,soybean
Wang,Pest Management Science,2020,32569396,Colletotrichum gloeosporioides,Cyp51A,Prochloraz,S175P,1,0.14 _g/mL (EC50),Environment,"Host: Tropical fruits; Drug family: Azole; Also, one mutation at stop codon",Glomerella cingulata,Cyp51,Agricultural,plant,1,,,,WDE41095.1,GenBank,JS312,China,soybean
Wang,Pest Management Science,2020,32569396,Colletotrichum gloeosporioides,Cyp51A,Prochloraz,V387I,1,0.14 _g/mL (EC50),Environment,"Host: Tropical fruits; Drug family: Azole; Also, one mutation at stop codon",Glomerella cingulata,Cyp51,Agricultural,plant,1,,,,WDE41095.1,GenBank,JS312,China,soybean
Wang,Pest Management Science,2020,32569396,Colletotrichum gloeosporioides,Cyp51A,Prochloraz,E423K,1,0.14 _g/mL (EC50),Environment,"Host: Tropical fruits; Drug family: Azole; Also, one mutation at stop codon",Glomerella cingulata,Cyp51,Agricultural,plant,1,,,,WDE41095.1,GenBank,JS312,China,soybean
Wang,Pest Management Science,2020,32569396,Colletotrichum gloeosporioides,Cyp51B,Prochloraz,L189M,1,0.14 _g/mL (EC50),Environment,"Host: Tropical fruits; Drug family: Azole; Also, one mutation at stop codon",Glomerella cingulata,Cyp51,Agricultural,plant,1,,,,WDE41095.1,GenBank,JS312,China,soybean
Wang,Pest Management Science,2020,32569396,Colletotrichum gloeosporioides,Cyp51B,Prochloraz,Q359N,1,0.14 _g/mL (EC50),Environment,"Host: Tropical fruits; Drug family: Azole; Also, one mutation at stop codon",Glomerella cingulata,Cyp51,Agricultural,plant,1,,,,WDE41095.1,GenBank,JS312,China,soybean
Wang,Pest Management Science,2020,32569396,Colletotrichum gloeosporioides,Cyp51B,Prochloraz,T397I,1,0.14 _g/mL (EC50),Environment,"Host: Tropical fruits; Drug family: Azole; Also, one mutation at stop codon",Glomerella cingulata,Cyp51,Agricultural,plant,1,,,,WDE41095.1,GenBank,JS312,China,soybean
Wang,Pest Management Science,2020,32569396,Colletotrichum gloeosporioides,Cyp51A,Difenoconazole,L24V,1,0.34 _g/mL (EC50),Environment,"Host: Tropical fruits; Drug family: Azole; Also, one mutation at stop codon",Glomerella cingulata,Cyp51,Agricultural,plant,1,,,,WDE41095.1,GenBank,JS43,China,soybean
Wang,Pest Management Science,2020,32569396,Colletotrichum gloeosporioides,Cyp51A,Difenoconazole,L58V,1,0.34 _g/mL (EC50),Environment,"Host: Tropical fruits; Drug family: Azole; Also, one mutation at stop codon",Glomerella cingulata,Cyp51,Agricultural,plant,1,,,,WDE41095.1,GenBank,JS43,China,soybean
Wang,Pest Management Science,2020,32569396,Colletotrichum gloeosporioides,Cyp51A,Difenoconazole,A73V,1,0.34 _g/mL (EC50),Environment,"Host: Tropical fruits; Drug family: Azole; Also, one mutation at stop codon",Glomerella cingulata,Cyp51,Agricultural,plant,1,,,,WDE41095.1,GenBank,JS43,China,soybean
Wang,Pest Management Science,2020,32569396,Colletotrichum gloeosporioides,Cyp51A,Difenoconazole,I94L,1,0.34 _g/mL (EC50),Environment,"Host: Tropical fruits; Drug family: Azole; Also, one mutation at stop codon",Glomerella cingulata,Cyp51,Agricultural,plant,1,,,,WDE41095.1,GenBank,JS43,China,soybean
Wang,Pest Management Science,2020,32569396,Colletotrichum gloeosporioides,Cyp51A,Difenoconazole,S175P,1,0.34 _g/mL (EC50),Environment,"Host: Tropical fruits; Drug family: Azole; Also, one mutation at stop codon",Glomerella cingulata,Cyp51,Agricultural,plant,1,,,,WDE41095.1,GenBank,JS43,China,soybean
Wang,Pest Management Science,2020,32569396,Colletotrichum gloeosporioides,Cyp51A,Difenoconazole,V387I,1,0.34 _g/mL (EC50),Environment,"Host: Tropical fruits; Drug family: Azole; Also, one mutation at stop codon",Glomerella cingulata,Cyp51,Agricultural,plant,1,,,,WDE41095.1,GenBank,JS43,China,soybean
Wang,Pest Management Science,2020,32569396,Colletotrichum gloeosporioides,Cyp51A,Difenoconazole,E423K,1,0.34 _g/mL (EC50),Environment,"Host: Tropical fruits; Drug family: Azole; Also, one mutation at stop codon",Glomerella cingulata,Cyp51,Agricultural,plant,1,,,,WDE41095.1,GenBank,JS43,China,soybean
Wang,Pest Management Science,2020,32569396,Colletotrichum gloeosporioides,Cyp51B,Difenoconazole,L189M,1,0.34 _g/mL (EC50),Environment,"Host: Tropical fruits; Drug family: Azole; Also, one mutation at stop codon",Glomerella cingulata,Cyp51,Agricultural,plant,1,,,,WDE41095.1,GenBank,JS43,China,soybean
Wang,Pest Management Science,2020,32569396,Colletotrichum gloeosporioides,Cyp51B,Difenoconazole,Q359N,1,0.34 _g/mL (EC50),Environment,"Host: Tropical fruits; Drug family: Azole; Also, one mutation at stop codon",Glomerella cingulata,Cyp51,Agricultural,plant,1,,,,WDE41095.1,GenBank,JS43,China,soybean
Wang,Pest Management Science,2020,32569396,Colletotrichum gloeosporioides,Cyp51B,Difenoconazole,T397I,1,0.34 _g/mL (EC50),Environment,"Host: Tropical fruits; Drug family: Azole; Also, one mutation at stop codon",Glomerella cingulata,Cyp51,Agricultural,plant,1,,,,WDE41095.1,GenBank,JS43,China,soybean
Wang,Pest Management Science,2020,32569396,Colletotrichum gloeosporioides,Cyp51A,Propiconazole,L24V,1,0.86 _g/mL (EC50),Environment,"Host: Tropical fruits; Drug family: Azole; Also, one mutation at stop codon",Glomerella cingulata,Cyp51,Agricultural,plant,1,,,,WDE41095.1,GenBank,JS43,China,soybean
Wang,Pest Management Science,2020,32569396,Colletotrichum gloeosporioides,Cyp51A,Propiconazole,L58V,1,0.86 _g/mL (EC50),Environment,"Host: Tropical fruits; Drug family: Azole; Also, one mutation at stop codon",Glomerella cingulata,Cyp51,Agricultural,plant,1,,,,WDE41095.1,GenBank,JS43,China,soybean
Wang,Pest Management Science,2020,32569396,Colletotrichum gloeosporioides,Cyp51A,Propiconazole,A73V,1,0.86 _g/mL (EC50),Environment,"Host: Tropical fruits; Drug family: Azole; Also, one mutation at stop codon",Glomerella cingulata,Cyp51,Agricultural,plant,1,,,,WDE41095.1,GenBank,JS43,China,soybean
Wang,Pest Management Science,2020,32569396,Colletotrichum gloeosporioides,Cyp51A,Propiconazole,I94L,1,0.86 _g/mL (EC50),Environment,"Host: Tropical fruits; Drug family: Azole; Also, one mutation at stop codon",Glomerella cingulata,Cyp51,Agricultural,plant,1,,,,WDE41095.1,GenBank,JS43,China,soybean
Wang,Pest Management Science,2020,32569396,Colletotrichum gloeosporioides,Cyp51A,Propiconazole,S175P,1,0.86 _g/mL (EC50),Environment,"Host: Tropical fruits; Drug family: Azole; Also, one mutation at stop codon",Glomerella cingulata,Cyp51,Agricultural,plant,1,,,,WDE41095.1,GenBank,JS43,China,soybean
Wang,Pest Management Science,2020,32569396,Colletotrichum gloeosporioides,Cyp51A,Propiconazole,V387I,1,0.86 _g/mL (EC50),Environment,"Host: Tropical fruits; Drug family: Azole; Also, one mutation at stop codon",Glomerella cingulata,Cyp51,Agricultural,plant,1,,,,WDE41095.1,GenBank,JS43,China,soybean
Wang,Pest Management Science,2020,32569396,Colletotrichum gloeosporioides,Cyp51A,Propiconazole,E423K,1,0.86 _g/mL (EC50),Environment,"Host: Tropical fruits; Drug family: Azole; Also, one mutation at stop codon",Glomerella cingulata,Cyp51,Agricultural,plant,1,,,,WDE41095.1,GenBank,JS43,China,soybean
Wang,Pest Management Science,2020,32569396,Colletotrichum gloeosporioides,Cyp51B,Propiconazole,L189M,1,0.86 _g/mL (EC50),Environment,"Host: Tropical fruits; Drug family: Azole; Also, one mutation at stop codon",Glomerella cingulata,Cyp51,Agricultural,plant,1,,,,WDE41095.1,GenBank,JS43,China,soybean
Wang,Pest Management Science,2020,32569396,Colletotrichum gloeosporioides,Cyp51B,Propiconazole,Q359N,1,0.86 _g/mL (EC50),Environment,"Host: Tropical fruits; Drug family: Azole; Also, one mutation at stop codon",Glomerella cingulata,Cyp51,Agricultural,plant,1,,,,WDE41095.1,GenBank,JS43,China,soybean
Wang,Pest Management Science,2020,32569396,Colletotrichum gloeosporioides,Cyp51B,Propiconazole,T397I,1,0.86 _g/mL (EC50),Environment,"Host: Tropical fruits; Drug family: Azole; Also, one mutation at stop codon",Glomerella cingulata,Cyp51,Agricultural,plant,1,,,,WDE41095.1,GenBank,JS43,China,soybean
Wang,Pest Management Science,2020,32569396,Colletotrichum gloeosporioides,Cyp51A,Prochloraz,L24V,1,0.11 _g/mL (EC50),Environment,"Host: Tropical fruits; Drug family: Azole; Also, one mutation at stop codon",Glomerella cingulata,Cyp51,Agricultural,plant,1,,,,WDE41095.1,GenBank,JS43,China,soybean
Wang,Pest Management Science,2020,32569396,Colletotrichum gloeosporioides,Cyp51A,Prochloraz,L58V,1,0.11 _g/mL (EC50),Environment,"Host: Tropical fruits; Drug family: Azole; Also, one mutation at stop codon",Glomerella cingulata,Cyp51,Agricultural,plant,1,,,,WDE41095.1,GenBank,JS43,China,soybean
Wang,Pest Management Science,2020,32569396,Colletotrichum gloeosporioides,Cyp51A,Prochloraz,A73V,1,0.11 _g/mL (EC50),Environment,"Host: Tropical fruits; Drug family: Azole; Also, one mutation at stop codon",Glomerella cingulata,Cyp51,Agricultural,plant,1,,,,WDE41095.1,GenBank,JS43,China,soybean
Wang,Pest Management Science,2020,32569396,Colletotrichum gloeosporioides,Cyp51A,Prochloraz,I94L,1,0.11 _g/mL (EC50),Environment,"Host: Tropical fruits; Drug family: Azole; Also, one mutation at stop codon",Glomerella cingulata,Cyp51,Agricultural,plant,1,,,,WDE41095.1,GenBank,JS43,China,soybean
Wang,Pest Management Science,2020,32569396,Colletotrichum gloeosporioides,Cyp51A,Prochloraz,S175P,1,0.11 _g/mL (EC50),Environment,"Host: Tropical fruits; Drug family: Azole; Also, one mutation at stop codon",Glomerella cingulata,Cyp51,Agricultural,plant,1,,,,WDE41095.1,GenBank,JS43,China,soybean
Wang,Pest Management Science,2020,32569396,Colletotrichum gloeosporioides,Cyp51A,Prochloraz,V387I,1,0.11 _g/mL (EC50),Environment,"Host: Tropical fruits; Drug family: Azole; Also, one mutation at stop codon",Glomerella cingulata,Cyp51,Agricultural,plant,1,,,,WDE41095.1,GenBank,JS43,China,soybean
Wang,Pest Management Science,2020,32569396,Colletotrichum gloeosporioides,Cyp51A,Prochloraz,E423K,1,0.11 _g/mL (EC50),Environment,"Host: Tropical fruits; Drug family: Azole; Also, one mutation at stop codon",Glomerella cingulata,Cyp51,Agricultural,plant,1,,,,WDE41095.1,GenBank,JS43,China,soybean
Wang,Pest Management Science,2020,32569396,Colletotrichum gloeosporioides,Cyp51B,Prochloraz,L189M,1,0.11 _g/mL (EC50),Environment,"Host: Tropical fruits; Drug family: Azole; Also, one mutation at stop codon",Glomerella cingulata,Cyp51,Agricultural,plant,1,,,,WDE41095.1,GenBank,JS43,China,soybean
Wang,Pest Management Science,2020,32569396,Colletotrichum gloeosporioides,Cyp51B,Prochloraz,Q359N,1,0.11 _g/mL (EC50),Environment,"Host: Tropical fruits; Drug family: Azole; Also, one mutation at stop codon",Glomerella cingulata,Cyp51,Agricultural,plant,1,,,,WDE41095.1,GenBank,JS43,China,soybean
Wang,Pest Management Science,2020,32569396,Colletotrichum gloeosporioides,Cyp51B,Prochloraz,T397I,1,0.11 _g/mL (EC50),Environment,"Host: Tropical fruits; Drug family: Azole; Also, one mutation at stop codon",Glomerella cingulata,Cyp51,Agricultural,plant,1,,,,WDE41095.1,GenBank,JS43,China,soybean
Wang,Pest Management Science,2020,32569396,Colletotrichum gloeosporioides,Cyp51A,Difenoconazole,P10P,1,1.15 _g/mL (EC50),Environment,"Host: Tropical fruits; Drug family: Azole; Also, one mutation at stop codon",Glomerella cingulata,Cyp51,Agricultural,plant,1,,,,WDE41095.1,GenBank,JS199,China,soybean
Wang,Pest Management Science,2020,32569396,Colletotrichum gloeosporioides,Cyp51A,Difenoconazole,L24V,1,1.15 _g/mL (EC50),Environment,"Host: Tropical fruits; Drug family: Azole; Also, one mutation at stop codon",Glomerella cingulata,Cyp51,Agricultural,plant,1,,,,WDE41095.1,GenBank,JS199,China,soybean
Wang,Pest Management Science,2020,32569396,Colletotrichum gloeosporioides,Cyp51A,Difenoconazole,L58V,1,1.15 _g/mL (EC50),Environment,"Host: Tropical fruits; Drug family: Azole; Also, one mutation at stop codon",Glomerella cingulata,Cyp51,Agricultural,plant,1,,,,WDE41095.1,GenBank,JS199,China,soybean
Wang,Pest Management Science,2020,32569396,Colletotrichum gloeosporioides,Cyp51A,Difenoconazole,A73V,1,1.15 _g/mL (EC50),Environment,"Host: Tropical fruits; Drug family: Azole; Also, one mutation at stop codon",Glomerella cingulata,Cyp51,Agricultural,plant,1,,,,WDE41095.1,GenBank,JS199,China,soybean
Wang,Pest Management Science,2020,32569396,Colletotrichum gloeosporioides,Cyp51A,Difenoconazole,I94L,1,1.15 _g/mL (EC50),Environment,"Host: Tropical fruits; Drug family: Azole; Also, one mutation at stop codon",Glomerella cingulata,Cyp51,Agricultural,plant,1,,,,WDE41095.1,GenBank,JS199,China,soybean
Wang,Pest Management Science,2020,32569396,Colletotrichum gloeosporioides,Cyp51A,Difenoconazole,S175P,1,1.15 _g/mL (EC50),Environment,"Host: Tropical fruits; Drug family: Azole; Also, one mutation at stop codon",Glomerella cingulata,Cyp51,Agricultural,plant,1,,,,WDE41095.1,GenBank,JS199,China,soybean
Wang,Pest Management Science,2020,32569396,Colletotrichum gloeosporioides,Cyp51A,Difenoconazole,V387I,1,1.15 _g/mL (EC50),Environment,"Host: Tropical fruits; Drug family: Azole; Also, one mutation at stop codon",Glomerella cingulata,Cyp51,Agricultural,plant,1,,,,WDE41095.1,GenBank,JS199,China,soybean
Wang,Pest Management Science,2020,32569396,Colletotrichum gloeosporioides,Cyp51A,Difenoconazole,E423K,1,1.15 _g/mL (EC50),Environment,"Host: Tropical fruits; Drug family: Azole; Also, one mutation at stop codon",Glomerella cingulata,Cyp51,Agricultural,plant,1,,,,WDE41095.1,GenBank,JS199,China,soybean
Wang,Pest Management Science,2020,32569396,Colletotrichum gloeosporioides,Cyp51B,Difenoconazole,L189M,1,1.15 _g/mL (EC50),Environment,"Host: Tropical fruits; Drug family: Azole; Also, one mutation at stop codon",Glomerella cingulata,Cyp51,Agricultural,plant,1,,,,WDE41095.1,GenBank,JS199,China,soybean
Wang,Pest Management Science,2020,32569396,Colletotrichum gloeosporioides,Cyp51B,Difenoconazole,Q359H,1,1.15 _g/mL (EC50),Environment,"Host: Tropical fruits; Drug family: Azole; Also, one mutation at stop codon",Glomerella cingulata,Cyp51,Agricultural,plant,1,,,,WDE41095.1,GenBank,JS199,China,soybean
Wang,Pest Management Science,2020,32569396,Colletotrichum gloeosporioides,Cyp51B,Difenoconazole,T397I,1,1.15 _g/mL (EC50),Environment,"Host: Tropical fruits; Drug family: Azole; Also, one mutation at stop codon",Glomerella cingulata,Cyp51,Agricultural,plant,1,,,,WDE41095.1,GenBank,JS199,China,soybean
Wang,Pest Management Science,2020,32569396,Colletotrichum gloeosporioides,Cyp51A,Propiconazole,P10P,1,1.10 _g/mL (EC50),Environment,"Host: Tropical fruits; Drug family: Azole; Also, one mutation at stop codon",Glomerella cingulata,Cyp51,Agricultural,plant,1,,,,WDE41095.1,GenBank,JS199,China,soybean
Wang,Pest Management Science,2020,32569396,Colletotrichum gloeosporioides,Cyp51A,Propiconazole,L24V,1,1.10 _g/mL (EC50),Environment,"Host: Tropical fruits; Drug family: Azole; Also, one mutation at stop codon",Glomerella cingulata,Cyp51,Agricultural,plant,1,,,,WDE41095.1,GenBank,JS199,China,soybean
Wang,Pest Management Science,2020,32569396,Colletotrichum gloeosporioides,Cyp51A,Propiconazole,L58V,1,1.10 _g/mL (EC50),Environment,"Host: Tropical fruits; Drug family: Azole; Also, one mutation at stop codon",Glomerella cingulata,Cyp51,Agricultural,plant,1,,,,WDE41095.1,GenBank,JS199,China,soybean
Wang,Pest Management Science,2020,32569396,Colletotrichum gloeosporioides,Cyp51A,Propiconazole,A73V,1,1.10 _g/mL (EC50),Environment,"Host: Tropical fruits; Drug family: Azole; Also, one mutation at stop codon",Glomerella cingulata,Cyp51,Agricultural,plant,1,,,,WDE41095.1,GenBank,JS199,China,soybean
Wang,Pest Management Science,2020,32569396,Colletotrichum gloeosporioides,Cyp51A,Propiconazole,I94L,1,1.10 _g/mL (EC50),Environment,"Host: Tropical fruits; Drug family: Azole; Also, one mutation at stop codon",Glomerella cingulata,Cyp51,Agricultural,plant,1,,,,WDE41095.1,GenBank,JS199,China,soybean
Wang,Pest Management Science,2020,32569396,Colletotrichum gloeosporioides,Cyp51A,Propiconazole,S175P,1,1.10 _g/mL (EC50),Environment,"Host: Tropical fruits; Drug family: Azole; Also, one mutation at stop codon",Glomerella cingulata,Cyp51,Agricultural,plant,1,,,,WDE41095.1,GenBank,JS199,China,soybean
Wang,Pest Management Science,2020,32569396,Colletotrichum gloeosporioides,Cyp51A,Propiconazole,V387I,1,1.10 _g/mL (EC50),Environment,"Host: Tropical fruits; Drug family: Azole; Also, one mutation at stop codon",Glomerella cingulata,Cyp51,Agricultural,plant,1,,,,WDE41095.1,GenBank,JS199,China,soybean
Wang,Pest Management Science,2020,32569396,Colletotrichum gloeosporioides,Cyp51A,Propiconazole,E423K,1,1.10 _g/mL (EC50),Environment,"Host: Tropical fruits; Drug family: Azole; Also, one mutation at stop codon",Glomerella cingulata,Cyp51,Agricultural,plant,1,,,,WDE41095.1,GenBank,JS199,China,soybean
Wang,Pest Management Science,2020,32569396,Colletotrichum gloeosporioides,Cyp51B,Propiconazole,L189M,1,1.10 _g/mL (EC50),Environment,"Host: Tropical fruits; Drug family: Azole; Also, one mutation at stop codon",Glomerella cingulata,Cyp51,Agricultural,plant,1,,,,WDE41095.1,GenBank,JS199,China,soybean
Wang,Pest Management Science,2020,32569396,Colletotrichum gloeosporioides,Cyp51B,Propiconazole,Q359H,1,1.10 _g/mL (EC50),Environment,"Host: Tropical fruits; Drug family: Azole; Also, one mutation at stop codon",Glomerella cingulata,Cyp51,Agricultural,plant,1,,,,WDE41095.1,GenBank,JS199,China,soybean
Wang,Pest Management Science,2020,32569396,Colletotrichum gloeosporioides,Cyp51B,Propiconazole,T397I,1,1.10 _g/mL (EC50),Environment,"Host: Tropical fruits; Drug family: Azole; Also, one mutation at stop codon",Glomerella cingulata,Cyp51,Agricultural,plant,1,,,,WDE41095.1,GenBank,JS199,China,soybean
Wang,Pest Management Science,2020,32569396,Colletotrichum gloeosporioides,Cyp51A,Prochloraz,P10P,1,0.087 _g/mL (EC50),Environment,"Host: Tropical fruits; Drug family: Azole; Also, one mutation at stop codon",Glomerella cingulata,Cyp51,Agricultural,plant,1,,,,WDE41095.1,GenBank,JS199,China,soybean
Wang,Pest Management Science,2020,32569396,Colletotrichum gloeosporioides,Cyp51A,Prochloraz,L24V,1,0.087 _g/mL (EC50),Environment,"Host: Tropical fruits; Drug family: Azole; Also, one mutation at stop codon",Glomerella cingulata,Cyp51,Agricultural,plant,1,,,,WDE41095.1,GenBank,JS199,China,soybean
Wang,Pest Management Science,2020,32569396,Colletotrichum gloeosporioides,Cyp51A,Prochloraz,L58V,1,0.087 _g/mL (EC50),Environment,"Host: Tropical fruits; Drug family: Azole; Also, one mutation at stop codon",Glomerella cingulata,Cyp51,Agricultural,plant,1,,,,WDE41095.1,GenBank,JS199,China,soybean
Wang,Pest Management Science,2020,32569396,Colletotrichum gloeosporioides,Cyp51A,Prochloraz,A73V,1,0.087 _g/mL (EC50),Environment,"Host: Tropical fruits; Drug family: Azole; Also, one mutation at stop codon",Glomerella cingulata,Cyp51,Agricultural,plant,1,,,,WDE41095.1,GenBank,JS199,China,soybean
Wang,Pest Management Science,2020,32569396,Colletotrichum gloeosporioides,Cyp51A,Prochloraz,I94L,1,0.087 _g/mL (EC50),Environment,"Host: Tropical fruits; Drug family: Azole; Also, one mutation at stop codon",Glomerella cingulata,Cyp51,Agricultural,plant,1,,,,WDE41095.1,GenBank,JS199,China,soybean
Wang,Pest Management Science,2020,32569396,Colletotrichum gloeosporioides,Cyp51A,Prochloraz,S175P,1,0.087 _g/mL (EC50),Environment,"Host: Tropical fruits; Drug family: Azole; Also, one mutation at stop codon",Glomerella cingulata,Cyp51,Agricultural,plant,1,,,,WDE41095.1,GenBank,JS199,China,soybean
Wang,Pest Management Science,2020,32569396,Colletotrichum gloeosporioides,Cyp51A,Prochloraz,V387I,1,0.087 _g/mL (EC50),Environment,"Host: Tropical fruits; Drug family: Azole; Also, one mutation at stop codon",Glomerella cingulata,Cyp51,Agricultural,plant,1,,,,WDE41095.1,GenBank,JS199,China,soybean
Wang,Pest Management Science,2020,32569396,Colletotrichum gloeosporioides,Cyp51A,Prochloraz,E423K,1,0.087 _g/mL (EC50),Environment,"Host: Tropical fruits; Drug family: Azole; Also, one mutation at stop codon",Glomerella cingulata,Cyp51,Agricultural,plant,1,,,,WDE41095.1,GenBank,JS199,China,soybean
Wang,Pest Management Science,2020,32569396,Colletotrichum gloeosporioides,Cyp51B,Prochloraz,L189M,1,0.087 _g/mL (EC50),Environment,"Host: Tropical fruits; Drug family: Azole; Also, one mutation at stop codon",Glomerella cingulata,Cyp51,Agricultural,plant,1,,,,WDE41095.1,GenBank,JS199,China,soybean
Wang,Pest Management Science,2020,32569396,Colletotrichum gloeosporioides,Cyp51B,Prochloraz,Q359H,1,0.087 _g/mL (EC50),Environment,"Host: Tropical fruits; Drug family: Azole; Also, one mutation at stop codon",Glomerella cingulata,Cyp51,Agricultural,plant,1,,,,WDE41095.1,GenBank,JS199,China,soybean
Wang,Pest Management Science,2020,32569396,Colletotrichum gloeosporioides,Cyp51B,Prochloraz,T397I,1,0.087 _g/mL (EC50),Environment,"Host: Tropical fruits; Drug family: Azole; Also, one mutation at stop codon",Glomerella cingulata,Cyp51,Agricultural,plant,1,,,,WDE41095.1,GenBank,JS199,China,soybean
Wang,Pest Management Science,2020,32569396,Colletotrichum gloeosporioides,Cyp51A,Difenoconazole,P10P,1,2.11 _g/mL (EC50),Environment,"Host: Tropical fruits; Drug family: Azole; Also, one mutation at stop codon",Glomerella cingulata,Cyp51,Agricultural,plant,1,,,,WDE41095.1,GenBank,JS301,China,soybean
Wang,Pest Management Science,2020,32569396,Colletotrichum gloeosporioides,Cyp51A,Difenoconazole,L24V,1,2.11 _g/mL (EC50),Environment,"Host: Tropical fruits; Drug family: Azole; Also, one mutation at stop codon",Glomerella cingulata,Cyp51,Agricultural,plant,1,,,,WDE41095.1,GenBank,JS301,China,soybean
Wang,Pest Management Science,2020,32569396,Colletotrichum gloeosporioides,Cyp51A,Difenoconazole,L58V,1,2.11 _g/mL (EC50),Environment,"Host: Tropical fruits; Drug family: Azole; Also, one mutation at stop codon",Glomerella cingulata,Cyp51,Agricultural,plant,1,,,,WDE41095.1,GenBank,JS301,China,soybean
Wang,Pest Management Science,2020,32569396,Colletotrichum gloeosporioides,Cyp51A,Difenoconazole,A73V,1,2.11 _g/mL (EC50),Environment,"Host: Tropical fruits; Drug family: Azole; Also, one mutation at stop codon",Glomerella cingulata,Cyp51,Agricultural,plant,1,,,,WDE41095.1,GenBank,JS301,China,soybean
Wang,Pest Management Science,2020,32569396,Colletotrichum gloeosporioides,Cyp51A,Difenoconazole,I94L,1,2.11 _g/mL (EC50),Environment,"Host: Tropical fruits; Drug family: Azole; Also, one mutation at stop codon",Glomerella cingulata,Cyp51,Agricultural,plant,1,,,,WDE41095.1,GenBank,JS301,China,soybean
Wang,Pest Management Science,2020,32569396,Colletotrichum gloeosporioides,Cyp51A,Difenoconazole,S175P,1,2.11 _g/mL (EC50),Environment,"Host: Tropical fruits; Drug family: Azole; Also, one mutation at stop codon",Glomerella cingulata,Cyp51,Agricultural,plant,1,,,,WDE41095.1,GenBank,JS301,China,soybean
Wang,Pest Management Science,2020,32569396,Colletotrichum gloeosporioides,Cyp51A,Difenoconazole,V387I,1,2.11 _g/mL (EC50),Environment,"Host: Tropical fruits; Drug family: Azole; Also, one mutation at stop codon",Glomerella cingulata,Cyp51,Agricultural,plant,1,,,,WDE41095.1,GenBank,JS301,China,soybean
Wang,Pest Management Science,2020,32569396,Colletotrichum gloeosporioides,Cyp51A,Difenoconazole,E423K,1,2.11 _g/mL (EC50),Environment,"Host: Tropical fruits; Drug family: Azole; Also, one mutation at stop codon",Glomerella cingulata,Cyp51,Agricultural,plant,1,,,,WDE41095.1,GenBank,JS301,China,soybean
Wang,Pest Management Science,2020,32569396,Colletotrichum gloeosporioides,Cyp51A,Difenoconazole,I328V,1,2.11 _g/mL (EC50),Environment,"Host: Tropical fruits; Drug family: Azole; Also, one mutation at stop codon",Glomerella cingulata,Cyp51,Agricultural,plant,1,,,,WDE41095.1,GenBank,JS301,China,soybean
Wang,Pest Management Science,2020,32569396,Colletotrichum gloeosporioides,Cyp51A,Difenoconazole,N518K,1,2.11 _g/mL (EC50),Environment,"Host: Tropical fruits; Drug family: Azole; Also, one mutation at stop codon",Glomerella cingulata,Cyp51,Agricultural,plant,1,,,,WDE41095.1,GenBank,JS301,China,soybean
Wang,Pest Management Science,2020,32569396,Colletotrichum gloeosporioides,Cyp51A,Difenoconazole,N518K,1,2.11 _g/mL (EC50),Environment,"Host: Tropical fruits; Drug family: Azole; Also, one mutation at stop codon",Glomerella cingulata,Cyp51,Agricultural,plant,1,,,,WDE41095.1,GenBank,JS301,China,soybean
Wang,Pest Management Science,2020,32569396,Colletotrichum gloeosporioides,Cyp51B,Difenoconazole,L189M,1,2.11 _g/mL (EC50),Environment,"Host: Tropical fruits; Drug family: Azole; Also, one mutation at stop codon",Glomerella cingulata,Cyp51,Agricultural,plant,1,,,,WDE41095.1,GenBank,JS301,China,soybean
Wang,Pest Management Science,2020,32569396,Colletotrichum gloeosporioides,Cyp51B,Difenoconazole,Q359H,1,2.11 _g/mL (EC50),Environment,"Host: Tropical fruits; Drug family: Azole; Also, one mutation at stop codon",Glomerella cingulata,Cyp51,Agricultural,plant,1,,,,WDE41095.1,GenBank,JS301,China,soybean
Wang,Pest Management Science,2020,32569396,Colletotrichum gloeosporioides,Cyp51B,Difenoconazole,T397I,1,2.11 _g/mL (EC50),Environment,"Host: Tropical fruits; Drug family: Azole; Also, one mutation at stop codon",Glomerella cingulata,Cyp51,Agricultural,plant,1,,,,WDE41095.1,GenBank,JS301,China,soybean
Wang,Pest Management Science,2020,32569396,Colletotrichum gloeosporioides,Cyp51A,Prochloraz,P10P,1,1.40 _g/mL (EC50),Environment,"Host: Tropical fruits; Drug family: Azole; Also, one mutation at stop codon",Glomerella cingulata,Cyp51,Agricultural,plant,1,,,,WDE41095.1,GenBank,JS301,China,soybean
Wang,Pest Management Science,2020,32569396,Colletotrichum gloeosporioides,Cyp51A,Prochloraz,L24V,1,1.40 _g/mL (EC50),Environment,"Host: Tropical fruits; Drug family: Azole; Also, one mutation at stop codon",Glomerella cingulata,Cyp51,Agricultural,plant,1,,,,WDE41095.1,GenBank,JS301,China,soybean
Wang,Pest Management Science,2020,32569396,Colletotrichum gloeosporioides,Cyp51A,Prochloraz,L58V,1,1.40 _g/mL (EC50),Environment,"Host: Tropical fruits; Drug family: Azole; Also, one mutation at stop codon",Glomerella cingulata,Cyp51,Agricultural,plant,1,,,,WDE41095.1,GenBank,JS301,China,soybean
Wang,Pest Management Science,2020,32569396,Colletotrichum gloeosporioides,Cyp51A,Prochloraz,A73V,1,1.40 _g/mL (EC50),Environment,"Host: Tropical fruits; Drug family: Azole; Also, one mutation at stop codon",Glomerella cingulata,Cyp51,Agricultural,plant,1,,,,WDE41095.1,GenBank,JS301,China,soybean
Wang,Pest Management Science,2020,32569396,Colletotrichum gloeosporioides,Cyp51A,Prochloraz,I94L,1,1.40 _g/mL (EC50),Environment,"Host: Tropical fruits; Drug family: Azole; Also, one mutation at stop codon",Glomerella cingulata,Cyp51,Agricultural,plant,1,,,,WDE41095.1,GenBank,JS301,China,soybean
Wang,Pest Management Science,2020,32569396,Colletotrichum gloeosporioides,Cyp51A,Prochloraz,S175P,1,1.40 _g/mL (EC50),Environment,"Host: Tropical fruits; Drug family: Azole; Also, one mutation at stop codon",Glomerella cingulata,Cyp51,Agricultural,plant,1,,,,WDE41095.1,GenBank,JS301,China,soybean
Wang,Pest Management Science,2020,32569396,Colletotrichum gloeosporioides,Cyp51A,Prochloraz,V387I,1,1.40 _g/mL (EC50),Environment,"Host: Tropical fruits; Drug family: Azole; Also, one mutation at stop codon",Glomerella cingulata,Cyp51,Agricultural,plant,1,,,,WDE41095.1,GenBank,JS301,China,soybean
Wang,Pest Management Science,2020,32569396,Colletotrichum gloeosporioides,Cyp51A,Prochloraz,E423K,1,1.40 _g/mL (EC50),Environment,"Host: Tropical fruits; Drug family: Azole; Also, one mutation at stop codon",Glomerella cingulata,Cyp51,Agricultural,plant,1,,,,WDE41095.1,GenBank,JS301,China,soybean
Wang,Pest Management Science,2020,32569396,Colletotrichum gloeosporioides,Cyp51A,Prochloraz,I328V,1,1.40 _g/mL (EC50),Environment,"Host: Tropical fruits; Drug family: Azole; Also, one mutation at stop codon",Glomerella cingulata,Cyp51,Agricultural,plant,1,,,,WDE41095.1,GenBank,JS301,China,soybean
Wang,Pest Management Science,2020,32569396,Colletotrichum gloeosporioides,Cyp51A,Prochloraz,N518K,1,1.40 _g/mL (EC50),Environment,"Host: Tropical fruits; Drug family: Azole; Also, one mutation at stop codon",Glomerella cingulata,Cyp51,Agricultural,plant,1,,,,WDE41095.1,GenBank,JS301,China,soybean
Wang,Pest Management Science,2020,32569396,Colletotrichum gloeosporioides,Cyp51A,Prochloraz,N518K,1,1.40 _g/mL (EC50),Environment,"Host: Tropical fruits; Drug family: Azole; Also, one mutation at stop codon",Glomerella cingulata,Cyp51,Agricultural,plant,1,,,,WDE41095.1,GenBank,JS301,China,soybean
Wang,Pest Management Science,2020,32569396,Colletotrichum gloeosporioides,Cyp51B,Prochloraz,L189M,1,1.40 _g/mL (EC50),Environment,"Host: Tropical fruits; Drug family: Azole; Also, one mutation at stop codon",Glomerella cingulata,Cyp51,Agricultural,plant,1,,,,WDE41095.1,GenBank,JS301,China,soybean
Wang,Pest Management Science,2020,32569396,Colletotrichum gloeosporioides,Cyp51B,Prochloraz,Q359H,1,1.40 _g/mL (EC50),Environment,"Host: Tropical fruits; Drug family: Azole; Also, one mutation at stop codon",Glomerella cingulata,Cyp51,Agricultural,plant,1,,,,WDE41095.1,GenBank,JS301,China,soybean
Wang,Pest Management Science,2020,32569396,Colletotrichum gloeosporioides,Cyp51B,Prochloraz,T397I,1,1.40 _g/mL (EC50),Environment,"Host: Tropical fruits; Drug family: Azole; Also, one mutation at stop codon",Glomerella cingulata,Cyp51,Agricultural,plant,1,,,,WDE41095.1,GenBank,JS301,China,soybean
Wang,Pest Management Science,2020,32569396,Colletotrichum gloeosporioides,Cyp51A,Difenoconazole,P10P,1,0.10 _g/mL (EC50),Environment,"Host: Tropical fruits; Drug family: Azole; Also, one mutation at stop codon",Glomerella cingulata,Cyp51,Agricultural,plant,1,,,,WDE41095.1,GenBank,JS301,China,soybean
Wang,Pest Management Science,2020,32569396,Colletotrichum gloeosporioides,Cyp51A,Difenoconazole,L24V,1,0.10 _g/mL (EC50),Environment,"Host: Tropical fruits; Drug family: Azole; Also, one mutation at stop codon",Glomerella cingulata,Cyp51,Agricultural,plant,1,,,,WDE41095.1,GenBank,JS301,China,soybean
Wang,Pest Management Science,2020,32569396,Colletotrichum gloeosporioides,Cyp51A,Difenoconazole,L58V,1,0.10 _g/mL (EC50),Environment,"Host: Tropical fruits; Drug family: Azole; Also, one mutation at stop codon",Glomerella cingulata,Cyp51,Agricultural,plant,1,,,,WDE41095.1,GenBank,JS301,China,soybean
Wang,Pest Management Science,2020,32569396,Colletotrichum gloeosporioides,Cyp51A,Difenoconazole,A73V,1,0.10 _g/mL (EC50),Environment,"Host: Tropical fruits; Drug family: Azole; Also, one mutation at stop codon",Glomerella cingulata,Cyp51,Agricultural,plant,1,,,,WDE41095.1,GenBank,JS301,China,soybean
Wang,Pest Management Science,2020,32569396,Colletotrichum gloeosporioides,Cyp51A,Difenoconazole,I94L,1,0.10 _g/mL (EC50),Environment,"Host: Tropical fruits; Drug family: Azole; Also, one mutation at stop codon",Glomerella cingulata,Cyp51,Agricultural,plant,1,,,,WDE41095.1,GenBank,JS301,China,soybean
Wang,Pest Management Science,2020,32569396,Colletotrichum gloeosporioides,Cyp51A,Difenoconazole,S175P,1,0.10 _g/mL (EC50),Environment,"Host: Tropical fruits; Drug family: Azole; Also, one mutation at stop codon",Glomerella cingulata,Cyp51,Agricultural,plant,1,,,,WDE41095.1,GenBank,JS301,China,soybean
Wang,Pest Management Science,2020,32569396,Colletotrichum gloeosporioides,Cyp51A,Difenoconazole,V387I,1,0.10 _g/mL (EC50),Environment,"Host: Tropical fruits; Drug family: Azole; Also, one mutation at stop codon",Glomerella cingulata,Cyp51,Agricultural,plant,1,,,,WDE41095.1,GenBank,JS301,China,soybean
Wang,Pest Management Science,2020,32569396,Colletotrichum gloeosporioides,Cyp51A,Difenoconazole,E423K,1,0.10 _g/mL (EC50),Environment,"Host: Tropical fruits; Drug family: Azole; Also, one mutation at stop codon",Glomerella cingulata,Cyp51,Agricultural,plant,1,,,,WDE41095.1,GenBank,JS301,China,soybean
Wang,Pest Management Science,2020,32569396,Colletotrichum gloeosporioides,Cyp51A,Difenoconazole,I328V,1,0.10 _g/mL (EC50),Environment,"Host: Tropical fruits; Drug family: Azole; Also, one mutation at stop codon",Glomerella cingulata,Cyp51,Agricultural,plant,1,,,,WDE41095.1,GenBank,JS301,China,soybean
Wang,Pest Management Science,2020,32569396,Colletotrichum gloeosporioides,Cyp51A,Difenoconazole,N518K,1,0.10 _g/mL (EC50),Environment,"Host: Tropical fruits; Drug family: Azole; Also, one mutation at stop codon",Glomerella cingulata,Cyp51,Agricultural,plant,1,,,,WDE41095.1,GenBank,JS301,China,soybean
Wang,Pest Management Science,2020,32569396,Colletotrichum gloeosporioides,Cyp51A,Difenoconazole,N518K,1,0.10 _g/mL (EC50),Environment,"Host: Tropical fruits; Drug family: Azole; Also, one mutation at stop codon",Glomerella cingulata,Cyp51,Agricultural,plant,1,,,,WDE41095.1,GenBank,JS301,China,soybean
Wang,Pest Management Science,2020,32569396,Colletotrichum gloeosporioides,Cyp51B,Difenoconazole,L189M,1,0.10 _g/mL (EC50),Environment,"Host: Tropical fruits; Drug family: Azole; Also, one mutation at stop codon",Glomerella cingulata,Cyp51,Agricultural,plant,1,,,,WDE41095.1,GenBank,JS301,China,soybean
Wang,Pest Management Science,2020,32569396,Colletotrichum gloeosporioides,Cyp51B,Difenoconazole,Q359H,1,0.10 _g/mL (EC50),Environment,"Host: Tropical fruits; Drug family: Azole; Also, one mutation at stop codon",Glomerella cingulata,Cyp51,Agricultural,plant,1,,,,WDE41095.1,GenBank,JS301,China,soybean
Wang,Pest Management Science,2020,32569396,Colletotrichum gloeosporioides,Cyp51B,Difenoconazole,T397I,1,0.10 _g/mL (EC50),Environment,"Host: Tropical fruits; Drug family: Azole; Also, one mutation at stop codon",Glomerella cingulata,Cyp51,Agricultural,plant,1,,,,WDE41095.1,GenBank,JS301,China,soybean
Carolus,mBio,2021,33820824,Candida auris,Fks1,Caspofungin,F635del,7,64 �g/mL,Evolved,"Resistance measured with MIC50. Important, strain exposed to caspofungin and isolated at 15 days. Deletion at 635 in FKS1 previously described in C. glabrata (Johnson et al, AAC, 2011) and C. auris (Alfouzan et al, JFungi, 2020)",,Fks,Clinical,human&animal,7,,,,KAK8441599,NCBI,C15,Pakistan,Homo Sapiens
Carolus,mBio,2021,33820824,Candida auris,Fks1,Caspofungin,M690I,7,64 �g/mL,Evolved,"Resistance measured with MIC50. Important, strain exposed to caspofungin and isolated at 15 days. Deletion at 635 in FKS1 previously described in C. glabrata (Johnson et al, AAC, 2011) and C. auris (Alfouzan et al, JFungi, 2020)",,Fks,Clinical,human&animal,7,,,,KAK8441599,NCBI,C15,Pakistan,Homo Sapiens
Carolus,mBio,2021,33820824,Candida auris,Erg3,Amphotericin B,L207I,7,0.5 �g/mL,Evolved,"Resistance measured with MIC50. Important, strain exposed to caspofungin and isolated at 20 days. Deletion at 635 in FKS1 previously described in C. glabrata (Johnson et al, AAC, 2011) and C. auris (Alfouzan et al, JFungi, 2020)",,Erg3,Clinical,human&animal,7,,,,KAK8441599,NCBI,C20,Pakistan,Homo Sapiens
Carolus,mBio,2021,33820824,Candida auris,Fks1 ,Amphotericin B,F635del,7,0.5 �g/mL,Evolved,"Resistance measured with MIC50. Important, strain exposed to caspofungin and isolated at 20 days. Deletion at 635 in FKS1 previously described in C. glabrata (Johnson et al, AAC, 2011) and C. auris (Alfouzan et al, JFungi, 2020)",,Fks,Clinical,human&animal,7,,,,KAK8441599,NCBI,C20,Pakistan,Homo Sapiens
Carolus,mBio,2021,33820824,Candida auris,Fks1,Amphotericin B,M690I,7,0.5 �g/mL,Evolved,"Resistance measured with MIC50. Important, strain exposed to caspofungin and isolated at 20 days. Deletion at 635 in FKS1 previously described in C. glabrata (Johnson et al, AAC, 2011) and C. auris (Alfouzan et al, JFungi, 2020)",,Fks,Clinical,human&animal,7,,,,KAK8441599,NCBI,C20,Pakistan,Homo Sapiens
Carolus,mBio,2021,33820824,Candida auris,Erg3,Caspofungin,L207I,7,>64 �g/mL,Evolved,"Resistance measured with MIC50. Important, strain exposed to caspofungin and isolated at 20 days. Deletion at 635 in FKS1 previously described in C. glabrata (Johnson et al, AAC, 2011) and C. auris (Alfouzan et al, JFungi, 2020)",,Erg3,Clinical,human&animal,7,,,,KAK8441599,NCBI,C20,Pakistan,Homo Sapiens
Carolus,mBio,2021,33820824,Candida auris,Fks1 ,Caspofungin,F635del,7,>64 �g/mL,Evolved,"Resistance measured with MIC50. Important, strain exposed to caspofungin and isolated at 20 days. Deletion at 635 in FKS1 previously described in C. glabrata (Johnson et al, AAC, 2011) and C. auris (Alfouzan et al, JFungi, 2020)",,Fks,Clinical,human&animal,7,,,,KAK8441599,NCBI,C20,Pakistan,Homo Sapiens
Carolus,mBio,2021,33820824,Candida auris,Fks1,Caspofungin,M690I,7,>64 �g/mL,Evolved,"Resistance measured with MIC50. Important, strain exposed to caspofungin and isolated at 20 days. Deletion at 635 in FKS1 previously described in C. glabrata (Johnson et al, AAC, 2011) and C. auris (Alfouzan et al, JFungi, 2020)",,Fks,Clinical,human&animal,7,,,,KAK8441599,NCBI,C20,Pakistan,Homo Sapiens
Carolus,mBio,2021,33820824,Candida auris,Erg3,Fluconazole,L207I,7,0.5 �g/mL,Evolved,"Resistance measured with MIC50. Important, strain exposed to caspofungin and isolated at 20 days. Deletion at 635 in FKS1 previously described in C. glabrata (Johnson et al, AAC, 2011) and C. auris (Alfouzan et al, JFungi, 2020)",,Erg3,Clinical,human&animal,7,,,,KAK8441599,NCBI,C20,Pakistan,Homo Sapiens
Carolus,mBio,2021,33820824,Candida auris,Fks1 ,Fluconazole,F635del,7,0.5 �g/mL,Evolved,"Resistance measured with MIC50. Important, strain exposed to caspofungin and isolated at 20 days. Deletion at 635 in FKS1 previously described in C. glabrata (Johnson et al, AAC, 2011) and C. auris (Alfouzan et al, JFungi, 2020)",,Fks,Clinical,human&animal,7,,,,KAK8441599,NCBI,C20,Pakistan,Homo Sapiens
Carolus,mBio,2021,33820824,Candida auris,Fks1,Fluconazole,M690I,7,0.5 �g/mL,Evolved,"Resistance measured with MIC50. Important, strain exposed to caspofungin and isolated at 20 days. Deletion at 635 in FKS1 previously described in C. glabrata (Johnson et al, AAC, 2011) and C. auris (Alfouzan et al, JFungi, 2020)",,Fks,Clinical,human&animal,7,,,,KAK8441599,NCBI,C20,Pakistan,Homo Sapiens
Carolus,mBio,2021,33820824,Candida auris,Tac1B,Amphotericin B,Duplication,7,0.5 �g/mL,Evolved,"Resistance measured with MIC50. Important, C20 strain (previously exposed to caspofungin for 20 days) exposed to fluconazole, newly evolved strain isolated at 16 days. Duplication of chr5 contains TAC1b. Deletion at 635 in FKS1 previously described in C. glabrata (Johnson et al, AAC, 2011) and C. auris (Alfouzan et al, JFungi, 2020)",,Tac1,Clinical,human&animal,7,,,,KAK8441599,NCBI,CF16,Pakistan,Homo Sapiens
Carolus,mBio,2021,33820824,Candida auris,Erg3,Amphotericin B,L207I,7,0.5 �g/mL,Evolved,"Resistance measured with MIC50. Important, C20 strain (previously exposed to caspofungin for 20 days) exposed to fluconazole, newly evolved strain isolated at 16 days. Duplication of chr5 contains TAC1b. Deletion at 635 in FKS1 previously described in C. glabrata (Johnson et al, AAC, 2011) and C. auris (Alfouzan et al, JFungi, 2020)",,Erg3,Clinical,human&animal,7,,,,KAK8441599,NCBI,CF16,Pakistan,Homo Sapiens
Carolus,mBio,2021,33820824,Candida auris,Fks1 ,Amphotericin B,F635del,7,0.5 �g/mL,Evolved,"Resistance measured with MIC50. Important, C20 strain (previously exposed to caspofungin for 20 days) exposed to fluconazole, newly evolved strain isolated at 16 days. Duplication of chr5 contains TAC1b. Deletion at 635 in FKS1 previously described in C. glabrata (Johnson et al, AAC, 2011) and C. auris (Alfouzan et al, JFungi, 2020)",,Fks,Clinical,human&animal,7,,,,KAK8441599,NCBI,CF16,Pakistan,Homo Sapiens
Carolus,mBio,2021,33820824,Candida auris,Fks1,Amphotericin B,M690I,7,0.5 �g/mL,Evolved,"Resistance measured with MIC50. Important, C20 strain (previously exposed to caspofungin for 20 days) exposed to fluconazole, newly evolved strain isolated at 16 days. Duplication of chr5 contains TAC1b. Deletion at 635 in FKS1 previously described in C. glabrata (Johnson et al, AAC, 2011) and C. auris (Alfouzan et al, JFungi, 2020)",,Fks,Clinical,human&animal,7,,,,KAK8441599,NCBI,CF16,Pakistan,Homo Sapiens
Carolus,mBio,2021,33820824,Candida auris,Tac1B,Caspofungin,Duplication,7,64 �g/mL,Evolved,"Resistance measured with MIC50. Important, C20 strain (previously exposed to caspofungin for 20 days) exposed to fluconazole, newly evolved strain isolated at 16 days. Duplication of chr5 contains TAC1b. Deletion at 635 in FKS1 previously described in C. glabrata (Johnson et al, AAC, 2011) and C. auris (Alfouzan et al, JFungi, 2020)",,Tac1,Clinical,human&animal,7,,,,KAK8441599,NCBI,CF16,Pakistan,Homo Sapiens
Carolus,mBio,2021,33820824,Candida auris,Erg3,Caspofungin,L207I,7,64 �g/mL,Evolved,"Resistance measured with MIC50. Important, C20 strain (previously exposed to caspofungin for 20 days) exposed to fluconazole, newly evolved strain isolated at 16 days. Duplication of chr5 contains TAC1b. Deletion at 635 in FKS1 previously described in C. glabrata (Johnson et al, AAC, 2011) and C. auris (Alfouzan et al, JFungi, 2020)",,Erg3,Clinical,human&animal,7,,,,KAK8441599,NCBI,CF16,Pakistan,Homo Sapiens
Carolus,mBio,2021,33820824,Candida auris,Fks1 ,Caspofungin,F635del,7,64 �g/mL,Evolved,"Resistance measured with MIC50. Important, C20 strain (previously exposed to caspofungin for 20 days) exposed to fluconazole, newly evolved strain isolated at 16 days. Duplication of chr5 contains TAC1b. Deletion at 635 in FKS1 previously described in C. glabrata (Johnson et al, AAC, 2011) and C. auris (Alfouzan et al, JFungi, 2020)",,Fks,Clinical,human&animal,7,,,,KAK8441599,NCBI,CF16,Pakistan,Homo Sapiens
Carolus,mBio,2021,33820824,Candida auris,Fks1,Caspofungin,M690I,7,64 �g/mL,Evolved,"Resistance measured with MIC50. Important, C20 strain (previously exposed to caspofungin for 20 days) exposed to fluconazole, newly evolved strain isolated at 16 days. Duplication of chr5 contains TAC1b. Deletion at 635 in FKS1 previously described in C. glabrata (Johnson et al, AAC, 2011) and C. auris (Alfouzan et al, JFungi, 2020)",,Fks,Clinical,human&animal,7,,,,KAK8441599,NCBI,CF16,Pakistan,Homo Sapiens
Carolus,mBio,2021,33820824,Candida auris,Tac1B,Fluconazole,Duplication,7,16 �g/mL,Evolved,"Resistance measured with MIC50. Important, C20 strain (previously exposed to caspofungin for 20 days) exposed to fluconazole, newly evolved strain isolated at 16 days. Duplication of chr5 contains TAC1b. Deletion at 635 in FKS1 previously described in C. glabrata (Johnson et al, AAC, 2011) and C. auris (Alfouzan et al, JFungi, 2020)",,Tac1,Clinical,human&animal,7,,,,KAK8441599,NCBI,CF16,Pakistan,Homo Sapiens
Carolus,mBio,2021,33820824,Candida auris,Erg3,Fluconazole,L207I,7,16 �g/mL,Evolved,"Resistance measured with MIC50. Important, C20 strain (previously exposed to caspofungin for 20 days) exposed to fluconazole, newly evolved strain isolated at 16 days. Duplication of chr5 contains TAC1b. Deletion at 635 in FKS1 previously described in C. glabrata (Johnson et al, AAC, 2011) and C. auris (Alfouzan et al, JFungi, 2020)",,Erg3,Clinical,human&animal,7,,,,KAK8441599,NCBI,CF16,Pakistan,Homo Sapiens
Carolus,mBio,2021,33820824,Candida auris,Fks1 ,Fluconazole,F635del,7,16 �g/mL,Evolved,"Resistance measured with MIC50. Important, C20 strain (previously exposed to caspofungin for 20 days) exposed to fluconazole, newly evolved strain isolated at 16 days. Duplication of chr5 contains TAC1b. Deletion at 635 in FKS1 previously described in C. glabrata (Johnson et al, AAC, 2011) and C. auris (Alfouzan et al, JFungi, 2020)",,Fks,Clinical,human&animal,7,,,,KAK8441599,NCBI,CF16,Pakistan,Homo Sapiens
Carolus,mBio,2021,33820824,Candida auris,Fks1,Fluconazole,M690I,7,16 �g/mL,Evolved,"Resistance measured with MIC50. Important, C20 strain (previously exposed to caspofungin for 20 days) exposed to fluconazole, newly evolved strain isolated at 16 days. Duplication of chr5 contains TAC1b. Deletion at 635 in FKS1 previously described in C. glabrata (Johnson et al, AAC, 2011) and C. auris (Alfouzan et al, JFungi, 2020)",,Fks,Clinical,human&animal,7,,,,KAK8441599,NCBI,CF16,Pakistan,Homo Sapiens
Carolus,mBio,2021,33820824,Candida auris,Tac1B,Caspofungin,F191del,7,>64 �g/mL,Evolved,"Resistance measured with MIC50. Important, F30 strain (previously exposed to fluconazole for 30 days) exposed to caspofungin, newly evolved strain isolated at 16 days. Partial duplication in chrI (161kb) contains ERG11",,Tac1,Clinical,human&animal,7,,,, KAK8441599,NCBI,FC16,Pakistan,Homo Sapiens
Carolus,mBio,2021,33820824,Candida auris,Erg11,Fluconazole,Duplication,7,>64 �g/mL,Evolved,"Resistance measured with MIC50. Important, F30 strain (previously exposed to fluconazole for 30 days) exposed to caspofungin, newly evolved strain isolated at 16 days. Partial duplication in chrI (161kb) contains ERG11",,Cyp51,Clinical,human&animal,7,,,, KAK8441599,NCBI,FC16,Pakistan,Homo Sapiens
Carolus,mBio,2021,33820824,Candida auris,Fks1,Fluconazole,F635del,7,>64 �g/mL,Evolved,"Resistance measured with MIC50. Important, F30 strain (previously exposed to fluconazole for 30 days) exposed to caspofungin, newly evolved strain isolated at 16 days. Partial duplication in chrI (161kb) contains ERG11",,Fks,Clinical,human&animal,7,,,, KAK8441599,NCBI,FC16,Pakistan,Homo Sapiens
Carolus,mBio,2021,33820824,Candida auris,Cis2,Fluconazole,A27T,7,>64 �g/mL,Evolved,"Resistance measured with MIC50. Important, F30 strain (previously exposed to fluconazole for 30 days) exposed to caspofungin, newly evolved strain isolated at 16 days. Partial duplication in chrI (161kb) contains ERG11",,Cis2,Clinical,human&animal,7,,,, KAK8441599,NCBI,FC16,Pakistan,Homo Sapiens
Carolus,mBio,2021,33820824,Candida auris,Tac1B,Fluconazole,F191del,7,>64 �g/mL,Evolved,"Resistance measured with MIC50. Important, F30 strain (previously exposed to fluconazole for 30 days) exposed to caspofungin, newly evolved strain isolated at 16 days. Partial duplication in chrI (161kb) contains ERG11",,Tac1,Clinical,human&animal,7,,,, KAK8441599,NCBI,FC16,Pakistan,Homo Sapiens
Carolus,mBio,2021,33820824,Candida auris,Erg11,Fluconazole,Duplication,7,>64 �g/mL,Evolved,"Resistance measured with MIC50. Important, F30 strain (previously exposed to fluconazole for 30 days) exposed to caspofungin, newly evolved strain isolated at 16 days. Partial duplication in chrI (161kb) contains ERG11",,Cyp51,Clinical,human&animal,7,,,, KAK8441599,NCBI,FC16,Pakistan,Homo Sapiens
Carolus,mBio,2021,33820824,Candida auris,Fks1,Fluconazole,F635del,7,>64 �g/mL,Evolved,"Resistance measured with MIC50. Important, F30 strain (previously exposed to fluconazole for 30 days) exposed to caspofungin, newly evolved strain isolated at 16 days. Partial duplication in chrI (161kb) contains ERG11",,Fks,Clinical,human&animal,7,,,, KAK8441599,NCBI,FC16,Pakistan,Homo Sapiens
Carolus,mBio,2021,33820824,Candida auris,Cis2,Fluconazole,A27T,7,>64 �g/mL,Evolved,"Resistance measured with MIC50. Important, F30 strain (previously exposed to fluconazole for 30 days) exposed to caspofungin, newly evolved strain isolated at 16 days. Partial duplication in chrI (161kb) contains ERG11",,Cis2,Clinical,human&animal,7,,,, KAK8441599,NCBI,FC16,Pakistan,Homo Sapiens
Carolus,mBio,2021,33820824,Candida auris,Tac1B,Amphotericin B,F191del,7,1 �g/mL,Evolved,"Resistance measured with MIC50. Important, F30 strain (previously exposed to fluconazole for 30 days) exposed to caspofungin, newly evolved strain isolated at 17 days. Partial duplication in chrI (161kb) contains ERG11",,Tac1,Clinical,human&animal,7,,,, KAK8441599,NCBI,FC17,Pakistan,Homo Sapiens
Carolus,mBio,2021,33820824,Candida auris,Erg11,Amphotericin B,Duplication,7,1 �g/mL,Evolved,"Resistance measured with MIC50. Important, F30 strain (previously exposed to fluconazole for 30 days) exposed to caspofungin, newly evolved strain isolated at 17 days. Partial duplication in chrI (161kb) contains ERG11",,Cyp51,Clinical,human&animal,7,,,, KAK8441599,NCBI,FC17,Pakistan,Homo Sapiens
Carolus,mBio,2021,33820824,Candida auris,Fks1,Amphotericin B,F635del,7,1 �g/mL,Evolved,"Resistance measured with MIC50. Important, F30 strain (previously exposed to fluconazole for 30 days) exposed to caspofungin, newly evolved strain isolated at 17 days. Partial duplication in chrI (161kb) contains ERG11",,Fks,Clinical,human&animal,7,,,, KAK8441599,NCBI,FC17,Pakistan,Homo Sapiens
Carolus,mBio,2021,33820824,Candida auris,Cis2,Amphotericin B,A27T,7,1 �g/mL,Evolved,"Resistance measured with MIC50. Important, F30 strain (previously exposed to fluconazole for 30 days) exposed to caspofungin, newly evolved strain isolated at 17 days. Partial duplication in chrI (161kb) contains ERG11",,Cis2,Clinical,human&animal,7,,,, KAK8441599,NCBI,FC17,Pakistan,Homo Sapiens
Carolus,mBio,2021,33820824,Candida auris,Pea2,Amphotericin B,D367V,7,1 �g/mL,Evolved,"Resistance measured with MIC50. Important, F30 strain (previously exposed to fluconazole for 30 days) exposed to caspofungin, newly evolved strain isolated at 17 days. Partial duplication in chrI (161kb) contains ERG11",,Pea2,Clinical,human&animal,7,,,, KAK8441599,NCBI,FC17,Pakistan,Homo Sapiens
Carolus,mBio,2021,33820824,Candida auris,Tac1B,Caspofungin,F191del,7,>64 �g/mL,Evolved,"Resistance measured with MIC50. Important, F30 strain (previously exposed to fluconazole for 30 days) exposed to caspofungin, newly evolved strain isolated at 17 days. Partial duplication in chrI (161kb) contains ERG11",,Tac1,Clinical,human&animal,7,,,, KAK8441599,NCBI,FC17,Pakistan,Homo Sapiens
Carolus,mBio,2021,33820824,Candida auris,Erg11,Caspofungin,Duplication,7,>64 �g/mL,Evolved,"Resistance measured with MIC50. Important, F30 strain (previously exposed to fluconazole for 30 days) exposed to caspofungin, newly evolved strain isolated at 17 days. Partial duplication in chrI (161kb) contains ERG11",,Cyp51,Clinical,human&animal,7,,,, KAK8441599,NCBI,FC17,Pakistan,Homo Sapiens
Carolus,mBio,2021,33820824,Candida auris,Fks1,Caspofungin,F635del,7,>64 �g/mL,Evolved,"Resistance measured with MIC50. Important, F30 strain (previously exposed to fluconazole for 30 days) exposed to caspofungin, newly evolved strain isolated at 17 days. Partial duplication in chrI (161kb) contains ERG11",,Fks,Clinical,human&animal,7,,,, KAK8441599,NCBI,FC17,Pakistan,Homo Sapiens
Carolus,mBio,2021,33820824,Candida auris,Cis2,Caspofungin,A27T,7,>64 �g/mL,Evolved,"Resistance measured with MIC50. Important, F30 strain (previously exposed to fluconazole for 30 days) exposed to caspofungin, newly evolved strain isolated at 17 days. Partial duplication in chrI (161kb) contains ERG11",,Cis2,Clinical,human&animal,7,,,, KAK8441599,NCBI,FC17,Pakistan,Homo Sapiens
Carolus,mBio,2021,33820824,Candida auris,Pea2,Caspofungin,D367V,7,>64 �g/mL,Evolved,"Resistance measured with MIC50. Important, F30 strain (previously exposed to fluconazole for 30 days) exposed to caspofungin, newly evolved strain isolated at 17 days. Partial duplication in chrI (161kb) contains ERG11",,Pea2,Clinical,human&animal,7,,,, KAK8441599,NCBI,FC17,Pakistan,Homo Sapiens
Carolus,mBio,2021,33820824,Candida auris,Tac1B,Fluconazole,F191del,7,>64 �g/mL,Evolved,"Resistance measured with MIC50. Important, F30 strain (previously exposed to fluconazole for 30 days) exposed to caspofungin, newly evolved strain isolated at 17 days. Partial duplication in chrI (161kb) contains ERG11",,Tac1,Clinical,human&animal,7,,,, KAK8441599,NCBI,FC17,Pakistan,Homo Sapiens
Carolus,mBio,2021,33820824,Candida auris,Erg11,Fluconazole,Duplication,7,>64 �g/mL,Evolved,"Resistance measured with MIC50. Important, F30 strain (previously exposed to fluconazole for 30 days) exposed to caspofungin, newly evolved strain isolated at 17 days. Partial duplication in chrI (161kb) contains ERG11",,Cyp51,Clinical,human&animal,7,,,, KAK8441599,NCBI,FC17,Pakistan,Homo Sapiens
Carolus,mBio,2021,33820824,Candida auris,Fks1,Fluconazole,F635del,7,>64 �g/mL,Evolved,"Resistance measured with MIC50. Important, F30 strain (previously exposed to fluconazole for 30 days) exposed to caspofungin, newly evolved strain isolated at 17 days. Partial duplication in chrI (161kb) contains ERG11",,Fks,Clinical,human&animal,7,,,, KAK8441599,NCBI,FC17,Pakistan,Homo Sapiens
Carolus,mBio,2021,33820824,Candida auris,Cis2,Fluconazole,A27T,7,>64 �g/mL,Evolved,"Resistance measured with MIC50. Important, F30 strain (previously exposed to fluconazole for 30 days) exposed to caspofungin, newly evolved strain isolated at 17 days. Partial duplication in chrI (161kb) contains ERG11",,Cis2,Clinical,human&animal,7,,,, KAK8441599,NCBI,FC17,Pakistan,Homo Sapiens
Carolus,mBio,2021,33820824,Candida auris,Pea2,Fluconazole,D367V,7,>64 �g/mL,Evolved,"Resistance measured with MIC50. Important, F30 strain (previously exposed to fluconazole for 30 days) exposed to caspofungin, newly evolved strain isolated at 17 days. Partial duplication in chrI (161kb) contains ERG11",,Pea2,Clinical,human&animal,7,,,, KAK8441599,NCBI,FC17,Pakistan,Homo Sapiens
Zhu,Pesticide Biochemistry and Physiology,2022,35973770,Corynespora cassiicola,SdhB,Boscalid,I280V,7,0.7 _g/mL (logEC50),Environment,Host: Curcubits; Drug family: SDHI (succinate dehydrogenase inhibitor); ,,SdhB,Agricultural,human&plant,7,,,,BAJ07111.1,GenBank,Not indicated,Japan:ibaraki,Cucumus sativus
Zhu,Pesticide Biochemistry and Physiology,2022,35973770,Corynespora cassiicola,SdhC,Boscalid,S73P,7,0.7 _g/mL (logEC50),Environment,Host: Curcubits; Drug family: SDHI (succinate dehydrogenase inhibitor); ,,SdhC,Agricultural,human&plant,7,,,,BAJ07111.1,GenBank,Not indicated,Japan:ibaraki,Cucumus sativus
Zhu,Pesticide Biochemistry and Physiology,2022,35973770,Corynespora cassiicola,SdhB,Fluopyram,I280V,7,0.5 _g/mL (logEC50),Environment,Host: Curcubits; Drug family: SDHI (succinate dehydrogenase inhibitor); ,,SdhB,Agricultural,human&plant,7,,,,BAJ07111.1,GenBank,Not indicated,Japan:ibaraki,Cucumus sativus
Zhu,Pesticide Biochemistry and Physiology,2022,35973770,Corynespora cassiicola,SdhC,Fluopyram,S73P,7,0.5 _g/mL (logEC50),Environment,Host: Curcubits; Drug family: SDHI (succinate dehydrogenase inhibitor); ,,SdhC,Agricultural,human&plant,7,,,,BAJ07111.1,GenBank,Not indicated,Japan:ibaraki,Cucumus sativus
Zhu,Pesticide Biochemistry and Physiology,2022,35973770,Corynespora cassiicola,SdhB,Fluxapyroxad,I280V,7,-0.2 _g/mL (logEC50),Environment,Host: Curcubits; Drug family: SDHI (succinate dehydrogenase inhibitor); ,,SdhB,Agricultural,human&plant,7,,,,BAJ07111.1,GenBank,Not indicated,Japan:ibaraki,Cucumus sativus
Zhu,Pesticide Biochemistry and Physiology,2022,35973770,Corynespora cassiicola,SdhC,Fluxapyroxad,S73P,7,-0.2 _g/mL (logEC50),Environment,Host: Curcubits; Drug family: SDHI (succinate dehydrogenase inhibitor); ,,SdhC,Agricultural,human&plant,7,,,,BAJ07111.1,GenBank,Not indicated,Japan:ibaraki,Cucumus sativus
Zhu,Pesticide Biochemistry and Physiology,2022,35973770,Corynespora cassiicola,SdhB,Isopyrazam,I280V,7,0.2 _g/mL (logEC50),Environment,Host: Curcubits; Drug family: SDHI (succinate dehydrogenase inhibitor); ,,SdhB,Agricultural,human&plant,7,,,,BAJ07111.1,GenBank,Not indicated,Japan:ibaraki,Cucumus sativus
Zhu,Pesticide Biochemistry and Physiology,2022,35973770,Corynespora cassiicola,SdhC,Isopyrazam,S73P,7,0.2 _g/mL (logEC50),Environment,Host: Curcubits; Drug family: SDHI (succinate dehydrogenase inhibitor); ,,SdhC,Agricultural,human&plant,7,,,,BAJ07111.1,GenBank,Not indicated,Japan:ibaraki,Cucumus sativus
Zhu,Pesticide Biochemistry and Physiology,2022,35973770,Corynespora cassiicola,SdhB,Boscalid,I280V,7,0.5 _g/mL (logEC50),Environment,Host: Curcubits; Drug family: SDHI (succinate dehydrogenase inhibitor); ,,SdhB,Agricultural,human&plant,7,,,,BAJ07111.1,GenBank,Not indicated,Japan:ibaraki,Cucumus sativus
Zhu,Pesticide Biochemistry and Physiology,2022,35973770,Corynespora cassiicola,SdhC,Boscalid,N75S,7,0.5 _g/mL (logEC50),Environment,Host: Curcubits; Drug family: SDHI (succinate dehydrogenase inhibitor); ,,SdhC,Agricultural,human&plant,7,,,,BAJ07111.1,GenBank,Not indicated,Japan:ibaraki,Cucumus sativus
Zhu,Pesticide Biochemistry and Physiology,2022,35973770,Corynespora cassiicola,SdhB,Fluopyram,I280V,7,1.7 _g/mL (logEC50),Environment,Host: Curcubits; Drug family: SDHI (succinate dehydrogenase inhibitor); ,,SdhB,Agricultural,human&plant,7,,,,BAJ07111.1,GenBank,Not indicated,Japan:ibaraki,Cucumus sativus
Zhu,Pesticide Biochemistry and Physiology,2022,35973770,Corynespora cassiicola,SdhC,Fluopyram,N75S,7,1.7 _g/mL (logEC50),Environment,Host: Curcubits; Drug family: SDHI (succinate dehydrogenase inhibitor); ,,SdhC,Agricultural,human&plant,7,,,,BAJ07111.1,GenBank,Not indicated,Japan:ibaraki,Cucumus sativus
Zhu,Pesticide Biochemistry and Physiology,2022,35973770,Corynespora cassiicola,SdhB,Fluxapyroxad,I280V,7,0.9 _g/mL (logEC50),Environment,Host: Curcubits; Drug family: SDHI (succinate dehydrogenase inhibitor); ,,SdhB,Agricultural,human&plant,7,,,,BAJ07111.1,GenBank,Not indicated,Japan:ibaraki,Cucumus sativus
Zhu,Pesticide Biochemistry and Physiology,2022,35973770,Corynespora cassiicola,SdhC,Fluxapyroxad,N75S,7,0.9 _g/mL (logEC50),Environment,Host: Curcubits; Drug family: SDHI (succinate dehydrogenase inhibitor); ,,SdhC,Agricultural,human&plant,7,,,,BAJ07111.1,GenBank,Not indicated,Japan:ibaraki,Cucumus sativus
Zhu,Pesticide Biochemistry and Physiology,2022,35973770,Corynespora cassiicola,SdhB,Isopyrazam,I280V,7,1.4 _g/mL (logEC50),Environment,Host: Curcubits; Drug family: SDHI (succinate dehydrogenase inhibitor); ,,SdhB,Agricultural,human&plant,7,,,,BAJ07111.1,GenBank,Not indicated,Japan:ibaraki,Cucumus sativus
Zhu,Pesticide Biochemistry and Physiology,2022,35973770,Corynespora cassiicola,SdhC,Isopyrazam,N75S,7,1.4 _g/mL (logEC50),Environment,Host: Curcubits; Drug family: SDHI (succinate dehydrogenase inhibitor); ,,SdhC,Agricultural,human&plant,7,,,,BAJ07111.1,GenBank,Not indicated,Japan:ibaraki,Cucumus sativus
Zhu,Pesticide Biochemistry and Physiology,2022,35973770,Corynespora cassiicola,SdhC,Boscalid,S73P,7,1.2 _g/mL (logEC50),Environment,Host: Curcubits; Drug family: SDHI (succinate dehydrogenase inhibitor); ,,SdhB,Agricultural,human&plant,7,,,,BAJ07111.1,GenBank,Not indicated,Japan:ibaraki,Cucumus sativus
Zhu,Pesticide Biochemistry and Physiology,2022,35973770,Corynespora cassiicola,SdhC,Boscalid,N75S,7,1.2 _g/mL (logEC50),Environment,Host: Curcubits; Drug family: SDHI (succinate dehydrogenase inhibitor); ,,SdhC,Agricultural,human&plant,7,,,,BAJ07111.1,GenBank,Not indicated,Japan:ibaraki,Cucumus sativus
Zhu,Pesticide Biochemistry and Physiology,2022,35973770,Corynespora cassiicola,SdhB,Boscalid,I280V,7,0.7 _g/mL (logEC50),Environment,Host: Curcubits; Drug family: SDHI (succinate dehydrogenase inhibitor); ,,SdhB,Agricultural,human&plant,7,,,,BAJ07114.1,GenBank,Not indicated,Japan:ibaraki,Cucumus sativus
Zhu,Pesticide Biochemistry and Physiology,2022,35973770,Corynespora cassiicola,SdhC,Boscalid,S73P,7,0.7 _g/mL (logEC50),Environment,Host: Curcubits; Drug family: SDHI (succinate dehydrogenase inhibitor); ,,SdhC,Agricultural,human&plant,7,,,,BAJ07114.1,GenBank,Not indicated,Japan:ibaraki,Cucumus sativus
Zhu,Pesticide Biochemistry and Physiology,2022,35973770,Corynespora cassiicola,SdhB,Fluopyram,I280V,7,0.5 _g/mL (logEC50),Environment,Host: Curcubits; Drug family: SDHI (succinate dehydrogenase inhibitor); ,,SdhB,Agricultural,human&plant,7,,,,BAJ07114.1,GenBank,Not indicated,Japan:ibaraki,Cucumus sativus
Zhu,Pesticide Biochemistry and Physiology,2022,35973770,Corynespora cassiicola,SdhC,Fluopyram,S73P,7,0.5 _g/mL (logEC50),Environment,Host: Curcubits; Drug family: SDHI (succinate dehydrogenase inhibitor); ,,SdhC,Agricultural,human&plant,7,,,,BAJ07114.1,GenBank,Not indicated,Japan:ibaraki,Cucumus sativus
Zhu,Pesticide Biochemistry and Physiology,2022,35973770,Corynespora cassiicola,SdhB,Fluxapyroxad,I280V,7,-0.2 _g/mL (logEC50),Environment,Host: Curcubits; Drug family: SDHI (succinate dehydrogenase inhibitor); ,,SdhB,Agricultural,human&plant,7,,,,BAJ07114.1,GenBank,Not indicated,Japan:ibaraki,Cucumus sativus
Zhu,Pesticide Biochemistry and Physiology,2022,35973770,Corynespora cassiicola,SdhC,Fluxapyroxad,S73P,7,-0.2 _g/mL (logEC50),Environment,Host: Curcubits; Drug family: SDHI (succinate dehydrogenase inhibitor); ,,SdhC,Agricultural,human&plant,7,,,,BAJ07114.1,GenBank,Not indicated,Japan:ibaraki,Cucumus sativus
Zhu,Pesticide Biochemistry and Physiology,2022,35973770,Corynespora cassiicola,SdhB,Isopyrazam,I280V,7,0.2 _g/mL (logEC50),Environment,Host: Curcubits; Drug family: SDHI (succinate dehydrogenase inhibitor); ,,SdhB,Agricultural,human&plant,7,,,,BAJ07114.1,GenBank,Not indicated,Japan:ibaraki,Cucumus sativus
Zhu,Pesticide Biochemistry and Physiology,2022,35973770,Corynespora cassiicola,SdhC,Isopyrazam,S73P,7,0.2 _g/mL (logEC50),Environment,Host: Curcubits; Drug family: SDHI (succinate dehydrogenase inhibitor); ,,SdhC,Agricultural,human&plant,7,,,,BAJ07114.1,GenBank,Not indicated,Japan:ibaraki,Cucumus sativus
Zhu,Pesticide Biochemistry and Physiology,2022,35973770,Corynespora cassiicola,SdhB,Boscalid,I280V,7,0.5 _g/mL (logEC50),Environment,Host: Curcubits; Drug family: SDHI (succinate dehydrogenase inhibitor); ,,SdhB,Agricultural,human&plant,7,,,,BAJ07114.1,GenBank,Not indicated,Japan:ibaraki,Cucumus sativus
Zhu,Pesticide Biochemistry and Physiology,2022,35973770,Corynespora cassiicola,SdhC,Boscalid,N75S,7,0.5 _g/mL (logEC50),Environment,Host: Curcubits; Drug family: SDHI (succinate dehydrogenase inhibitor); ,,SdhC,Agricultural,human&plant,7,,,,BAJ07114.1,GenBank,Not indicated,Japan:ibaraki,Cucumus sativus
Zhu,Pesticide Biochemistry and Physiology,2022,35973770,Corynespora cassiicola,SdhB,Fluopyram,I280V,7,1.7 _g/mL (logEC50),Environment,Host: Curcubits; Drug family: SDHI (succinate dehydrogenase inhibitor); ,,SdhB,Agricultural,human&plant,7,,,,BAJ07114.1,GenBank,Not indicated,Japan:ibaraki,Cucumus sativus
Zhu,Pesticide Biochemistry and Physiology,2022,35973770,Corynespora cassiicola,SdhC,Fluopyram,N75S,7,1.7 _g/mL (logEC50),Environment,Host: Curcubits; Drug family: SDHI (succinate dehydrogenase inhibitor); ,,SdhC,Agricultural,human&plant,7,,,,BAJ07114.1,GenBank,Not indicated,Japan:ibaraki,Cucumus sativus
Zhu,Pesticide Biochemistry and Physiology,2022,35973770,Corynespora cassiicola,SdhB,Fluxapyroxad,I280V,7,0.9 _g/mL (logEC50),Environment,Host: Curcubits; Drug family: SDHI (succinate dehydrogenase inhibitor); ,,SdhB,Agricultural,human&plant,7,,,,BAJ07114.1,GenBank,Not indicated,Japan:ibaraki,Cucumus sativus
Zhu,Pesticide Biochemistry and Physiology,2022,35973770,Corynespora cassiicola,SdhC,Fluxapyroxad,N75S,7,0.9 _g/mL (logEC50),Environment,Host: Curcubits; Drug family: SDHI (succinate dehydrogenase inhibitor); ,,SdhC,Agricultural,human&plant,7,,,,BAJ07114.1,GenBank,Not indicated,Japan:ibaraki,Cucumus sativus
Zhu,Pesticide Biochemistry and Physiology,2022,35973770,Corynespora cassiicola,SdhB,Isopyrazam,I280V,7,1.4 _g/mL (logEC50),Environment,Host: Curcubits; Drug family: SDHI (succinate dehydrogenase inhibitor); ,,SdhB,Agricultural,human&plant,7,,,,BAJ07114.1,GenBank,Not indicated,Japan:ibaraki,Cucumus sativus
Zhu,Pesticide Biochemistry and Physiology,2022,35973770,Corynespora cassiicola,SdhC,Isopyrazam,N75S,7,1.4 _g/mL (logEC50),Environment,Host: Curcubits; Drug family: SDHI (succinate dehydrogenase inhibitor); ,,SdhC,Agricultural,human&plant,7,,,,BAJ07114.1,GenBank,Not indicated,Japan:ibaraki,Cucumus sativus
Zhu,Pesticide Biochemistry and Physiology,2022,35973770,Corynespora cassiicola,SdhC,Boscalid,S73P,7,1.2 _g/mL (logEC50),Environment,Host: Curcubits; Drug family: SDHI (succinate dehydrogenase inhibitor); ,,SdhC,Agricultural,human&plant,7,,,,BAJ07114.1,GenBank,Not indicated,Japan:ibaraki,Cucumus sativus
Zhu,Pesticide Biochemistry and Physiology,2022,35973770,Corynespora cassiicola,SdhC,Boscalid,N75S,7,1.2 _g/mL (logEC50),Environment,Host: Curcubits; Drug family: SDHI (succinate dehydrogenase inhibitor); ,,SdhC,Agricultural,human&plant,7,,,,BAJ07114.1,GenBank,Not indicated,Japan:ibaraki,Cucumus sativus
Zhu,Pesticide Biochemistry and Physiology,2022,35973770,Corynespora cassiicola,SdhC,Fluopyram,S73P,7,1.5 _g/mL (logEC50),Environment,Host: Curcubits; Drug family: SDHI (succinate dehydrogenase inhibitor); ,,SdhC,Agricultural,human&plant,7,,,,BAJ07114.1,GenBank,Not indicated,Japan:ibaraki,Cucumus sativus
Zhu,Pesticide Biochemistry and Physiology,2022,35973770,Corynespora cassiicola,SdhC,Fluopyram,N75S,7,1.5 _g/mL (logEC50),Environment,Host: Curcubits; Drug family: SDHI (succinate dehydrogenase inhibitor); ,,SdhC,Agricultural,human&plant,7,,,,BAJ07114.1,GenBank,Not indicated,Japan:ibaraki,Cucumus sativus
Zhu,Pesticide Biochemistry and Physiology,2022,35973770,Corynespora cassiicola,SdhC,Fluxapyroxad,S73P,7,0.7 _g/mL (logEC50),Environment,Host: Curcubits; Drug family: SDHI (succinate dehydrogenase inhibitor); ,,SdhC,Agricultural,human&plant,7,,,,BAJ07114.1,GenBank,Not indicated,Japan:ibaraki,Cucumus sativus
Zhu,Pesticide Biochemistry and Physiology,2022,35973770,Corynespora cassiicola,SdhC,Fluxapyroxad,N75S,7,0.7 _g/mL (logEC50),Environment,Host: Curcubits; Drug family: SDHI (succinate dehydrogenase inhibitor); ,,SdhC,Agricultural,human&plant,7,,,,BAJ07114.1,GenBank,Not indicated,Japan:ibaraki,Cucumus sativus
Zhu,Pesticide Biochemistry and Physiology,2022,35973770,Corynespora cassiicola,SdhC,Isopyrazam,S73P,7,0.4 _g/mL (logEC50),Environment,Host: Curcubits; Drug family: SDHI (succinate dehydrogenase inhibitor); ,,SdhC,Agricultural,human&plant,7,,,,BAJ07114.1,GenBank,Not indicated,Japan:ibaraki,Cucumus sativus
Zhu,Pesticide Biochemistry and Physiology,2022,35973770,Corynespora cassiicola,SdhC,Isopyrazam,N75S,7,0.4 _g/mL (logEC50),Environment,Host: Curcubits; Drug family: SDHI (succinate dehydrogenase inhibitor); ,,SdhC,Agricultural,human&plant,7,,,,BAJ07114.1,GenBank,Not indicated,Japan:ibaraki,Cucumus sativus
Stammler,Crop Protection,2008,https://doi.org/10.1016/j.cropro.2008.07.007,Zymoseptoria tritici,Cyp51,Epoxiconazole,I381V,7,0.14 _g/mL (ED50),Environment,Host: Wheat; Drug family: Azole; ,Mycosphaerella graminicola,Cyp51,Agricultural,plant,7,,,,AKA94187.1,GenBank,R6a1,USA:Oregon,
Stammler,Crop Protection,2008,https://doi.org/10.1016/j.cropro.2008.07.007,Zymoseptoria tritici,Cyp51,Epoxiconazole,Y459N,7,0.14 _g/mL (ED50),Environment,Host: Wheat; Drug family: Azole; ,Mycosphaerella graminicola,Cyp51,Agricultural,plant,7,,,,AKA94187.1,GenBank,R6a1,USA:Oregon,
Matsuzaki,Plant Pathology,2020,https://doi.org/10.1111/ppa.13298,Puccinia horiana,SdhC,Kresoxim-methyl,L275F,7,0.61 _g/mL (EC50),Lab,Host: Chrysanthemum; Drug family: Quinone-outside inhibitor; L275F and L299F confers resistance to Qol,,SdhC,Agricultural,plant,7,,,,BCT98157.1,GenBank,CWR1,Japan:Hyogo,Chrysanthemum morifolium
Matsuzaki,Plant Pathology,2020,https://doi.org/10.1111/ppa.13298,Puccinia horiana,SdhC,Kresoxim-methyl,I88F,7,0.61 _g/mL (EC50),Lab,Host: Chrysanthemum; Drug family: Quinone-outside inhibitor; L275F and L299F confers resistance to Qol,,SdhC,Agricultural,plant,7,,,,BCT98157.1,GenBank,CWR1,Japan:Hyogo,Chrysanthemum morifolium
Matsuzaki,Plant Pathology,2020,https://doi.org/10.1111/ppa.13298,Puccinia horiana,Cytb,Kresoxim-methyl,L299F,7,0.61 _g/mL (EC50),Lab,Host: Chrysanthemum; Drug family: Quinone-outside inhibitor; L275F and L299F confers resistance to Qol,,Cytochrome b,Agricultural,plant,7,,,,BCT98157.1,GenBank,CWR1,Japan:Hyogo,Chrysanthemum morifolium
Matsuzaki,Plant Pathology,2020,https://doi.org/10.1111/ppa.13298,Puccinia horiana,SdhC,Kresoxim-methyl,L275F,7,0.61 _g/mL (EC50),Lab,Host: Chrysanthemum; Drug family: Quinone-outside inhibitor; L275F and L299F confers resistance to Qol,,SdhC,Agricultural,plant,7,,,,BCT98157.1,GenBank,CWR1,Japan:Hyogo,Chrysanthemum morifolium
Matsuzaki,Plant Pathology,2020,https://doi.org/10.1111/ppa.13298,Puccinia horiana,SdhC,Kresoxim-methyl,I88F,7,0.61 _g/mL (EC50),Lab,Host: Chrysanthemum; Drug family: Quinone-outside inhibitor; L275F and L299F confers resistance to Qol,,SdhC,Agricultural,plant,7,,,,BCT98157.1,GenBank,CWR1,Japan:Hyogo,Chrysanthemum morifolium
Matsuzaki,Plant Pathology,2020,https://doi.org/10.1111/ppa.13298,Puccinia horiana,Cytb,Kresoxim-methyl,L299F,7,59.8 _g/mL (EC50),Lab,Host: Chrysanthemum; Drug family: SDHI (succinate dehydrogenase inhibitor); I88F confers resistance to SHDI,,Cytochrome b,Agricultural,plant,7,,,,BCT98157.1,GenBank,CWR1,Japan:Hyogo,Chrysanthemum morifolium
Matsuzaki,Plant Pathology,2020,https://doi.org/10.1111/ppa.13298,Puccinia horiana,SdhC,Kresoxim-methyl,L275F,7,59.8 _g/mL (EC50),Lab,Host: Chrysanthemum; Drug family: SDHI (succinate dehydrogenase inhibitor); I88F confers resistance to SHDI,,SdhC,Agricultural,plant,7,,,,BCT98157.1,GenBank,CWR1,Japan:Hyogo,Chrysanthemum morifolium
Matsuzaki,Plant Pathology,2020,https://doi.org/10.1111/ppa.13298,Puccinia horiana,SdhC,Kresoxim-methyl,I88F,7,59.8 _g/mL (EC50),Lab,Host: Chrysanthemum; Drug family: SDHI (succinate dehydrogenase inhibitor); I88F confers resistance to SHDI,,SdhC,Agricultural,plant,7,,,,BCT98157.1,GenBank,CWR1,Japan:Hyogo,Chrysanthemum morifolium
Matsuzaki,Plant Pathology,2020,https://doi.org/10.1111/ppa.13298,Puccinia horiana,Cytb,Kresoxim-methyl,L299F,7,59.8 _g/mL (EC50),Lab,Host: Chrysanthemum; Drug family: SDHI (succinate dehydrogenase inhibitor); I88F confers resistance to SHDI,,Cytochrome b,Agricultural,plant,7,,,,BCT98157.1,GenBank,CWR1,Japan:Hyogo,Chrysanthemum morifolium
Matsuzaki,Plant Pathology,2020,https://doi.org/10.1111/ppa.13298,Puccinia horiana,SdhC,Kresoxim-methyl,L275F,7,59.8 _g/mL (EC50),Lab,Host: Chrysanthemum; Drug family: SDHI (succinate dehydrogenase inhibitor); I88F confers resistance to SHDI,,SdhC,Agricultural,plant,7,,,,BCT98157.1,GenBank,CWR1,Japan:Hyogo,Chrysanthemum morifolium
Matsuzaki,Plant Pathology,2020,https://doi.org/10.1111/ppa.13298,Puccinia horiana,SdhC,Kresoxim-methyl,I88F,7,59.8 _g/mL (EC50),Lab,Host: Chrysanthemum; Drug family: SDHI (succinate dehydrogenase inhibitor); I88F confers resistance to SHDI,,SdhC,Agricultural,plant,7,,,,BCT98157.1,GenBank,CWR1,Japan:Hyogo,Chrysanthemum morifolium
Matsuzaki,Plant Pathology,2020,https://doi.org/10.1111/ppa.13298,Puccinia horiana,Cytb,Kresoxim-methyl,L299F,7,0.61 _g/mL (EC50),Lab,Host: Chrysanthemum; Drug family: Quinone-outside inhibitor; L275F and L299F confers resistance to Qol,,Cytochrome b,Agricultural,plant,7,,,,BCL56287.1,GenBank,CWR1,Japan:Nara,Chrysanthemum indicum
Matsuzaki,Plant Pathology,2020,https://doi.org/10.1111/ppa.13298,Puccinia horiana,SdhC,Kresoxim-methyl,L275F,7,0.61 _g/mL (EC50),Lab,Host: Chrysanthemum; Drug family: Quinone-outside inhibitor; L275F and L299F confers resistance to Qol,,SdhC,Agricultural,plant,7,,,,BCL56287.1,GenBank,CWR1,Japan:Nara,Chrysanthemum indicum
Matsuzaki,Plant Pathology,2020,https://doi.org/10.1111/ppa.13298,Puccinia horiana,SdhC,Kresoxim-methyl,I88F,7,0.61 _g/mL (EC50),Lab,Host: Chrysanthemum; Drug family: Quinone-outside inhibitor; L275F and L299F confers resistance to Qol,,SdhC,Agricultural,plant,7,,,,BCL56287.1,GenBank,CWR1,Japan:Nara,Chrysanthemum indicum
Matsuzaki,Plant Pathology,2020,https://doi.org/10.1111/ppa.13298,Puccinia horiana,Cytb,Kresoxim-methyl,L299F,7,0.0466 _g/mL (EC50),Lab,Host: Chrysanthemum; Drug family: Quinone-outside inhibitor; L275F and L299F confers resistance to Qol,,Cytochrome b,Agricultural,plant,7,,,,BCL56287.1,GenBank,CWR1,Japan:Nara,Chrysanthemum indicum
Matsuzaki,Plant Pathology,2020,https://doi.org/10.1111/ppa.13298,Puccinia horiana,SdhC,Kresoxim-methyl,L275F,7,0.0466 _g/mL (EC50),Lab,Host: Chrysanthemum; Drug family: Quinone-outside inhibitor; L275F and L299F confers resistance to Qol,,SdhC,Agricultural,plant,7,,,,BCL56287.1,GenBank,CWR1,Japan:Nara,Chrysanthemum indicum
Matsuzaki,Plant Pathology,2020,https://doi.org/10.1111/ppa.13298,Puccinia horiana,SdhC,Kresoxim-methyl,I88F,7,0.0466 _g/mL (EC50),Lab,Host: Chrysanthemum; Drug family: Quinone-outside inhibitor; L275F and L299F confers resistance to Qol,,SdhC,Agricultural,plant,7,,,,BCL56287.1,GenBank,CWR1,Japan:Nara,Chrysanthemum indicum
Matsuzaki,Plant Pathology,2020,https://doi.org/10.1111/ppa.13298,Puccinia horiana,Cytb,Oxycarboxin,L299F,7,59.8 _g/mL (EC50),Lab,Host: Chrysanthemum; Drug family: SDHI (succinate dehydrogenase inhibitor); I88F confers resistance to SHDI,,Cytochrome b,Agricultural,plant,7,,,,BCL56287.1,GenBank,CWR1,Japan:Nara,Chrysanthemum indicum
Matsuzaki,Plant Pathology,2020,https://doi.org/10.1111/ppa.13298,Puccinia horiana,SdhC,Oxycarboxin,L275F,7,59.8 _g/mL (EC50),Lab,Host: Chrysanthemum; Drug family: SDHI (succinate dehydrogenase inhibitor); I88F confers resistance to SHDI,,SdhC,Agricultural,plant,7,,,,BCL56287.1,GenBank,CWR1,Japan:Nara,Chrysanthemum indicum
Matsuzaki,Plant Pathology,2020,https://doi.org/10.1111/ppa.13298,Puccinia horiana,SdhC,Oxycarboxin,I88F,7,59.8 _g/mL (EC50),Lab,Host: Chrysanthemum; Drug family: SDHI (succinate dehydrogenase inhibitor); I88F confers resistance to SHDI,,SdhC,Agricultural,plant,7,,,,BCL56287.1,GenBank,CWR1,Japan:Nara,Chrysanthemum indicum